customer_id,company_name,contact_person,email,phone,country_code,city,industry,customer_type,tier,annual_revenue_usd,employee_count,years_as_customer,acquisition_date,first_order_date,last_order_date,total_orders,total_spend_usd,avg_order_value_usd,avg_payment_days,satisfaction_score,nps_score,retention_probability,churn_risk,lifetime_value_usd,credit_limit_usd,current_outstanding_usd,payment_terms,preferred_currency,preferred_language,preferred_contact,account_manager,status,segment,tags
CUS-0001,South Africa Supply 001,Kenji Patel,procurement001@customer.example.com,+1-555-0001,ZA,Johannesburg,Food & Beverage,Mid-Market,Platinum,244074771.63,44041,7,2017-10-04,2017-11-03,2024-01-16,232,18261285.67,406019.8,104,54.05,25,36.05,91.35,173590721.71,11254428.0,563216.08,Net 45,ZAR,hi,email,AM-11,suspended,platinum,"[""vip"", ""payment_dispute""]"
CUS-0002,Australia Commerce 002,Elena Garcia,procurement002@customer.example.com,+1-555-0002,AU,Melbourne,Logistics,Enterprise,Platinum,93813777.16,27132,7,2017-02-22,2017-04-24,2024-10-15,115,5277523.26,203849.6,63,69.76,83,42.17,82.61,39767318.15,2465351.94,401763.12,Net 30,AUD,es,portal,AM-15,suspended,platinum,"[""vip"", ""payment_dispute""]"
CUS-0003,Japan Holdings 003,Elena Kim,procurement003@customer.example.com,+1-555-0003,JP,Tokyo,Electronics,Mid-Market,Platinum,1418153360.09,632,4,2020-11-01,2021-01-23,2024-03-18,127,60148017.58,2511298.87,103,78.91,37,42.62,81.96,374924693.94,41793643.58,19633766.67,Net 60,JPY,es,phone,AM-16,suspended,platinum,"[""vip"", ""payment_dispute""]"
CUS-0004,China Commerce 004,Sofia Muller,procurement004@customer.example.com,+1-555-0004,CN,Shanghai,Healthcare,Small Business,Platinum,236331928.17,33734,5,2019-06-18,2019-09-14,2024-02-05,200,15354532.64,462402.63,57,67.54,-4,35.16,92.63,167652280.44,15817513.82,834814.92,Net 60,CNY,hi,portal,AM-02,at_risk,platinum,"[""vip"", ""payment_dispute""]"
CUS-0005,South Korea Industrial 005,Liam Kim,procurement005@customer.example.com,+1-555-0005,KR,Seoul,Healthcare,Mid-Market,Platinum,786352442.25,30623,6,2018-01-17,2018-02-09,2024-01-04,121,64322139.22,2079572.18,24,85.29,69,36.5,90.71,383727498.65,56454463.95,5493090.34,Net 60,KRW,hi,phone,AM-11,at_risk,platinum,"[""vip"", ""payment_dispute""]"
CUS-0006,Turkey Commerce 006,Kenji Garcia,procurement006@customer.example.com,+1-555-0006,TR,Istanbul,Construction,Mid-Market,Platinum,1160303938.59,1761,6,2018-11-24,2018-12-04,2024-07-25,28,153281149.92,15714547.91,33,57.01,49,41.24,83.95,673185209.2,88389363.91,10461526.15,Net 45,TRY,ja,email,AM-14,at_risk,platinum,"[""vip"", ""loyal""]"
CUS-0007,India Supply 007,Aarav Garcia,procurement007@customer.example.com,+1-555-0007,IN,Chennai,Construction,Mid-Market,Platinum,1996376690.89,21566,3,2021-06-14,2021-09-02,2024-10-02,16,181885016.03,31756900.61,87,50.02,13,38.17,88.33,490477306.85,29176073.22,25780202.93,Net 30,INR,en,portal,AM-22,at_risk,platinum,"[""vip"", """"]"
CUS-0008,Turkey Commerce 008,Aarav Chen,procurement008@customer.example.com,+1-555-0008,TR,Ankara,Fashion,Mid-Market,Platinum,819797987.64,477,4,2020-08-10,2020-10-31,2024-02-07,121,93528788.55,1564186.86,86,71.63,78,44.65,79.08,403757084.13,37559213.74,10617523.69,Net 30,TRY,es,email,AM-14,at_risk,platinum,"[""vip"", """"]"
CUS-0009,Germany Supply 009,Elena Kim,procurement009@customer.example.com,+1-555-0009,DE,Frankfurt,Agriculture,Small Business,Platinum,476434494.54,3203,1,2023-05-06,2023-05-20,2024-08-05,247,25857461.87,339998.83,24,94.38,-17,45.39,78.02,235506320.74,21317154.37,573494.43,Net 90,EUR,ja,email,AM-12,at_risk,platinum,"[""vip"", """"]"
CUS-0010,Australia Holdings 010,Liam Muller,procurement010@customer.example.com,+1-555-0010,AU,Brisbane,Retail,Mid-Market,Platinum,1904887060.44,31745,3,2021-08-03,2021-08-29,2024-09-15,234,196770661.05,3016773.98,49,64.66,74,45.32,78.12,316420251.61,84559000.68,20499694.06,Net 45,AUD,de,email,AM-06,at_risk,platinum,"[""vip"", """"]"
CUS-0011,Brazil Technology 011,Kenji Chen,procurement011@customer.example.com,+1-555-0011,BR,Sao Paulo,Electronics,Mid-Market,Silver,477462306.07,2553,3,2021-04-23,2021-06-19,2024-11-05,205,58807036.52,354273.48,81,64.31,51,42.45,82.22,220738202.35,17499195.62,3429726.09,Net 90,BRL,ja,email,AM-08,at_risk,silver,"["""", """"]"
CUS-0012,Japan Commerce 012,Maya Chen,procurement012@customer.example.com,+1-555-0012,JP,Tokyo,Logistics,Startup,Bronze,77557349.26,45026,8,2016-11-25,2017-01-02,2024-03-03,123,6973528.66,98470.26,82,53.48,54,37.17,89.75,22670721.13,4079294.08,263241.98,Net 45,JPY,es,portal,AM-21,at_risk,bronze,"["""", ""loyal""]"
CUS-0013,Mexico Holdings 013,Kenji Garcia,procurement013@customer.example.com,+1-555-0013,MX,Mexico City,Retail,Mid-Market,Silver,45227450.45,22406,9,2015-07-19,2015-09-07,2024-01-20,57,5528786.62,328535.16,99,61.99,-20,44.9,78.71,32499569.58,2335740.67,436102.32,Net 60,MXN,zh,email,AM-20,at_risk,silver,"["""", ""loyal""]"
CUS-0014,Canada Holdings 014,Aarav Patel,procurement014@customer.example.com,+1-555-0014,CA,Toronto,Automotive,Startup,Gold,549818233.85,24334,1,2023-03-08,2023-04-22,2024-01-16,244,32706941.77,875369.64,75,52.65,67,40.88,84.45,168656471.54,27430132.72,2911856.09,Net 45,CAD,hi,email,AM-21,at_risk,gold,"["""", """"]"
CUS-0015,South Korea Supply 015,Liam Garcia,procurement015@customer.example.com,+1-555-0015,KR,Incheon,Pharma,Mid-Market,Silver,281804000.08,35959,7,2017-10-05,2017-10-18,2024-02-14,162,33984600.5,763817.67,64,82.12,12,41.94,82.95,105433239.47,18846074.21,2775474.27,Net 30,KRW,de,email,AM-09,at_risk,silver,"["""", ""loyal""]"
CUS-0016,United States Holdings 016,Sofia Kim,procurement016@customer.example.com,+1-555-0016,US,San Jose,Construction,Small Business,Silver,442172473.36,16238,4,2020-05-07,2020-05-27,2024-10-11,183,29988544.45,535788.25,37,55.63,15,48.57,73.47,316633108.94,31014418.03,3185240.25,Net 45,USD,zh,portal,AM-11,at_risk,silver,"["""", """"]"
CUS-0017,Turkey Supply 017,Sofia Muller,procurement017@customer.example.com,+1-555-0017,TR,Bursa,Healthcare,Mid-Market,Bronze,88177818.52,5867,3,2021-10-13,2022-01-04,2024-08-14,33,8557724.43,1055078.29,65,98.38,78,35.59,92.01,24666651.28,4030188.98,1133571.39,Net 45,TRY,zh,portal,AM-20,at_risk,bronze,"["""", """"]"
CUS-0018,Japan Holdings 018,Sofia Smith,procurement018@customer.example.com,+1-555-0018,JP,Osaka,Pharma,Small Business,Silver,271224452.04,47055,2,2022-01-14,2022-03-10,2024-10-06,248,34495936.43,247309.6,46,86.03,56,37.61,89.13,106656060.62,6621299.72,89842.34,Net 60,JPY,es,phone,AM-10,at_risk,silver,"["""", """"]"
CUS-0019,Vietnam Holdings 019,Sofia Chen,procurement019@customer.example.com,+1-555-0019,VN,Ho Chi Minh City,Agriculture,Startup,Silver,359358529.2,296,1,2023-01-19,2023-02-11,2024-09-24,97,34796283.62,1411195.07,67,95.87,75,38.94,87.23,259696675.96,7538037.75,3823803.26,Net 45,VND,de,email,AM-10,at_risk,silver,"["""", """"]"
CUS-0020,South Africa Technology 020,Sofia Kim,procurement020@customer.example.com,+1-555-0020,ZA,Johannesburg,Construction,Small Business,Silver,301543929.77,44920,9,2015-11-19,2016-01-13,2024-10-07,210,26687901.97,325360.02,88,71.12,24,49.01,72.84,162540137.19,6775480.74,4127481.98,Net 90,ZAR,de,phone,AM-19,at_risk,silver,"["""", ""loyal""]"
CUS-0021,Turkey Industrial 021,Aarav Muller,procurement021@customer.example.com,+1-555-0021,TR,Istanbul,Construction,Enterprise,Platinum,1396761623.08,2255,8,2016-01-09,2016-03-27,2024-03-24,225,75368975.18,1091842.71,89,91.43,53,73.81,37.42,1083545528.19,21948946.49,5634617.62,Net 60,TRY,es,phone,AM-11,active,platinum,"["""", ""loyal""]"
CUS-0022,Germany Industrial 022,Kenji Patel,procurement022@customer.example.com,+1-555-0022,DE,Stuttgart,Pharma,Small Business,Bronze,134117895.33,8780,7,2017-03-05,2017-05-16,2024-04-20,132,6788025.94,328612.18,76,60.56,60,86.01,19.98,22238660.09,10485503.43,351363.61,Net 60,EUR,zh,portal,AM-12,active,bronze,"["""", ""loyal""]"
CUS-0023,Japan Industrial 023,Liam Muller,procurement023@customer.example.com,+1-555-0023,JP,Yokohama,Aerospace,Mid-Market,Silver,92286041.92,39998,4,2020-01-14,2020-02-04,2024-09-04,249,8227763.02,145260.57,87,83.23,14,73.36,38.05,30662056.01,7090486.43,937883.3,Net 90,JPY,ja,portal,AM-17,active,silver,"["""", """"]"
CUS-0024,United States Supply 024,Aarav Garcia,procurement024@customer.example.com,+1-555-0024,US,San Jose,Aerospace,Small Business,Silver,401265266.16,15232,5,2019-09-10,2019-11-09,2024-08-24,13,29701415.61,8653918.21,86,70.28,15,81.46,26.49,167596483.67,29358541.8,1898178.02,Net 45,USD,hi,email,AM-08,active,silver,"["""", ""loyal""]"
CUS-0025,Turkey Technology 025,Sofia Chen,procurement025@customer.example.com,+1-555-0025,TR,Ankara,Technology,Startup,Platinum,310189693.5,10231,5,2019-02-20,2019-03-03,2024-12-11,240,7650390.24,262050.55,36,93.48,83,84.34,22.37,243042993.98,21520844.93,2850000.15,Net 90,TRY,en,portal,AM-02,active,platinum,"["""", ""loyal""]"
CUS-0026,Mexico Commerce 026,Kenji Garcia,procurement026@customer.example.com,+1-555-0026,MX,Monterrey,Construction,Small Business,Silver,265327048.16,27877,6,2018-08-09,2018-10-07,2024-05-04,17,39113049.84,5412912.8,44,53.22,28,81.31,26.7,108472895.9,12619097.43,2764307.35,Net 60,MXN,ja,portal,AM-19,active,silver,"["""", ""loyal""]"
CUS-0027,South Africa Industrial 027,Elena Muller,procurement027@customer.example.com,+1-555-0027,ZA,Cape Town,Healthcare,Enterprise,Bronze,73326860.99,47956,3,2021-07-04,2021-07-19,2024-09-02,117,10146616.34,281691.44,85,84.16,39,93.47,9.33,47223006.91,5432169.45,1564.27,Net 90,ZAR,es,portal,AM-16,active,bronze,"["""", """"]"
CUS-0028,Poland Supply 028,Aarav Smith,procurement028@customer.example.com,+1-555-0028,PL,Warsaw,Agriculture,Enterprise,Gold,766858195.5,34606,4,2020-02-14,2020-03-16,2024-07-11,60,17695474.17,2190519.18,58,46.39,49,92.6,10.57,295206747.89,21624610.68,507550.44,Net 30,PLN,hi,portal,AM-06,active,gold,"["""", """"]"
CUS-0029,Poland Commerce 029,Aarav Smith,procurement029@customer.example.com,+1-555-0029,PL,Wroclaw,Logistics,Enterprise,Silver,77751507.66,32568,2,2022-09-08,2022-09-22,2024-07-02,31,10907688.69,580185.07,34,53.71,66,88.04,17.08,38991829.46,4624464.76,839425.22,Net 45,PLN,zh,phone,AM-18,active,silver,"["""", """"]"
CUS-0030,United States Technology 030,Kenji Muller,procurement030@customer.example.com,+1-555-0030,US,San Jose,Electronics,Startup,Silver,467188157.22,14924,9,2015-11-04,2015-12-31,2024-09-01,212,10199817.09,772139.39,23,63.38,26,74.48,36.46,331624263.12,15161915.09,1992265.68,Net 30,USD,zh,email,AM-12,active,silver,"["""", ""loyal""]"
CUS-0031,South Korea Holdings 031,Kenji Kim,procurement031@customer.example.com,+1-555-0031,KR,Daegu,Construction,Enterprise,Silver,252610822.85,39371,6,2018-10-19,2018-10-25,2024-08-18,30,24494462.32,3170413.12,18,55.86,12,72.9,38.72,58638497.95,5487866.98,1598755.1,Net 90,KRW,hi,phone,AM-18,active,silver,"["""", ""loyal""]"
CUS-0032,India Supply 032,Liam Kim,procurement032@customer.example.com,+1-555-0032,IN,Chennai,Healthcare,Mid-Market,Gold,586244047.37,43972,9,2015-07-07,2015-08-14,2024-08-07,163,26909149.58,729396.14,26,76.12,19,72.38,39.45,313826362.54,43199396.3,5422512.11,Net 60,INR,de,email,AM-02,active,gold,"["""", ""loyal""]"
CUS-0033,Turkey Holdings 033,Kenji Kim,procurement033@customer.example.com,+1-555-0033,TR,Bursa,Construction,Mid-Market,Platinum,1385375110.45,11605,3,2021-07-19,2021-10-02,2024-10-06,89,115051413.23,3563057.62,69,94.93,21,77.49,32.16,236706586.51,47043483.1,811541.81,Net 45,TRY,en,portal,AM-16,active,platinum,"["""", """"]"
CUS-0034,Australia Industrial 034,Maya Garcia,procurement034@customer.example.com,+1-555-0034,AU,Melbourne,Pharma,Small Business,Gold,179799608.59,27697,8,2016-12-01,2016-12-10,2024-10-16,123,19756938.16,269185.18,27,94.78,54,78.91,30.13,33320871.79,9932150.96,820578.01,Net 90,AUD,zh,phone,AM-21,active,gold,"["""", ""loyal""]"
CUS-0035,South Africa Holdings 035,Sofia Patel,procurement035@customer.example.com,+1-555-0035,ZA,Cape Town,Aerospace,Mid-Market,Platinum,1842477711.23,14050,5,2019-08-02,2019-09-08,2024-09-19,219,182679479.04,2228122.32,88,56.65,53,95.76,6.05,788397896.33,116835234.94,12629273.59,Net 45,ZAR,es,portal,AM-21,active,platinum,"["""", ""loyal""]"
CUS-0036,China Holdings 036,Sofia Smith,procurement036@customer.example.com,+1-555-0036,CN,Shanghai,Telecom,Startup,Silver,395600072.62,26713,5,2019-06-16,2019-08-22,2024-09-19,98,49369456.7,612810.3,20,89.12,36,96.26,5.34,82750210.23,27775858.31,3853736.83,Net 45,CNY,zh,email,AM-08,active,silver,"["""", ""loyal""]"
CUS-0037,Turkey Commerce 037,Sofia Kim,procurement037@customer.example.com,+1-555-0037,TR,Bursa,Aerospace,Mid-Market,Bronze,77655120.92,48450,6,2018-11-08,2018-12-26,2024-04-10,155,6173387.77,116464.59,26,71.42,21,86.45,19.36,41234841.66,3723469.55,209358.79,Net 60,TRY,hi,portal,AM-07,active,bronze,"["""", ""loyal""]"
CUS-0038,Brazil Industrial 038,Sofia Muller,procurement038@customer.example.com,+1-555-0038,BR,Curitiba,Electronics,Mid-Market,Bronze,8514063.77,25825,3,2021-02-23,2021-05-07,2024-12-05,73,445734.69,43099.14,26,95.49,17,84.35,22.36,5485556.81,628089.14,91864.0,Net 90,BRL,es,phone,AM-02,active,bronze,"["""", """"]"
CUS-0039,South Africa Industrial 039,Kenji Smith,procurement039@customer.example.com,+1-555-0039,ZA,Durban,Pharma,Small Business,Platinum,865925361.53,36790,9,2015-12-07,2016-02-25,2024-12-15,224,70833549.58,1211219.67,39,87.26,79,89.21,15.42,634971784.53,23924790.58,12610306.05,Net 90,ZAR,en,email,AM-15,active,platinum,"["""", ""loyal""]"
CUS-0040,Mexico Holdings 040,Elena Patel,procurement040@customer.example.com,+1-555-0040,MX,Mexico City,Manufacturing,Small Business,Gold,27161264.78,34202,3,2021-06-02,2021-06-16,2024-11-02,88,2943466.32,49401.2,53,84.32,27,90.37,13.75,17929436.71,1057987.79,42041.08,Net 45,MXN,hi,portal,AM-18,active,gold,"["""", """"]"
CUS-0041,Brazil Industrial 041,Aarav Smith,procurement041@customer.example.com,+1-555-0041,BR,Curitiba,Healthcare,Mid-Market,Silver,180328363.53,21981,1,2023-02-02,2023-03-07,2024-02-23,11,7707442.71,3934378.29,33,93.07,61,81.27,26.76,60971208.47,2404060.37,1499614.69,Net 60,BRL,de,portal,AM-15,active,silver,"["""", """"]"
CUS-0042,China Industrial 042,Kenji Chen,procurement042@customer.example.com,+1-555-0042,CN,Suzhou,Manufacturing,Enterprise,Gold,636307522.71,46373,6,2018-10-07,2018-12-14,2024-10-06,56,89170890.57,1851311.73,49,75.59,44,81.66,26.19,151230062.56,42581607.08,5561132.17,Net 60,CNY,de,portal,AM-22,active,gold,"["""", ""loyal""]"
CUS-0043,Japan Holdings 043,Aarav Chen,procurement043@customer.example.com,+1-555-0043,JP,Yokohama,Construction,Small Business,Silver,116155547.11,19242,4,2020-01-13,2020-02-24,2024-02-13,59,2737117.94,419597.47,63,47.85,39,84.32,22.39,53742803.1,4336274.97,1623161.14,Net 30,JPY,hi,phone,AM-24,active,silver,"["""", """"]"
CUS-0044,South Africa Holdings 044,Liam Kim,procurement044@customer.example.com,+1-555-0044,ZA,Durban,Manufacturing,Small Business,Platinum,452517703.55,21518,3,2021-05-02,2021-06-23,2024-10-11,170,32419553.94,689471.21,72,75.75,58,89.83,14.53,204273374.55,19315529.42,5769788.57,Net 30,ZAR,zh,phone,AM-07,active,platinum,"["""", """"]"
CUS-0045,Canada Holdings 045,Sofia Patel,procurement045@customer.example.com,+1-555-0045,CA,Vancouver,Fashion,Mid-Market,Silver,432918423.97,16624,8,2016-12-16,2016-12-26,2024-03-16,180,23464846.6,784019.31,51,66.54,63,75.17,35.47,155678148.84,7061006.27,1012841.26,Net 90,CAD,en,email,AM-22,active,silver,"["""", ""loyal""]"
CUS-0046,Canada Commerce 046,Maya Kim,procurement046@customer.example.com,+1-555-0046,CA,Vancouver,Healthcare,Mid-Market,Silver,412181423.47,49630,5,2019-09-24,2019-11-12,2024-06-04,80,40720665.52,931247.44,79,77.94,6,84.67,21.9,221548930.75,7806420.55,3267016.09,Net 30,CAD,ja,phone,AM-04,active,silver,"["""", ""loyal""]"
CUS-0047,Thailand Technology 047,Kenji Kim,procurement047@customer.example.com,+1-555-0047,TH,Bangkok,Retail,Enterprise,Silver,308351865.98,44210,5,2019-09-14,2019-09-23,2024-01-19,80,24610066.61,864149.4,48,91.32,66,78.46,30.77,215336285.72,20638721.31,2787368.09,Net 45,THB,zh,portal,AM-08,active,silver,"["""", ""loyal""]"
CUS-0048,Poland Industrial 048,Sofia Garcia,procurement048@customer.example.com,+1-555-0048,PL,Wroclaw,Electronics,Mid-Market,Platinum,207203945.23,47328,7,2017-09-12,2017-11-29,2024-12-12,143,8560454.91,269419.4,39,86.43,26,94.53,7.81,128135672.84,3783970.68,2572827.34,Net 90,PLN,zh,portal,AM-18,active,platinum,"["""", ""loyal""]"
CUS-0049,Vietnam Industrial 049,Liam Kim,procurement049@customer.example.com,+1-555-0049,VN,Da Nang,Electronics,Mid-Market,Bronze,97666824.8,37275,3,2021-01-07,2021-02-27,2024-08-10,233,5363612.46,185372.62,29,56.39,62,88.65,16.22,14880312.2,2327233.2,1433795.91,Net 60,VND,en,email,AM-15,active,bronze,"["""", """"]"
CUS-0050,China Commerce 050,Maya Patel,procurement050@customer.example.com,+1-555-0050,CN,Shanghai,Construction,Enterprise,Gold,201476928.26,94,8,2016-01-21,2016-02-10,2024-05-23,220,11797427.49,154904.93,25,77.15,64,92.38,10.89,32977279.82,13611571.79,2457052.66,Net 30,CNY,es,phone,AM-19,active,gold,"["""", ""loyal""]"
CUS-0051,Mexico Supply 051,Kenji Patel,procurement051@customer.example.com,+1-555-0051,MX,Mexico City,Technology,Enterprise,Silver,258260594.85,32335,3,2021-05-12,2021-06-19,2024-07-17,237,38499429.25,352589.37,55,92.86,40,85.4,20.85,54063310.48,18556159.2,2594800.97,Net 30,MXN,en,phone,AM-08,active,silver,"["""", """"]"
CUS-0052,South Korea Commerce 052,Kenji Muller,procurement052@customer.example.com,+1-555-0052,KR,Busan,Fashion,Small Business,Bronze,226965695.92,29911,3,2021-01-09,2021-01-23,2024-03-15,101,13624494.64,818692.06,70,80.01,51,70.68,41.88,145126111.43,17451308.59,1073916.86,Net 90,KRW,en,phone,AM-16,active,bronze,"["""", """"]"
CUS-0053,Canada Supply 053,Aarav Kim,procurement053@customer.example.com,+1-555-0053,CA,Toronto,Automotive,Enterprise,Gold,751809567.18,2528,7,2017-09-05,2017-11-23,2024-05-02,166,99780354.82,1610620.63,21,85.14,63,91.41,12.27,485012871.11,10190335.1,215050.95,Net 45,CAD,hi,email,AM-08,active,gold,"["""", ""loyal""]"
CUS-0054,China Industrial 054,Aarav Patel,procurement054@customer.example.com,+1-555-0054,CN,Ningbo,Aerospace,Startup,Bronze,72515823.77,8506,4,2020-12-15,2021-03-06,2024-04-12,240,9589119.29,70236.04,54,79.72,33,97.41,3.7,26979617.25,5603530.93,260823.54,Net 30,CNY,ja,email,AM-14,active,bronze,"["""", """"]"
CUS-0055,Thailand Supply 055,Elena Muller,procurement055@customer.example.com,+1-555-0055,TH,Rayong,Energy,Mid-Market,Bronze,157771973.18,45005,8,2016-11-05,2016-11-20,2024-10-11,138,14860549.11,395022.95,33,76.36,70,97.22,3.97,46725862.61,12090004.69,1948395.9,Net 45,THB,es,portal,AM-23,active,bronze,"["""", ""loyal""]"
CUS-0056,United States Commerce 056,Liam Garcia,procurement056@customer.example.com,+1-555-0056,US,Chicago,Logistics,Small Business,Silver,445564024.7,20022,8,2016-05-24,2016-07-26,2024-08-07,172,26079996.45,484746.89,102,51.92,24,69.89,43.02,333265440.97,24381871.54,1588031.28,Net 60,USD,ja,email,AM-20,active,silver,"["""", ""loyal""]"
CUS-0057,South Africa Technology 057,Maya Garcia,procurement057@customer.example.com,+1-555-0057,ZA,Cape Town,Aerospace,Small Business,Bronze,127074005.71,33156,5,2019-12-15,2020-02-01,2024-02-24,98,3358530.29,348943.89,84,56.86,29,78.41,30.84,88333812.03,7718154.13,1326598.17,Net 45,ZAR,de,portal,AM-15,active,bronze,"["""", ""loyal""]"
CUS-0058,India Commerce 058,Aarav Garcia,procurement058@customer.example.com,+1-555-0058,IN,Bengaluru,Logistics,Small Business,Silver,252855551.52,10427,3,2021-10-02,2021-10-13,2024-04-21,122,33434903.63,469160.41,71,87.72,56,72.36,39.48,122076956.27,6559753.24,1782459.64,Net 90,INR,ja,portal,AM-07,active,silver,"["""", """"]"
CUS-0059,China Commerce 059,Maya Muller,procurement059@customer.example.com,+1-555-0059,CN,Shanghai,Logistics,Enterprise,Silver,298406704.43,6291,6,2018-11-07,2018-11-19,2024-02-21,212,9859591.17,620427.21,31,69.57,59,75.95,34.36,176650860.81,19620796.97,2520759.7,Net 60,CNY,de,portal,AM-19,active,silver,"["""", ""loyal""]"
CUS-0060,Brazil Industrial 060,Sofia Patel,procurement060@customer.example.com,+1-555-0060,BR,Rio de Janeiro,Healthcare,Mid-Market,Gold,44400730.62,28285,5,2019-10-09,2019-12-01,2024-07-15,232,4895891.1,73060.55,84,50.02,20,92.26,11.05,8956551.21,1867128.8,322543.56,Net 60,BRL,zh,email,AM-01,active,gold,"["""", ""loyal""]"
CUS-0061,South Korea Commerce 061,Kenji Patel,procurement061@customer.example.com,+1-555-0061,KR,Busan,Food & Beverage,Startup,Silver,248835127.16,31867,1,2023-01-18,2023-03-26,2024-02-17,215,19540245.85,257616.96,26,60.82,10,97.09,4.16,148659017.25,14998364.54,952645.47,Net 90,KRW,en,portal,AM-01,active,silver,"["""", """"]"
CUS-0062,United States Technology 062,Kenji Chen,procurement062@customer.example.com,+1-555-0062,US,San Jose,Electronics,Mid-Market,Silver,177039419.76,42163,3,2021-10-11,2021-12-17,2024-02-12,35,16015795.58,2173094.84,51,74.28,42,89.88,14.46,37356507.19,4443932.24,1653691.04,Net 45,USD,es,portal,AM-14,active,silver,"["""", """"]"
CUS-0063,Vietnam Commerce 063,Liam Smith,procurement063@customer.example.com,+1-555-0063,VN,Hanoi,Pharma,Small Business,Platinum,191728829.9,31737,2,2022-03-05,2022-03-27,2024-10-17,102,8394259.29,598990.94,75,46.91,74,70.41,42.28,128575409.92,13233699.49,787263.42,Net 45,VND,en,email,AM-08,active,platinum,"["""", """"]"
CUS-0064,China Industrial 064,Kenji Kim,procurement064@customer.example.com,+1-555-0064,CN,Shanghai,Healthcare,Startup,Bronze,22518191.88,3427,9,2015-09-22,2015-12-18,2024-06-09,82,2763517.27,108995.91,56,97.34,56,93.04,9.95,13290525.44,791508.77,211364.85,Net 45,CNY,en,portal,AM-21,active,bronze,"["""", ""loyal""]"
CUS-0065,Turkey Industrial 065,Maya Chen,procurement065@customer.example.com,+1-555-0065,TR,Ankara,Construction,Small Business,Silver,105241624.14,9026,6,2018-05-09,2018-05-19,2024-09-02,239,9793807.37,141407.55,74,57.96,85,71.75,40.35,24907462.73,2072604.63,1397278.16,Net 45,TRY,en,phone,AM-21,active,silver,"["""", ""loyal""]"
CUS-0066,India Technology 066,Aarav Smith,procurement066@customer.example.com,+1-555-0066,IN,Pune,Aerospace,Small Business,Silver,340426727.01,38670,9,2015-06-18,2015-09-02,2024-01-15,191,41377227.54,718516.45,76,73.31,84,80.14,28.37,192204951.78,19079725.35,1937202.53,Net 30,INR,de,portal,AM-11,active,silver,"["""", ""loyal""]"
CUS-0067,United States Commerce 067,Aarav Smith,procurement067@customer.example.com,+1-555-0067,US,Austin,Electronics,Small Business,Silver,141249026.99,46660,7,2017-01-20,2017-03-18,2024-08-23,104,8246175.16,490915.37,78,70.63,34,71.72,40.41,54604917.5,6445544.87,496100.8,Net 30,USD,hi,phone,AM-11,active,silver,"["""", ""loyal""]"
CUS-0068,Poland Holdings 068,Kenji Patel,procurement068@customer.example.com,+1-555-0068,PL,Krakow,Telecom,Enterprise,Silver,328690811.26,35313,9,2015-10-07,2015-12-30,2024-09-24,85,15465338.15,936763.11,21,72.49,58,74.83,35.96,240180809.81,16517118.01,4711473.5,Net 90,PLN,zh,portal,AM-09,active,silver,"["""", ""loyal""]"
CUS-0069,Japan Technology 069,Elena Garcia,procurement069@customer.example.com,+1-555-0069,JP,Nagoya,Pharma,Startup,Bronze,65912200.16,3317,8,2016-07-23,2016-08-24,2024-12-24,56,2780077.86,357455.91,89,50.8,41,71.59,40.58,41973734.37,1352973.18,462574.96,Net 30,JPY,ja,phone,AM-24,active,bronze,"["""", ""loyal""]"
CUS-0070,Poland Supply 070,Sofia Smith,procurement070@customer.example.com,+1-555-0070,PL,Warsaw,Manufacturing,Enterprise,Silver,336748893.15,5316,6,2018-07-23,2018-09-17,2024-09-12,48,22692474.27,3069646.94,63,57.97,37,87.86,17.34,91633271.73,7437009.19,4661982.36,Net 30,PLN,de,portal,AM-16,active,silver,"["""", ""loyal""]"
CUS-0071,Canada Commerce 071,Maya Muller,procurement071@customer.example.com,+1-555-0071,CA,Toronto,Construction,Small Business,Bronze,12993542.44,13568,1,2023-11-12,2023-12-30,2024-11-07,190,894122.7,19278.09,98,49.32,85,69.64,43.37,10176833.39,826125.15,39942.17,Net 60,CAD,hi,phone,AM-21,active,bronze,"["""", """"]"
CUS-0072,Turkey Supply 072,Elena Kim,procurement072@customer.example.com,+1-555-0072,TR,Istanbul,Construction,Enterprise,Platinum,857556816.92,33478,3,2021-02-01,2021-03-25,2024-09-20,151,122977052.43,1092623.4,77,45.84,29,87.14,18.37,372142809.85,19738121.71,4624000.82,Net 45,TRY,es,email,AM-04,active,platinum,"["""", """"]"
CUS-0073,Brazil Supply 073,Sofia Muller,procurement073@customer.example.com,+1-555-0073,BR,Curitiba,Automotive,Enterprise,Gold,673868568.49,41148,7,2017-05-02,2017-06-18,2024-11-15,67,60353459.02,4010916.14,52,88.2,32,72.98,38.6,262133969.24,40283079.41,6103234.29,Net 60,BRL,zh,portal,AM-08,active,gold,"["""", ""loyal""]"
CUS-0074,Canada Industrial 074,Sofia Smith,procurement074@customer.example.com,+1-555-0074,CA,Toronto,Pharma,Mid-Market,Platinum,721188041.58,40910,5,2019-01-04,2019-04-01,2024-11-25,223,67019642.18,1156541.89,64,66.03,81,86.4,19.43,533776836.51,57385793.94,3252184.34,Net 45,CAD,ja,email,AM-15,active,platinum,"["""", ""loyal""]"
CUS-0075,South Korea Holdings 075,Sofia Kim,procurement075@customer.example.com,+1-555-0075,KR,Incheon,Construction,Mid-Market,Gold,565943244.17,36170,3,2021-09-24,2021-10-17,2024-01-24,13,23040434.94,15256434.62,44,53.52,43,86.76,18.92,336383221.67,19261339.06,756976.96,Net 45,KRW,ja,email,AM-23,active,gold,"["""", """"]"
CUS-0076,Canada Technology 076,Maya Kim,procurement076@customer.example.com,+1-555-0076,CA,Toronto,Manufacturing,Mid-Market,Bronze,190845918.48,14057,3,2021-02-10,2021-02-23,2024-06-13,70,26554932.93,480566.79,44,59.34,40,91.69,11.87,65648432.75,5561477.09,462622.27,Net 60,CAD,hi,email,AM-22,active,bronze,"["""", """"]"
CUS-0077,Thailand Supply 077,Elena Kim,procurement077@customer.example.com,+1-555-0077,TH,Rayong,Fashion,Mid-Market,Bronze,57059785.43,11673,2,2022-08-23,2022-08-29,2024-02-16,210,3514254.41,50659.55,58,83.74,64,81.03,27.1,25383159.58,2326789.1,298082.38,Net 30,THB,zh,phone,AM-03,active,bronze,"["""", """"]"
CUS-0078,China Industrial 078,Kenji Muller,procurement078@customer.example.com,+1-555-0078,CN,Shenzhen,Manufacturing,Small Business,Gold,648044566.16,5199,9,2015-07-14,2015-09-02,2024-12-06,124,45814099.78,1475870.93,104,74.43,76,78.05,31.36,271414412.59,18452719.22,1768762.67,Net 90,CNY,en,email,AM-23,active,gold,"["""", ""loyal""]"
CUS-0079,China Technology 079,Kenji Garcia,procurement079@customer.example.com,+1-555-0079,CN,Shanghai,Aerospace,Small Business,Bronze,22402789.04,39386,8,2016-08-10,2016-09-02,2024-02-18,232,2453051.68,38312.19,75,94.42,22,74.64,36.23,13115227.13,1289075.54,133407.85,Net 90,CNY,ja,phone,AM-04,active,bronze,"["""", ""loyal""]"
CUS-0080,Canada Commerce 080,Sofia Garcia,procurement080@customer.example.com,+1-555-0080,CA,Toronto,Manufacturing,Mid-Market,Gold,982087112.03,1093,2,2022-01-12,2022-04-04,2024-03-01,42,36443770.64,7903370.35,71,76.91,76,87.62,17.69,512080449.67,31595237.31,3543861.08,Net 60,CAD,zh,email,AM-14,active,gold,"["""", """"]"
CUS-0081,China Commerce 081,Kenji Garcia,procurement081@customer.example.com,+1-555-0081,CN,Guangzhou,Energy,Enterprise,Silver,62389029.33,18844,1,2023-03-14,2023-04-20,2024-06-14,155,2523799.83,122659.28,29,94.12,28,69.06,44.2,12733653.24,1803032.15,439091.85,Net 45,CNY,es,phone,AM-13,active,silver,"["""", """"]"
CUS-0082,India Commerce 082,Kenji Garcia,procurement082@customer.example.com,+1-555-0082,IN,Chennai,Technology,Small Business,Gold,213266049.95,33762,1,2023-01-06,2023-02-02,2024-11-10,85,8009179.77,881288.78,61,76.44,48,84.86,21.62,153226013.07,7935043.76,2569514.9,Net 45,INR,en,phone,AM-02,active,gold,"["""", """"]"
CUS-0083,Australia Industrial 083,Liam Garcia,procurement083@customer.example.com,+1-555-0083,AU,Melbourne,Logistics,Mid-Market,Bronze,87139019.09,22370,6,2018-02-07,2018-03-22,2024-08-23,63,9727767.93,259086.05,38,65.01,17,83.3,23.86,18409337.31,6018151.19,1129665.08,Net 60,AUD,ja,email,AM-12,active,bronze,"["""", ""loyal""]"
CUS-0084,Canada Supply 084,Maya Kim,procurement084@customer.example.com,+1-555-0084,CA,Vancouver,Technology,Small Business,Platinum,625881646.65,38791,3,2021-10-09,2022-01-07,2024-12-18,147,16228218.58,639080.62,53,83.25,75,85.65,20.5,363100098.97,15236922.2,4398821.39,Net 90,CAD,de,email,AM-04,active,platinum,"["""", """"]"
CUS-0085,Brazil Supply 085,Aarav Chen,procurement085@customer.example.com,+1-555-0085,BR,Curitiba,Telecom,Small Business,Silver,69571337.88,39185,4,2020-01-08,2020-01-15,2024-03-08,150,2962445.34,73840.06,20,49.97,70,75.74,34.66,50994223.06,5430914.6,27618.87,Net 90,BRL,zh,phone,AM-17,active,silver,"["""", """"]"
CUS-0086,India Supply 086,Maya Garcia,procurement086@customer.example.com,+1-555-0086,IN,Ahmedabad,Food & Beverage,Enterprise,Platinum,1385392636.12,9169,8,2016-12-04,2017-02-16,2024-01-21,57,92750540.97,4584334.93,98,57.8,50,90.53,13.53,556573052.32,79430331.99,15688465.36,Net 90,INR,de,email,AM-18,active,platinum,"["""", ""loyal""]"
CUS-0087,United States Commerce 087,Aarav Garcia,procurement087@customer.example.com,+1-555-0087,US,Chicago,Manufacturing,Enterprise,Silver,312549731.3,5606,5,2019-10-08,2019-11-19,2024-05-08,19,24951432.28,5874883.83,37,51.92,51,93.88,8.74,221114348.73,18657017.76,3301509.13,Net 60,USD,de,portal,AM-13,active,silver,"["""", ""loyal""]"
CUS-0088,Germany Commerce 088,Sofia Smith,procurement088@customer.example.com,+1-555-0088,DE,Stuttgart,Construction,Mid-Market,Bronze,16423587.51,36391,5,2019-10-03,2019-10-19,2024-10-14,185,2284835.19,32093.97,63,66.68,30,74.32,36.69,4442300.79,966809.28,186190.38,Net 45,EUR,es,phone,AM-03,active,bronze,"["""", ""loyal""]"
CUS-0089,Germany Technology 089,Maya Patel,procurement089@customer.example.com,+1-555-0089,DE,Munich,Energy,Mid-Market,Gold,87770113.93,1532,3,2021-09-21,2021-11-13,2024-12-11,239,8084096.47,130725.04,101,57.92,40,74.64,36.23,61350888.75,4090272.98,1273585.02,Net 30,EUR,en,phone,AM-09,active,gold,"["""", """"]"
CUS-0090,Germany Commerce 090,Liam Muller,procurement090@customer.example.com,+1-555-0090,DE,Hamburg,Construction,Enterprise,Bronze,228973242.47,13500,8,2016-08-23,2016-10-06,2024-05-03,117,8293347.91,675307.97,39,51.22,8,94.32,8.12,62333263.42,5947953.09,945010.67,Net 45,EUR,hi,email,AM-16,active,bronze,"["""", ""loyal""]"
CUS-0091,Thailand Commerce 091,Sofia Smith,procurement091@customer.example.com,+1-555-0091,TH,Bangkok,Electronics,Startup,Silver,222409694.24,5505,7,2017-10-07,2017-11-18,2024-08-13,172,23310186.3,373475.74,33,62.86,17,72.43,39.38,62248616.61,16656173.02,1793621.16,Net 90,THB,en,email,AM-13,active,silver,"["""", ""loyal""]"
CUS-0092,Mexico Holdings 092,Liam Patel,procurement092@customer.example.com,+1-555-0092,MX,Mexico City,Healthcare,Startup,Platinum,79830042.23,26483,8,2016-02-05,2016-03-30,2024-10-19,179,3357248.99,197562.67,71,92.93,15,81.31,26.7,13147968.97,2686005.82,962276.19,Net 30,MXN,zh,phone,AM-13,active,platinum,"["""", ""loyal""]"
CUS-0093,South Korea Holdings 093,Elena Kim,procurement093@customer.example.com,+1-555-0093,KR,Daegu,Electronics,Small Business,Gold,661393895.16,48881,3,2021-09-20,2021-12-09,2024-08-03,235,79040420.05,554133.17,68,57.71,61,96.14,5.51,430837415.22,35309285.14,2060371.53,Net 90,KRW,en,phone,AM-17,active,gold,"["""", """"]"
CUS-0094,South Korea Commerce 094,Aarav Chen,procurement094@customer.example.com,+1-555-0094,KR,Busan,Construction,Enterprise,Gold,279242568.12,44700,7,2017-02-04,2017-03-03,2024-07-15,89,31094166.39,677345.18,76,62.24,54,86.21,19.69,153644111.25,2939451.22,3464225.11,Net 90,KRW,ja,email,AM-16,active,gold,"["""", ""loyal""]"
CUS-0095,Poland Industrial 095,Maya Garcia,procurement095@customer.example.com,+1-555-0095,PL,Krakow,Agriculture,Mid-Market,Gold,220644927.93,20834,1,2023-11-12,2023-11-21,2024-11-15,134,20395854.03,395465.99,45,45.84,53,70.29,42.45,171139184.06,13499296.42,3132956.48,Net 30,PLN,hi,phone,AM-01,active,gold,"["""", """"]"
CUS-0096,Poland Industrial 096,Elena Patel,procurement096@customer.example.com,+1-555-0096,PL,Krakow,Fashion,Enterprise,Silver,195156758.02,29847,8,2016-02-20,2016-04-19,2024-06-08,107,6006803.03,699415.75,74,67.18,14,88.7,16.14,40525394.42,3654033.16,1996128.62,Net 60,PLN,ja,email,AM-24,active,silver,"["""", ""loyal""]"
CUS-0097,Australia Commerce 097,Sofia Smith,procurement097@customer.example.com,+1-555-0097,AU,Melbourne,Healthcare,Startup,Gold,81894371.02,21377,5,2019-01-01,2019-02-05,2024-10-15,79,4081968.47,347861.84,45,87.2,82,77.69,31.88,55731585.86,4868802.91,153443.37,Net 90,AUD,ja,portal,AM-03,active,gold,"["""", ""loyal""]"
CUS-0098,Australia Commerce 098,Elena Muller,procurement098@customer.example.com,+1-555-0098,AU,Melbourne,Healthcare,Mid-Market,Silver,262118880.14,9321,5,2019-05-24,2019-08-14,2024-10-20,238,15823677.75,420872.04,100,49.74,64,86.41,19.41,109168981.05,14579975.94,3195175.22,Net 90,AUD,hi,email,AM-13,active,silver,"["""", ""loyal""]"
CUS-0099,Germany Industrial 099,Kenji Smith,procurement099@customer.example.com,+1-555-0099,DE,Munich,Energy,Enterprise,Silver,123385652.78,40017,1,2023-07-10,2023-08-11,2024-05-04,187,10001046.83,270040.12,67,71.98,8,72.43,39.39,30175520.48,1433787.59,294448.55,Net 60,EUR,en,portal,AM-04,active,silver,"["""", """"]"
CUS-0100,Mexico Supply 100,Kenji Chen,procurement100@customer.example.com,+1-555-0100,MX,Monterrey,Energy,Small Business,Silver,156212524.63,8250,7,2017-10-15,2017-10-28,2024-05-14,195,8224434.39,354715.55,56,49.69,15,74.35,36.64,45226781.44,5248106.87,2292156.99,Net 30,MXN,es,email,AM-03,active,silver,"["""", ""loyal""]"
CUS-0101,Turkey Industrial 101,Elena Kim,procurement101@customer.example.com,+1-555-0101,TR,Bursa,Construction,Small Business,Gold,589722821.52,43205,3,2021-02-16,2021-04-07,2024-05-09,55,81522942.78,3036355.6,67,85.32,17,79.82,28.84,352486058.38,45544637.59,2269538.21,Net 90,TRY,zh,portal,AM-05,active,gold,"["""", """"]"
CUS-0102,Japan Industrial 102,Elena Kim,procurement102@customer.example.com,+1-555-0102,JP,Osaka,Food & Beverage,Mid-Market,Bronze,111138567.72,32758,4,2020-11-08,2021-01-23,2024-06-12,169,7332558.68,259871.38,30,57.8,85,93.44,9.37,53589026.39,3553305.85,28967.63,Net 90,JPY,es,email,AM-24,active,bronze,"["""", """"]"
CUS-0103,India Commerce 103,Aarav Kim,procurement103@customer.example.com,+1-555-0103,IN,Bengaluru,Manufacturing,Mid-Market,Platinum,672054053.1,34863,8,2016-08-02,2016-09-05,2024-02-25,55,99411409.99,4001850.54,97,88.06,31,71.32,40.96,136997082.8,11115150.23,5091947.07,Net 60,INR,de,email,AM-14,active,platinum,"["""", ""loyal""]"
CUS-0104,Japan Technology 104,Maya Smith,procurement104@customer.example.com,+1-555-0104,JP,Osaka,Automotive,Mid-Market,Silver,67292592.56,8305,1,2023-08-18,2023-10-17,2024-02-13,132,5696362.29,142835.2,89,69.91,71,89.33,15.25,27224415.88,3707624.38,301163.1,Net 90,JPY,ja,phone,AM-21,active,silver,"["""", """"]"
CUS-0105,Japan Commerce 105,Maya Garcia,procurement105@customer.example.com,+1-555-0105,JP,Nagoya,Healthcare,Small Business,Platinum,1303278931.99,12165,5,2019-01-21,2019-03-09,2024-06-21,250,70740201.56,830392.83,47,46.45,27,69.23,43.96,281898134.34,48898071.67,5254392.46,Net 60,JPY,de,email,AM-18,active,platinum,"["""", ""loyal""]"
CUS-0106,Poland Technology 106,Kenji Kim,procurement106@customer.example.com,+1-555-0106,PL,Krakow,Telecom,Mid-Market,Platinum,713561519.19,14205,9,2015-09-18,2015-11-12,2024-07-03,226,38596667.42,1145552.74,19,80.21,71,92.76,10.34,426915485.59,28292289.98,2839439.77,Net 30,PLN,en,phone,AM-05,active,platinum,"["""", ""loyal""]"
CUS-0107,United States Commerce 107,Sofia Muller,procurement107@customer.example.com,+1-555-0107,US,San Jose,Energy,Small Business,Bronze,150315958.26,12559,2,2022-03-06,2022-03-24,2024-12-04,28,12623449.43,2378614.14,91,98.87,61,72.36,39.48,118762518.36,6216888.12,927228.93,Net 90,USD,en,portal,AM-11,active,bronze,"["""", """"]"
CUS-0108,South Africa Supply 108,Elena Patel,procurement108@customer.example.com,+1-555-0108,ZA,Cape Town,Electronics,Small Business,Bronze,65737581.04,44753,4,2020-05-05,2020-06-20,2024-08-19,198,4003373.84,104127.31,68,71.17,17,82.66,24.78,17351614.54,3508904.41,964963.0,Net 45,ZAR,ja,phone,AM-03,active,bronze,"["""", """"]"
CUS-0109,South Africa Holdings 109,Liam Smith,procurement109@customer.example.com,+1-555-0109,ZA,Johannesburg,Pharma,Mid-Market,Platinum,392870379.29,46791,9,2015-06-19,2015-06-26,2024-01-02,192,41349962.14,799598.59,64,68.84,27,86.65,19.07,69868526.15,22910913.86,5487874.84,Net 60,ZAR,ja,email,AM-02,active,platinum,"["""", ""loyal""]"
CUS-0110,China Supply 110,Liam Muller,procurement110@customer.example.com,+1-555-0110,CN,Shenzhen,Automotive,Enterprise,Silver,10118567.64,44591,1,2023-05-01,2023-06-12,2024-02-05,127,936893.93,20276.73,85,66.33,28,70.52,42.12,2886296.91,690350.48,62109.99,Net 30,CNY,de,portal,AM-05,active,silver,"["""", """"]"
CUS-0111,India Commerce 111,Liam Chen,procurement111@customer.example.com,+1-555-0111,IN,Chennai,Construction,Mid-Market,Bronze,28977325.11,45506,2,2022-07-05,2022-08-13,2024-05-21,47,3355765.54,135885.62,95,88.6,38,80.53,27.81,10129293.46,1351793.94,234617.1,Net 30,INR,zh,email,AM-10,active,bronze,"["""", """"]"
CUS-0112,Australia Holdings 112,Elena Chen,procurement112@customer.example.com,+1-555-0112,AU,Sydney,Logistics,Enterprise,Silver,150952659.31,15351,8,2016-05-01,2016-07-24,2024-03-07,122,19761618.23,498001.98,66,90.64,39,84.8,21.71,68767917.84,3583145.58,1197038.65,Net 45,AUD,de,portal,AM-12,active,silver,"["""", ""loyal""]"
CUS-0113,Australia Commerce 113,Kenji Patel,procurement113@customer.example.com,+1-555-0113,AU,Melbourne,Aerospace,Startup,Silver,415412179.54,45216,4,2020-07-09,2020-07-25,2024-08-08,107,40376217.68,760406.71,83,57.83,73,70.3,42.43,211699959.66,17131957.61,1579223.3,Net 60,AUD,zh,portal,AM-08,active,silver,"["""", """"]"
CUS-0114,China Industrial 114,Sofia Garcia,procurement114@customer.example.com,+1-555-0114,CN,Shanghai,Energy,Small Business,Silver,144196789.78,38426,8,2016-05-02,2016-05-14,2024-08-01,138,12283965.29,346576.55,65,45.18,73,83.06,24.2,73400683.39,8021475.17,1467625.05,Net 30,CNY,hi,portal,AM-18,active,silver,"["""", ""loyal""]"
CUS-0115,India Technology 115,Liam Kim,procurement115@customer.example.com,+1-555-0115,IN,Ahmedabad,Technology,Enterprise,Bronze,79373946.39,31776,2,2022-10-14,2022-11-02,2024-04-23,16,9377552.67,993650.74,105,51.77,45,93.19,9.72,28344486.83,944396.47,412586.2,Net 90,INR,en,email,AM-02,active,bronze,"["""", """"]"
CUS-0116,Japan Supply 116,Kenji Chen,procurement116@customer.example.com,+1-555-0116,JP,Tokyo,Logistics,Small Business,Bronze,151389542.04,20839,2,2022-06-22,2022-08-05,2024-10-09,24,17981691.61,1554079.54,45,89.01,24,68.75,44.65,103672346.74,3709560.03,322785.02,Net 45,JPY,es,portal,AM-12,active,bronze,"["""", """"]"
CUS-0117,Australia Technology 117,Elena Garcia,procurement117@customer.example.com,+1-555-0117,AU,Sydney,Retail,Small Business,Silver,439062902.1,48344,3,2021-10-16,2021-12-16,2024-06-12,78,47347946.23,2100389.05,22,67.58,21,92.77,10.33,297590410.66,23791832.04,4260552.07,Net 30,AUD,en,email,AM-02,active,silver,"["""", """"]"
CUS-0118,South Africa Commerce 118,Liam Muller,procurement118@customer.example.com,+1-555-0118,ZA,Durban,Logistics,Mid-Market,Silver,83666298.03,16508,3,2021-01-08,2021-02-26,2024-09-22,53,7845174.85,317416.06,103,63.04,47,83.67,23.33,46610957.32,1432367.42,792245.15,Net 45,ZAR,es,portal,AM-02,active,silver,"["""", """"]"
CUS-0119,South Korea Technology 119,Liam Garcia,procurement119@customer.example.com,+1-555-0119,KR,Incheon,Aerospace,Small Business,Gold,973615339.38,28313,6,2018-08-06,2018-09-12,2024-04-20,190,49625092.94,827791.06,87,98.44,8,70.02,42.83,693581315.77,33036961.94,12020878.18,Net 60,KRW,es,portal,AM-12,active,gold,"["""", ""loyal""]"
CUS-0120,Japan Technology 120,Kenji Patel,procurement120@customer.example.com,+1-555-0120,JP,Osaka,Food & Beverage,Mid-Market,Bronze,20264985.21,45424,1,2023-11-05,2023-12-10,2024-06-07,41,2949009.36,179404.85,36,60.23,51,94.07,8.47,6865957.78,1612947.77,211584.37,Net 30,JPY,es,portal,AM-23,active,bronze,"["""", """"]"
CUS-0121,Vietnam Technology 121,Elena Muller,procurement121@customer.example.com,+1-555-0121,VN,Da Nang,Telecom,Enterprise,Silver,445469777.45,18088,7,2017-11-22,2018-01-21,2024-06-22,148,65370931.85,1307341.21,59,91.12,68,90.77,13.18,150512589.96,29582402.09,5543848.81,Net 30,VND,hi,email,AM-24,active,silver,"["""", ""loyal""]"
CUS-0122,Australia Commerce 122,Kenji Muller,procurement122@customer.example.com,+1-555-0122,AU,Melbourne,Agriculture,Startup,Bronze,203566524.33,14767,1,2023-11-03,2024-01-13,2024-08-15,14,19947965.32,3666454.11,44,55.74,64,75.54,34.94,119307182.7,11602511.03,676608.53,Net 60,AUD,en,email,AM-05,active,bronze,"["""", """"]"
CUS-0123,Thailand Holdings 123,Liam Garcia,procurement123@customer.example.com,+1-555-0123,TH,Bangkok,Energy,Mid-Market,Platinum,227901128.96,5851,4,2020-10-10,2020-12-26,2024-10-06,118,33034390.69,553340.36,25,97.07,63,93.07,9.89,130372006.04,2607038.25,3229374.34,Net 60,THB,de,email,AM-13,active,platinum,"["""", """"]"
CUS-0124,Poland Holdings 124,Kenji Chen,procurement124@customer.example.com,+1-555-0124,PL,Krakow,Technology,Enterprise,Bronze,156207188.19,14285,6,2018-01-08,2018-01-31,2024-07-02,152,8010665.72,189933.19,43,84.61,5,97.01,4.28,42861055.36,9399756.07,1408640.24,Net 90,PLN,hi,phone,AM-22,active,bronze,"["""", ""loyal""]"
CUS-0125,Japan Technology 125,Maya Patel,procurement125@customer.example.com,+1-555-0125,JP,Osaka,Energy,Startup,Platinum,259456890.58,15583,6,2018-10-10,2018-10-27,2024-04-16,113,18540303.43,741644.35,76,98.28,28,85.13,21.24,205230390.67,13682880.33,1495402.34,Net 90,JPY,en,email,AM-18,active,platinum,"["""", ""loyal""]"
CUS-0126,Japan Holdings 126,Aarav Smith,procurement126@customer.example.com,+1-555-0126,JP,Yokohama,Electronics,Enterprise,Silver,203647324.68,41235,4,2020-09-21,2020-12-01,2024-02-12,23,4704817.16,3730147.12,42,67.69,62,77.67,31.89,148250987.78,10785319.42,1317358.48,Net 45,JPY,en,phone,AM-13,active,silver,"["""", """"]"
CUS-0127,Vietnam Holdings 127,Aarav Chen,procurement127@customer.example.com,+1-555-0127,VN,Da Nang,Manufacturing,Mid-Market,Silver,310452654.07,12269,8,2016-03-23,2016-05-19,2024-01-24,8,21188954.45,15512657.95,38,47.55,5,87.99,17.15,171472701.46,9920232.47,1326831.52,Net 45,VND,hi,email,AM-15,active,silver,"["""", ""loyal""]"
CUS-0128,Australia Commerce 128,Sofia Kim,procurement128@customer.example.com,+1-555-0128,AU,Melbourne,Aerospace,Enterprise,Silver,193339976.03,31452,2,2022-07-21,2022-09-17,2024-06-22,36,18454246.5,2375938.02,36,82.11,25,87.22,18.26,143581083.07,7244479.28,214504.19,Net 45,AUD,ja,portal,AM-03,active,silver,"["""", """"]"
CUS-0129,Poland Supply 129,Elena Garcia,procurement129@customer.example.com,+1-555-0129,PL,Warsaw,Logistics,Small Business,Platinum,574784505.57,14488,7,2017-07-09,2017-09-02,2024-11-24,60,28116591.52,2303227.2,42,94.63,16,91.39,12.3,455829708.15,11447060.09,8373084.42,Net 30,PLN,en,email,AM-24,active,platinum,"["""", ""loyal""]"
CUS-0130,South Korea Holdings 130,Maya Muller,procurement130@customer.example.com,+1-555-0130,KR,Incheon,Agriculture,Startup,Silver,458778431.06,862,8,2016-07-02,2016-09-12,2024-02-02,176,26645122.0,1161524.48,59,51.79,57,91.24,12.52,174670207.58,31297123.93,5228139.01,Net 45,KRW,de,portal,AM-09,active,silver,"["""", ""loyal""]"
CUS-0131,United States Industrial 131,Liam Kim,procurement131@customer.example.com,+1-555-0131,US,San Jose,Construction,Mid-Market,Gold,737784869.14,19086,5,2019-02-04,2019-03-15,2024-12-17,42,59291539.09,6910121.6,24,73.89,50,80.38,28.03,487516160.2,23193204.43,11009296.16,Net 30,USD,zh,portal,AM-24,active,gold,"["""", ""loyal""]"
CUS-0132,Mexico Holdings 132,Elena Garcia,procurement132@customer.example.com,+1-555-0132,MX,Mexico City,Energy,Enterprise,Platinum,909295058.85,27361,4,2020-12-22,2021-03-20,2024-02-24,44,130005104.75,8900863.0,42,81.88,46,73.0,38.57,502077870.24,12871062.74,5167292.87,Net 30,MXN,en,email,AM-16,active,platinum,"["""", """"]"
CUS-0133,Turkey Industrial 133,Kenji Patel,procurement133@customer.example.com,+1-555-0133,TR,Istanbul,Technology,Mid-Market,Platinum,1099552952.76,3807,7,2017-01-07,2017-01-27,2024-09-03,181,144562908.23,2029719.63,77,92.19,43,79.56,29.21,347611790.04,57577273.51,6426261.65,Net 45,TRY,en,phone,AM-11,active,platinum,"["""", ""loyal""]"
CUS-0134,Germany Commerce 134,Elena Smith,procurement134@customer.example.com,+1-555-0134,DE,Hamburg,Healthcare,Mid-Market,Bronze,26781768.56,12158,4,2020-09-07,2020-09-12,2024-08-12,229,2614101.85,36410.6,50,77.35,78,80.71,27.56,10482251.41,1361958.24,220933.87,Net 30,EUR,en,portal,AM-07,active,bronze,"["""", """"]"
CUS-0135,India Technology 135,Aarav Garcia,procurement135@customer.example.com,+1-555-0135,IN,Ahmedabad,Food & Beverage,Small Business,Bronze,210357581.68,39557,5,2019-07-01,2019-08-11,2024-07-07,200,27551074.87,267039.28,56,62.02,67,97.26,3.92,37988074.45,14209178.91,1410512.03,Net 45,INR,hi,portal,AM-10,active,bronze,"["""", ""loyal""]"
CUS-0136,Vietnam Supply 136,Elena Muller,procurement136@customer.example.com,+1-555-0136,VN,Da Nang,Technology,Mid-Market,Bronze,53538060.67,4147,2,2022-06-16,2022-08-27,2024-11-18,140,3324700.71,115056.96,68,62.28,81,74.74,36.09,41437970.55,2243409.94,165583.84,Net 30,VND,es,portal,AM-07,active,bronze,"["""", """"]"
CUS-0137,Canada Industrial 137,Sofia Garcia,procurement137@customer.example.com,+1-555-0137,CA,Toronto,Manufacturing,Mid-Market,Gold,437199379.36,16001,8,2016-03-07,2016-05-24,2024-09-07,179,61532504.19,860456.33,81,47.25,85,73.38,38.03,129062610.46,12772493.89,564513.66,Net 60,CAD,de,phone,AM-23,active,gold,"["""", ""loyal""]"
CUS-0138,South Africa Technology 138,Aarav Muller,procurement138@customer.example.com,+1-555-0138,ZA,Cape Town,Retail,Enterprise,Silver,114573065.65,41301,1,2023-09-24,2023-11-26,2024-12-05,157,3013360.51,123719.99,70,65.58,11,75.64,34.8,21210976.14,2326230.85,541228.59,Net 45,ZAR,en,phone,AM-20,active,silver,"["""", """"]"
CUS-0139,Brazil Commerce 139,Maya Smith,procurement139@customer.example.com,+1-555-0139,BR,Sao Paulo,Pharma,Small Business,Gold,61608774.57,41244,3,2021-12-25,2022-02-02,2024-12-08,137,8796375.88,113842.62,85,46.7,5,83.46,23.63,43320647.93,2220237.73,104503.68,Net 90,BRL,ja,phone,AM-11,active,gold,"["""", """"]"
CUS-0140,South Korea Technology 140,Aarav Garcia,procurement140@customer.example.com,+1-555-0140,KR,Daegu,Telecom,Mid-Market,Silver,254573117.45,816,6,2018-05-13,2018-07-06,2024-04-10,18,14527789.46,3726669.62,81,51.74,18,78.6,30.57,155524567.18,15207419.1,3390880.82,Net 60,KRW,es,email,AM-23,active,silver,"["""", ""loyal""]"
CUS-0141,Turkey Technology 141,Aarav Patel,procurement141@customer.example.com,+1-555-0141,TR,Bursa,Logistics,Small Business,Platinum,1590435559.88,28876,2,2022-06-05,2022-08-11,2024-03-19,166,91525687.41,3278942.88,37,52.95,50,89.91,14.41,1046023584.35,93377887.33,6959951.44,Net 60,TRY,de,phone,AM-02,active,platinum,"["""", """"]"
CUS-0142,Turkey Holdings 142,Sofia Garcia,procurement142@customer.example.com,+1-555-0142,TR,Bursa,Logistics,Mid-Market,Bronze,34416674.59,38369,9,2015-07-01,2015-08-18,2024-05-09,186,2156734.62,67380.29,102,96.88,85,91.98,11.45,14990248.67,2017661.46,349877.49,Net 90,TRY,es,portal,AM-16,active,bronze,"["""", ""loyal""]"
CUS-0143,South Africa Technology 143,Elena Smith,procurement143@customer.example.com,+1-555-0143,ZA,Cape Town,Construction,Mid-Market,Platinum,600099874.1,49831,2,2022-04-15,2022-06-24,2024-06-24,197,72360680.06,1301933.72,31,77.86,28,68.58,44.89,428031084.91,26527212.4,2057913.39,Net 90,ZAR,de,phone,AM-07,active,platinum,"["""", """"]"
CUS-0144,Canada Industrial 144,Sofia Garcia,procurement144@customer.example.com,+1-555-0144,CA,Toronto,Energy,Startup,Gold,908700269.39,9224,7,2017-12-22,2018-01-17,2024-01-02,106,22039509.23,3853563.97,94,95.25,55,81.96,25.77,161031624.19,12146947.14,11261074.06,Net 45,CAD,en,portal,AM-14,active,gold,"["""", ""loyal""]"
CUS-0145,Turkey Industrial 145,Aarav Garcia,procurement145@customer.example.com,+1-555-0145,TR,Bursa,Agriculture,Enterprise,Bronze,97335592.08,11793,2,2022-10-02,2022-11-19,2024-01-12,227,7534825.98,155477.73,40,73.88,40,83.52,23.54,69552098.68,4757602.6,675507.76,Net 30,TRY,en,phone,AM-24,active,bronze,"["""", """"]"
CUS-0146,Mexico Commerce 146,Kenji Kim,procurement146@customer.example.com,+1-555-0146,MX,Monterrey,Aerospace,Mid-Market,Platinum,327244916.87,16802,3,2021-09-19,2021-12-12,2024-12-14,205,16824772.83,347318.63,98,79.89,16,78.1,31.28,207824751.66,16783619.43,1511575.51,Net 60,MXN,es,portal,AM-03,active,platinum,"["""", """"]"
CUS-0147,South Korea Supply 147,Aarav Chen,procurement147@customer.example.com,+1-555-0147,KR,Incheon,Retail,Small Business,Bronze,124111833.86,39635,6,2018-09-24,2018-11-06,2024-07-15,27,17595891.17,1414384.12,45,59.76,10,91.07,12.76,45243004.01,9803821.15,131036.78,Net 60,KRW,hi,portal,AM-23,active,bronze,"["""", ""loyal""]"
CUS-0148,Germany Supply 148,Kenji Smith,procurement148@customer.example.com,+1-555-0148,DE,Munich,Technology,Mid-Market,Gold,932983952.51,19581,2,2022-05-21,2022-07-20,2024-10-03,177,50084818.57,1246004.39,29,98.03,44,90.91,12.99,292216650.33,9944800.37,13527301.67,Net 60,EUR,de,email,AM-14,active,gold,"["""", """"]"
CUS-0149,Brazil Supply 149,Aarav Garcia,procurement149@customer.example.com,+1-555-0149,BR,Rio de Janeiro,Automotive,Small Business,Silver,13423170.27,48122,3,2021-05-12,2021-07-10,2024-05-09,74,579953.94,69967.35,71,68.46,22,69.93,42.96,9268474.44,916265.9,151090.51,Net 60,BRL,es,portal,AM-21,active,silver,"["""", """"]"
CUS-0150,Vietnam Commerce 150,Sofia Patel,procurement150@customer.example.com,+1-555-0150,VN,Hanoi,Healthcare,Small Business,Platinum,481067826.5,5602,8,2016-08-08,2016-10-09,2024-05-24,63,30346058.97,1512495.3,77,53.02,33,81.89,25.87,380915874.64,25587371.4,2696639.14,Net 90,VND,ja,phone,AM-05,active,platinum,"["""", ""loyal""]"
CUS-0151,Poland Technology 151,Sofia Smith,procurement151@customer.example.com,+1-555-0151,PL,Krakow,Telecom,Small Business,Silver,427500844.94,39012,4,2020-07-10,2020-09-15,2024-10-21,74,16951309.28,1350299.81,49,76.65,25,97.77,3.19,236156473.62,5480405.34,307418.85,Net 30,PLN,zh,phone,AM-10,active,silver,"["""", """"]"
CUS-0152,South Africa Holdings 152,Sofia Chen,procurement152@customer.example.com,+1-555-0152,ZA,Durban,Aerospace,Mid-Market,Silver,167029847.66,5442,5,2019-09-03,2019-10-08,2024-09-12,97,5108573.97,607396.4,27,56.65,59,93.94,8.66,51246342.65,3269544.26,1774420.54,Net 30,ZAR,es,portal,AM-12,active,silver,"["""", ""loyal""]"
CUS-0153,Canada Commerce 153,Kenji Smith,procurement153@customer.example.com,+1-555-0153,CA,Montreal,Construction,Small Business,Silver,466647106.22,10511,8,2016-07-05,2016-08-27,2024-09-06,49,67810969.92,3977028.4,47,68.3,16,86.53,19.25,143633553.69,29653879.18,3500485.77,Net 90,CAD,de,portal,AM-02,active,silver,"["""", ""loyal""]"
CUS-0154,Poland Supply 154,Kenji Muller,procurement154@customer.example.com,+1-555-0154,PL,Wroclaw,Construction,Enterprise,Gold,241981796.31,39376,5,2019-07-17,2019-07-22,2024-04-17,20,11632120.83,3973383.74,45,93.31,31,75.3,35.29,86653018.13,12265576.57,712427.24,Net 90,PLN,de,email,AM-07,active,gold,"["""", ""loyal""]"
CUS-0155,Turkey Supply 155,Elena Smith,procurement155@customer.example.com,+1-555-0155,TR,Istanbul,Electronics,Enterprise,Silver,24115952.03,23045,6,2018-07-01,2018-08-13,2024-12-06,38,2296109.8,278297.0,35,90.43,13,78.72,30.4,17555412.59,1015293.06,350180.93,Net 45,TRY,ja,email,AM-05,active,silver,"["""", ""loyal""]"
CUS-0156,Turkey Supply 156,Liam Kim,procurement156@customer.example.com,+1-555-0156,TR,Bursa,Aerospace,Enterprise,Gold,862885015.68,33101,3,2021-10-06,2021-12-19,2024-07-07,212,48416838.6,1447462.07,18,89.58,53,95.33,6.67,611773988.36,30806817.48,3863977.41,Net 30,TRY,hi,phone,AM-20,active,gold,"["""", """"]"
CUS-0157,United States Commerce 157,Kenji Kim,procurement157@customer.example.com,+1-555-0157,US,Chicago,Telecom,Small Business,Bronze,21970538.47,10052,5,2019-03-08,2019-03-28,2024-02-09,70,566674.67,107015.05,89,84.34,42,82.5,25.0,6764495.22,851309.59,120315.57,Net 45,USD,hi,email,AM-11,active,bronze,"["""", ""loyal""]"
CUS-0158,Germany Technology 158,Elena Patel,procurement158@customer.example.com,+1-555-0158,DE,Hamburg,Agriculture,Small Business,Silver,391613216.55,39894,7,2017-02-08,2017-04-17,2024-10-08,237,17276018.94,291874.43,36,60.62,48,84.91,21.56,163093703.14,16228066.71,456591.71,Net 30,EUR,de,portal,AM-07,active,silver,"["""", ""loyal""]"
CUS-0159,Poland Industrial 159,Elena Kim,procurement159@customer.example.com,+1-555-0159,PL,Krakow,Technology,Enterprise,Bronze,73101213.64,3993,3,2021-04-15,2021-06-12,2024-09-17,8,3176184.34,1436270.64,43,96.73,47,96.43,5.1,27187861.59,1552929.06,450552.87,Net 60,PLN,ja,email,AM-23,active,bronze,"["""", """"]"
CUS-0160,China Holdings 160,Kenji Chen,procurement160@customer.example.com,+1-555-0160,CN,Guangzhou,Fashion,Mid-Market,Gold,326857381.76,28778,7,2017-07-01,2017-09-23,2024-01-09,193,22385436.93,306538.77,24,60.66,43,92.0,11.44,150524668.4,18923552.32,177940.55,Net 90,CNY,es,email,AM-24,active,gold,"["""", ""loyal""]"
CUS-0161,Mexico Technology 161,Elena Kim,procurement161@customer.example.com,+1-555-0161,MX,Guadalajara,Electronics,Startup,Platinum,110591240.12,14067,9,2015-07-15,2015-10-03,2024-10-02,13,5269679.13,1827651.45,103,96.44,85,81.45,26.5,33673895.08,8320860.28,1167648.84,Net 45,MXN,hi,portal,AM-10,active,platinum,"["""", ""loyal""]"
CUS-0162,Mexico Supply 162,Liam Garcia,procurement162@customer.example.com,+1-555-0162,MX,Monterrey,Agriculture,Enterprise,Silver,275075442.66,20148,1,2023-08-14,2023-10-21,2024-06-17,81,21661333.61,875298.31,43,78.42,5,91.44,12.23,192759621.26,3083782.0,2933249.12,Net 90,MXN,de,portal,AM-20,active,silver,"["""", """"]"
CUS-0163,United States Supply 163,Elena Kim,procurement163@customer.example.com,+1-555-0163,US,San Jose,Technology,Small Business,Gold,968989638.67,41521,8,2016-02-23,2016-03-07,2024-05-10,82,89171791.67,4601014.5,51,72.57,27,93.97,8.62,216897834.27,57751411.88,12643074.0,Net 45,USD,es,portal,AM-11,active,gold,"["""", ""loyal""]"
CUS-0164,Turkey Commerce 164,Sofia Kim,procurement164@customer.example.com,+1-555-0164,TR,Bursa,Electronics,Small Business,Silver,346027484.3,37204,8,2016-04-21,2016-07-16,2024-07-19,145,40929469.05,465960.29,75,50.23,54,81.61,26.27,253742400.23,21655443.8,1340528.36,Net 90,TRY,es,portal,AM-16,active,silver,"["""", ""loyal""]"
CUS-0165,United States Holdings 165,Sofia Patel,procurement165@customer.example.com,+1-555-0165,US,San Jose,Agriculture,Enterprise,Platinum,656286327.74,34655,7,2017-09-03,2017-11-02,2024-08-15,99,96055068.27,2340396.32,36,89.04,49,82.54,24.94,291117870.42,42009033.8,5393744.07,Net 90,USD,es,portal,AM-17,active,platinum,"["""", ""loyal""]"
CUS-0166,South Korea Commerce 166,Kenji Chen,procurement166@customer.example.com,+1-555-0166,KR,Daegu,Pharma,Small Business,Silver,427969309.25,11170,1,2023-04-01,2023-04-23,2024-10-08,37,14309745.14,2504234.45,76,74.52,24,76.09,34.16,214951291.98,21332401.53,429288.8,Net 30,KRW,zh,email,AM-21,active,silver,"["""", """"]"
CUS-0167,Japan Technology 167,Aarav Chen,procurement167@customer.example.com,+1-555-0167,JP,Yokohama,Logistics,Mid-Market,Silver,152068743.9,19172,9,2015-11-04,2016-01-30,2024-07-07,173,3427823.42,223872.71,39,93.25,6,94.12,8.4,97295030.11,5348869.05,849981.13,Net 30,JPY,es,email,AM-06,active,silver,"["""", ""loyal""]"
CUS-0168,Thailand Commerce 168,Aarav Garcia,procurement168@customer.example.com,+1-555-0168,TH,Bangkok,Healthcare,Enterprise,Silver,34143356.82,21672,9,2015-01-25,2015-03-18,2024-01-23,196,4820982.78,36216.86,40,81.13,75,72.98,38.61,16147938.06,1454037.8,100838.5,Net 90,THB,ja,phone,AM-07,active,silver,"["""", ""loyal""]"
CUS-0169,Mexico Industrial 169,Kenji Muller,procurement169@customer.example.com,+1-555-0169,MX,Guadalajara,Healthcare,Small Business,Platinum,1950159924.08,33688,8,2016-07-11,2016-08-06,2024-03-25,158,259042504.43,4750083.07,45,68.34,20,69.71,43.28,575064608.12,75486478.69,345346.94,Net 60,MXN,hi,phone,AM-07,active,platinum,"["""", ""loyal""]"
CUS-0170,Poland Industrial 170,Elena Muller,procurement170@customer.example.com,+1-555-0170,PL,Warsaw,Agriculture,Startup,Gold,528090052.11,5807,5,2019-05-07,2019-08-04,2024-03-22,69,38622364.17,1763205.41,95,46.7,43,69.72,43.26,242442080.42,21299510.33,7125212.49,Net 60,PLN,de,portal,AM-16,active,gold,"["""", ""loyal""]"
CUS-0171,Canada Supply 171,Liam Kim,procurement171@customer.example.com,+1-555-0171,CA,Toronto,Manufacturing,Mid-Market,Bronze,191136817.27,10696,7,2017-07-02,2017-09-09,2024-11-07,60,7487627.53,936234.58,95,81.22,63,81.27,26.76,83268292.11,5340182.08,1375978.42,Net 30,CAD,hi,email,AM-17,active,bronze,"["""", ""loyal""]"
CUS-0172,Brazil Technology 172,Elena Kim,procurement172@customer.example.com,+1-555-0172,BR,Rio de Janeiro,Fashion,Startup,Bronze,198625995.97,17602,9,2015-05-21,2015-05-26,2024-07-19,9,26520182.81,7240469.27,61,95.46,72,93.97,8.62,34759850.87,6827789.58,1468081.25,Net 90,BRL,zh,email,AM-06,active,bronze,"["""", ""loyal""]"
CUS-0173,Thailand Technology 173,Elena Kim,procurement173@customer.example.com,+1-555-0173,TH,Bangkok,Agriculture,Small Business,Silver,456271719.76,33862,7,2017-10-25,2017-12-15,2024-05-16,40,40998910.71,4843188.77,20,62.9,19,92.56,10.63,293216952.08,24484464.85,1212178.79,Net 30,THB,de,phone,AM-07,active,silver,"["""", ""loyal""]"
CUS-0174,South Africa Commerce 174,Elena Garcia,procurement174@customer.example.com,+1-555-0174,ZA,Durban,Aerospace,Enterprise,Gold,638522723.1,36726,5,2019-01-24,2019-02-05,2024-08-01,135,39015162.09,1610153.87,98,90.74,11,72.8,38.86,280184102.12,45583059.51,5379436.73,Net 45,ZAR,en,phone,AM-04,active,gold,"["""", ""loyal""]"
CUS-0175,Mexico Technology 175,Kenji Smith,procurement175@customer.example.com,+1-555-0175,MX,Mexico City,Pharma,Mid-Market,Bronze,228438931.58,27515,3,2021-05-13,2021-06-29,2024-08-04,190,28277272.49,204375.34,73,84.23,79,87.49,17.88,71349181.31,10548065.74,1197784.75,Net 60,MXN,zh,portal,AM-10,active,bronze,"["""", """"]"
CUS-0176,Turkey Technology 176,Aarav Patel,procurement176@customer.example.com,+1-555-0176,TR,Istanbul,Fashion,Enterprise,Silver,421144341.52,24387,4,2020-02-23,2020-04-14,2024-06-18,229,12134112.53,580467.93,35,52.79,83,78.42,30.82,316669395.82,25894566.63,396401.52,Net 30,TRY,ja,email,AM-23,active,silver,"["""", """"]"
CUS-0177,Poland Holdings 177,Liam Chen,procurement177@customer.example.com,+1-555-0177,PL,Wroclaw,Agriculture,Mid-Market,Silver,394458867.34,45417,4,2020-04-09,2020-04-24,2024-02-11,237,26950826.3,406217.17,18,73.58,56,95.01,7.13,312967311.71,25591193.23,2670574.68,Net 30,PLN,zh,email,AM-05,active,silver,"["""", """"]"
CUS-0178,Canada Supply 178,Elena Chen,procurement178@customer.example.com,+1-555-0178,CA,Montreal,Automotive,Mid-Market,Silver,361686088.94,20424,4,2020-01-03,2020-03-03,2024-05-01,196,24482664.9,311560.0,79,73.6,75,95.4,6.57,156261925.32,27936387.54,3922307.7,Net 90,CAD,ja,phone,AM-09,active,silver,"["""", """"]"
CUS-0179,Turkey Holdings 179,Aarav Garcia,procurement179@customer.example.com,+1-555-0179,TR,Bursa,Construction,Mid-Market,Gold,642629525.77,24150,9,2015-08-24,2015-10-28,2024-10-18,75,61691266.09,1799005.91,79,60.12,66,79.34,29.51,200167006.97,47665389.87,3514293.72,Net 90,TRY,de,phone,AM-02,active,gold,"["""", ""loyal""]"
CUS-0180,Vietnam Technology 180,Elena Kim,procurement180@customer.example.com,+1-555-0180,VN,Hanoi,Telecom,Enterprise,Silver,110518381.9,10466,5,2019-08-16,2019-10-11,2024-11-16,111,2985831.8,310092.55,82,61.26,59,86.78,18.89,37025469.98,2010976.69,137849.1,Net 45,VND,ja,email,AM-23,active,silver,"["""", ""loyal""]"
CUS-0181,Canada Industrial 181,Kenji Smith,procurement181@customer.example.com,+1-555-0181,CA,Vancouver,Food & Beverage,Mid-Market,Bronze,211817028.89,22141,2,2022-01-08,2022-01-30,2024-01-07,58,8908310.56,1064175.96,43,81.99,43,75.1,35.57,165307743.84,10314533.91,1389222.57,Net 60,CAD,zh,phone,AM-02,active,bronze,"["""", """"]"
CUS-0182,South Africa Holdings 182,Maya Garcia,procurement182@customer.example.com,+1-555-0182,ZA,Cape Town,Technology,Mid-Market,Bronze,54183861.26,43237,5,2019-07-09,2019-07-22,2024-11-04,238,6885512.44,50042.26,62,49.29,71,87.68,17.6,32602405.54,1897711.3,655780.75,Net 60,ZAR,es,portal,AM-11,active,bronze,"["""", ""loyal""]"
CUS-0183,China Commerce 183,Sofia Smith,procurement183@customer.example.com,+1-555-0183,CN,Shanghai,Energy,Mid-Market,Platinum,1313916558.25,29444,5,2019-03-21,2019-04-17,2024-11-09,141,75369550.79,3636646.36,82,61.58,11,75.11,35.56,778506369.73,22638016.21,2649076.19,Net 60,CNY,en,email,AM-07,active,platinum,"["""", ""loyal""]"
CUS-0184,Australia Industrial 184,Elena Chen,procurement184@customer.example.com,+1-555-0184,AU,Brisbane,Agriculture,Mid-Market,Bronze,39337587.9,22060,4,2020-03-24,2020-06-02,2024-05-01,187,3175367.61,45760.56,42,70.95,13,74.37,36.61,11373246.87,2724355.35,37880.36,Net 30,AUD,en,email,AM-15,active,bronze,"["""", """"]"
CUS-0185,Germany Technology 185,Kenji Muller,procurement185@customer.example.com,+1-555-0185,DE,Stuttgart,Construction,Enterprise,Gold,75708739.6,13847,5,2019-07-21,2019-09-12,2024-08-18,120,3293259.75,183420.42,105,57.69,25,71.84,40.23,26582733.96,5788888.82,847838.31,Net 30,EUR,hi,email,AM-19,active,gold,"["""", ""loyal""]"
CUS-0186,Canada Commerce 186,Sofia Kim,procurement186@customer.example.com,+1-555-0186,CA,Toronto,Manufacturing,Mid-Market,Silver,131767119.97,28111,3,2021-01-10,2021-02-26,2024-03-25,151,9670067.9,208673.89,87,57.23,9,92.43,10.82,40386175.1,5010696.49,1621228.71,Net 90,CAD,en,email,AM-12,active,silver,"["""", """"]"
CUS-0187,Australia Industrial 187,Kenji Kim,procurement187@customer.example.com,+1-555-0187,AU,Brisbane,Aerospace,Small Business,Silver,17458590.08,36778,3,2021-08-13,2021-09-22,2024-04-24,184,1766358.21,31450.59,75,80.29,52,85.68,20.46,5522990.03,722887.42,152866.61,Net 90,AUD,zh,portal,AM-02,active,silver,"["""", """"]"
CUS-0188,Turkey Holdings 188,Kenji Chen,procurement188@customer.example.com,+1-555-0188,TR,Ankara,Agriculture,Enterprise,Bronze,218285943.48,26929,6,2018-12-13,2019-01-14,2024-06-25,168,16385177.3,571400.1,99,59.58,44,82.67,24.76,53658015.11,4817386.86,431276.08,Net 60,TRY,zh,phone,AM-18,active,bronze,"["""", ""loyal""]"
CUS-0189,Germany Technology 189,Aarav Kim,procurement189@customer.example.com,+1-555-0189,DE,Frankfurt,Pharma,Startup,Gold,537046679.71,11847,9,2015-01-12,2015-02-11,2024-05-25,94,64563712.66,1234592.28,68,98.02,45,95.56,6.34,267451942.58,38464732.72,1467892.71,Net 90,EUR,hi,email,AM-14,active,gold,"["""", ""loyal""]"
CUS-0190,Vietnam Technology 190,Elena Garcia,procurement190@customer.example.com,+1-555-0190,VN,Hanoi,Aerospace,Enterprise,Platinum,1218099571.33,9566,8,2016-05-10,2016-06-05,2024-04-16,90,57774821.6,3858112.2,20,88.23,6,96.85,4.49,862222338.08,76757199.52,3552294.36,Net 30,VND,en,portal,AM-14,active,platinum,"["""", ""loyal""]"
CUS-0191,South Africa Holdings 191,Elena Smith,procurement191@customer.example.com,+1-555-0191,ZA,Johannesburg,Technology,Small Business,Bronze,41291208.76,22914,6,2018-03-25,2018-05-29,2024-01-05,169,2172180.1,52890.67,97,86.57,59,68.64,44.8,18629113.86,2749797.23,615050.56,Net 45,ZAR,zh,email,AM-24,active,bronze,"["""", ""loyal""]"
CUS-0192,Vietnam Industrial 192,Elena Kim,procurement192@customer.example.com,+1-555-0192,VN,Hanoi,Healthcare,Small Business,Silver,36987212.26,6985,9,2015-04-21,2015-06-03,2024-10-25,84,1467086.21,178275.44,45,63.09,5,90.79,13.15,16320313.77,1155723.85,506228.72,Net 45,VND,hi,phone,AM-02,active,silver,"["""", ""loyal""]"
CUS-0193,South Korea Supply 193,Liam Kim,procurement193@customer.example.com,+1-555-0193,KR,Seoul,Food & Beverage,Mid-Market,Platinum,1730023853.46,36853,9,2015-02-14,2015-02-25,2024-04-18,105,61862141.97,6814095.14,79,68.61,75,71.68,40.45,341089883.34,79011206.19,1463946.91,Net 30,KRW,hi,phone,AM-15,active,platinum,"["""", ""loyal""]"
CUS-0194,Australia Technology 194,Sofia Garcia,procurement194@customer.example.com,+1-555-0194,AU,Brisbane,Retail,Small Business,Bronze,189686990.89,3134,8,2016-07-04,2016-09-19,2024-11-12,64,20014064.79,683028.53,21,75.18,36,84.03,22.81,52662097.13,7154859.12,125916.04,Net 45,AUD,en,email,AM-14,active,bronze,"["""", ""loyal""]"
CUS-0195,South Korea Industrial 195,Maya Smith,procurement195@customer.example.com,+1-555-0195,KR,Incheon,Electronics,Startup,Silver,186176022.43,43185,5,2019-07-09,2019-09-10,2024-01-12,38,26561322.42,1705341.75,78,89.47,55,79.27,29.61,93025963.38,10494884.37,2703538.18,Net 30,KRW,en,portal,AM-16,active,silver,"["""", ""loyal""]"
CUS-0196,China Industrial 196,Elena Kim,procurement196@customer.example.com,+1-555-0196,CN,Shenzhen,Fashion,Startup,Gold,379063934.18,27550,1,2023-07-18,2023-09-02,2024-10-10,9,53972879.42,14654289.79,30,94.82,55,84.44,22.23,97664509.9,12104386.39,5448654.45,Net 45,CNY,de,phone,AM-06,active,gold,"["""", """"]"
CUS-0197,Poland Industrial 197,Aarav Garcia,procurement197@customer.example.com,+1-555-0197,PL,Krakow,Telecom,Small Business,Silver,351447461.52,32924,7,2017-09-12,2017-09-20,2024-09-12,223,14497820.87,528656.81,84,94.12,46,80.21,28.27,97061158.79,12007982.92,463257.13,Net 60,PLN,hi,email,AM-14,active,silver,"["""", ""loyal""]"
CUS-0198,Thailand Technology 198,Kenji Muller,procurement198@customer.example.com,+1-555-0198,TH,Rayong,Manufacturing,Enterprise,Bronze,155164578.74,27765,4,2020-08-19,2020-09-04,2024-06-18,236,13640970.32,249766.84,56,52.41,73,93.12,9.84,85330794.74,3074515.22,2107107.96,Net 90,THB,ja,portal,AM-23,active,bronze,"["""", """"]"
CUS-0199,United States Holdings 199,Maya Kim,procurement199@customer.example.com,+1-555-0199,US,Houston,Technology,Mid-Market,Silver,34908951.75,5334,4,2020-08-23,2020-10-05,2024-07-10,55,2819206.72,125692.29,98,78.5,12,75.4,35.15,13658156.39,1265809.26,72204.85,Net 90,USD,es,phone,AM-15,active,silver,"["""", """"]"
CUS-0200,Thailand Supply 200,Liam Smith,procurement200@customer.example.com,+1-555-0200,TH,Rayong,Fashion,Enterprise,Bronze,78761736.16,25868,7,2017-04-21,2017-06-10,2024-04-14,69,11544224.53,424246.44,54,96.31,42,71.02,41.39,51567328.55,2116825.93,469031.21,Net 90,THB,hi,phone,AM-18,active,bronze,"["""", ""loyal""]"
CUS-0201,South Korea Industrial 201,Liam Muller,procurement201@customer.example.com,+1-555-0201,KR,Incheon,Aerospace,Enterprise,Gold,929830559.27,3307,3,2021-06-09,2021-08-29,2024-01-15,40,82954708.96,5691291.3,98,47.42,85,92.52,10.69,357737991.96,53796799.91,11544985.88,Net 60,KRW,de,email,AM-16,active,gold,"["""", """"]"
CUS-0202,United States Technology 202,Aarav Patel,procurement202@customer.example.com,+1-555-0202,US,Houston,Food & Beverage,Mid-Market,Gold,733102853.19,32749,4,2020-11-11,2021-01-25,2024-05-20,177,72512265.93,1000569.84,64,95.14,12,83.4,23.72,561213480.07,40537548.44,1569009.51,Net 60,USD,de,phone,AM-20,active,gold,"["""", """"]"
CUS-0203,India Holdings 203,Elena Smith,procurement203@customer.example.com,+1-555-0203,IN,Ahmedabad,Healthcare,Mid-Market,Bronze,190615072.25,31926,1,2023-09-04,2023-11-26,2024-06-23,176,13873803.64,317291.72,77,57.08,16,87.54,17.8,115248556.35,7010012.86,411480.62,Net 45,INR,zh,email,AM-16,active,bronze,"["""", """"]"
CUS-0204,Brazil Industrial 204,Maya Patel,procurement204@customer.example.com,+1-555-0204,BR,Sao Paulo,Logistics,Startup,Gold,250385122.15,49051,2,2022-12-07,2023-01-26,2024-01-21,43,36330182.74,2531440.16,80,85.64,67,74.54,36.38,153761868.01,6657921.9,698082.01,Net 45,BRL,hi,phone,AM-23,active,gold,"["""", """"]"
CUS-0205,Vietnam Commerce 205,Liam Smith,procurement205@customer.example.com,+1-555-0205,VN,Da Nang,Food & Beverage,Small Business,Bronze,44379539.85,12696,8,2016-03-02,2016-03-14,2024-07-14,195,1077839.57,97156.4,89,62.2,13,91.59,12.02,7666246.64,2078094.35,40302.16,Net 45,VND,zh,portal,AM-17,active,bronze,"["""", ""loyal""]"
CUS-0206,Japan Technology 206,Liam Chen,procurement206@customer.example.com,+1-555-0206,JP,Osaka,Automotive,Mid-Market,Silver,167758524.88,43193,3,2021-05-25,2021-06-24,2024-12-17,211,16358064.69,161148.32,25,62.48,11,79.7,29.0,61800767.56,3568913.8,879618.47,Net 60,JPY,de,phone,AM-01,active,silver,"["""", """"]"
CUS-0207,Japan Supply 207,Maya Chen,procurement207@customer.example.com,+1-555-0207,JP,Yokohama,Fashion,Mid-Market,Gold,446323081.69,48739,6,2018-04-20,2018-05-22,2024-08-21,153,20373085.5,786006.75,56,85.55,77,81.98,25.74,120156333.02,11177669.8,5299094.87,Net 60,JPY,en,portal,AM-24,active,gold,"["""", ""loyal""]"
CUS-0208,China Technology 208,Maya Smith,procurement208@customer.example.com,+1-555-0208,CN,Guangzhou,Construction,Mid-Market,Gold,791910488.93,3690,4,2020-06-25,2020-08-15,2024-12-12,22,45677507.91,11105800.83,91,52.18,58,68.75,44.64,320382785.74,44538036.63,9248092.5,Net 60,CNY,hi,portal,AM-16,active,gold,"["""", """"]"
CUS-0209,Mexico Commerce 209,Sofia Patel,procurement209@customer.example.com,+1-555-0209,MX,Monterrey,Aerospace,Mid-Market,Silver,92618111.14,12390,1,2023-07-20,2023-08-17,2024-10-05,227,5935666.44,91146.63,49,74.72,64,89.5,14.99,73223878.68,3635686.59,969477.6,Net 60,MXN,es,email,AM-05,active,silver,"["""", """"]"
CUS-0210,India Holdings 210,Aarav Patel,procurement210@customer.example.com,+1-555-0210,IN,Bengaluru,Manufacturing,Enterprise,Platinum,815786601.22,20009,4,2020-01-12,2020-04-06,2024-03-10,178,21787977.65,1352283.75,100,60.64,68,76.42,33.68,362573009.64,55623986.59,11949745.03,Net 30,INR,en,portal,AM-19,active,platinum,"["""", """"]"
CUS-0211,Canada Commerce 211,Maya Patel,procurement211@customer.example.com,+1-555-0211,CA,Toronto,Logistics,Enterprise,Bronze,24612825.87,23593,6,2018-12-16,2019-01-30,2024-08-24,115,3139798.43,49262.42,76,62.77,5,80.15,28.35,11115447.54,525661.43,190054.12,Net 90,CAD,ja,portal,AM-08,active,bronze,"["""", ""loyal""]"
CUS-0212,Brazil Industrial 212,Elena Garcia,procurement212@customer.example.com,+1-555-0212,BR,Sao Paulo,Pharma,Small Business,Bronze,191966762.46,28356,5,2019-12-09,2019-12-28,2024-10-11,101,9030304.07,400259.53,26,84.38,32,96.86,4.48,43753519.58,14219839.18,661753.78,Net 60,BRL,en,portal,AM-02,active,bronze,"["""", ""loyal""]"
CUS-0213,Turkey Holdings 213,Kenji Kim,procurement213@customer.example.com,+1-555-0213,TR,Bursa,Logistics,Enterprise,Silver,450102678.68,5251,6,2018-05-10,2018-08-08,2024-01-21,230,27122030.84,579556.67,47,97.13,51,97.45,3.64,336313950.73,31294507.15,5721406.46,Net 90,TRY,es,portal,AM-17,active,silver,"["""", ""loyal""]"
CUS-0214,South Africa Supply 214,Liam Patel,procurement214@customer.example.com,+1-555-0214,ZA,Johannesburg,Manufacturing,Small Business,Silver,350059274.06,4755,9,2015-05-08,2015-06-18,2024-08-07,96,30508521.45,1222662.01,57,56.39,45,95.78,6.03,173511222.22,27809915.17,408835.95,Net 30,ZAR,zh,phone,AM-17,active,silver,"["""", ""loyal""]"
CUS-0215,Brazil Industrial 215,Liam Patel,procurement215@customer.example.com,+1-555-0215,BR,Curitiba,Logistics,Enterprise,Bronze,203693247.91,34034,9,2015-06-12,2015-06-29,2024-02-05,46,29536752.7,1587864.29,58,60.96,49,70.61,41.99,139547989.91,12854654.53,1893726.47,Net 60,BRL,de,phone,AM-03,active,bronze,"["""", ""loyal""]"
CUS-0216,Poland Holdings 216,Liam Kim,procurement216@customer.example.com,+1-555-0216,PL,Warsaw,Construction,Small Business,Gold,295364257.93,17986,1,2023-11-15,2023-12-19,2024-01-15,211,23507599.9,249085.47,78,89.25,70,94.35,8.08,70424185.01,7476822.97,3659526.28,Net 30,PLN,en,email,AM-18,active,gold,"["""", """"]"
CUS-0217,Mexico Industrial 217,Maya Kim,procurement217@customer.example.com,+1-555-0217,MX,Monterrey,Manufacturing,Startup,Gold,638545049.39,47564,9,2015-12-08,2016-01-20,2024-11-20,54,77189383.02,4027243.92,62,51.94,24,81.44,26.51,395497186.33,12010542.74,4058306.42,Net 45,MXN,ja,phone,AM-14,active,gold,"["""", ""loyal""]"
CUS-0218,Poland Holdings 218,Kenji Smith,procurement218@customer.example.com,+1-555-0218,PL,Warsaw,Electronics,Startup,Platinum,1168437946.69,5141,9,2015-03-23,2015-05-29,2024-07-09,186,142375645.92,2331878.24,41,77.76,44,94.55,7.79,607242448.72,33566519.75,1478643.6,Net 60,PLN,en,email,AM-10,active,platinum,"["""", ""loyal""]"
CUS-0219,Mexico Supply 219,Liam Chen,procurement219@customer.example.com,+1-555-0219,MX,Mexico City,Aerospace,Small Business,Silver,356640972.24,7641,1,2023-07-22,2023-09-04,2024-12-20,60,47716059.36,1073605.25,104,91.24,71,86.96,18.63,104306099.76,8568705.65,736070.51,Net 45,MXN,zh,portal,AM-20,active,silver,"["""", """"]"
CUS-0220,Vietnam Technology 220,Kenji Patel,procurement220@customer.example.com,+1-555-0220,VN,Hanoi,Healthcare,Mid-Market,Gold,641032091.8,47081,1,2023-12-24,2023-12-31,2024-08-22,139,34713392.97,744091.03,42,69.31,42,73.26,38.2,209893256.11,27482809.71,1506285.48,Net 90,VND,es,phone,AM-14,active,gold,"["""", """"]"
CUS-0221,Poland Holdings 221,Sofia Patel,procurement221@customer.example.com,+1-555-0221,PL,Wroclaw,Healthcare,Enterprise,Silver,124803423.62,3254,2,2022-06-04,2022-06-19,2024-12-06,148,3946643.95,153412.31,29,60.26,24,96.62,4.83,20301380.13,2252144.74,131931.56,Net 90,PLN,es,phone,AM-21,active,silver,"["""", """"]"
CUS-0222,Poland Holdings 222,Kenji Chen,procurement222@customer.example.com,+1-555-0222,PL,Warsaw,Technology,Enterprise,Platinum,813794751.06,17447,6,2018-07-08,2018-07-15,2024-10-14,250,60066940.52,739374.48,51,52.73,44,76.27,33.89,424221111.23,31802456.49,3205278.77,Net 45,PLN,ja,portal,AM-18,active,platinum,"["""", ""loyal""]"
CUS-0223,Australia Technology 223,Sofia Chen,procurement223@customer.example.com,+1-555-0223,AU,Melbourne,Automotive,Enterprise,Gold,716066909.19,13135,6,2018-09-20,2018-11-11,2024-02-15,145,96649623.31,1945275.64,93,64.52,43,74.58,36.31,389316942.15,33296470.65,10664404.93,Net 60,AUD,ja,phone,AM-03,active,gold,"["""", ""loyal""]"
CUS-0224,Turkey Commerce 224,Liam Chen,procurement224@customer.example.com,+1-555-0224,TR,Istanbul,Electronics,Mid-Market,Silver,301905381.99,33418,8,2016-08-03,2016-09-22,2024-04-12,144,14814083.61,472449.18,49,89.62,6,94.18,8.31,119482036.58,18170379.83,1050058.03,Net 90,TRY,ja,phone,AM-20,active,silver,"["""", ""loyal""]"
CUS-0225,Japan Holdings 225,Aarav Muller,procurement225@customer.example.com,+1-555-0225,JP,Osaka,Energy,Small Business,Silver,88038969.39,41816,9,2015-09-13,2015-11-23,2024-11-20,201,4666646.44,90584.16,81,80.21,59,89.78,14.6,30066553.68,5267625.62,554167.7,Net 30,JPY,zh,email,AM-12,active,silver,"["""", ""loyal""]"
CUS-0226,South Korea Supply 226,Aarav Muller,procurement226@customer.example.com,+1-555-0226,KR,Busan,Energy,Enterprise,Bronze,63790968.57,17502,4,2020-07-18,2020-08-24,2024-04-12,201,5481741.94,53999.48,67,48.34,34,81.11,26.98,18831120.33,1747923.1,543283.37,Net 90,KRW,de,phone,AM-23,active,bronze,"["""", """"]"
CUS-0227,Mexico Industrial 227,Maya Smith,procurement227@customer.example.com,+1-555-0227,MX,Monterrey,Logistics,Mid-Market,Gold,16043351.15,16585,1,2023-11-05,2024-01-20,2024-08-04,197,1529272.61,15243.66,21,62.92,41,85.71,20.41,9742244.94,935941.35,131056.8,Net 45,MXN,hi,email,AM-22,active,gold,"["""", """"]"
CUS-0228,Vietnam Commerce 228,Liam Chen,procurement228@customer.example.com,+1-555-0228,VN,Hanoi,Food & Beverage,Enterprise,Platinum,705588787.01,13177,6,2018-05-07,2018-05-26,2024-08-10,80,45569957.93,1422188.92,58,46.09,56,70.3,42.43,490016493.56,32138243.15,4815040.4,Net 45,VND,hi,email,AM-11,active,platinum,"["""", ""loyal""]"
CUS-0229,United States Technology 229,Kenji Smith,procurement229@customer.example.com,+1-555-0229,US,Austin,Technology,Mid-Market,Silver,38708697.43,24126,2,2022-06-05,2022-08-18,2024-03-06,213,2433128.02,72109.53,95,63.17,21,89.71,14.71,25259064.29,2357442.68,22522.4,Net 60,USD,es,email,AM-14,active,silver,"["""", """"]"
CUS-0230,Germany Technology 230,Elena Muller,procurement230@customer.example.com,+1-555-0230,DE,Frankfurt,Logistics,Mid-Market,Bronze,40687768.14,15432,4,2020-02-10,2020-04-26,2024-01-21,117,3610755.73,89873.11,95,48.5,8,83.04,24.22,14520246.07,544418.84,451545.91,Net 30,EUR,en,email,AM-07,active,bronze,"["""", """"]"
CUS-0231,South Africa Holdings 231,Elena Muller,procurement231@customer.example.com,+1-555-0231,ZA,Durban,Fashion,Small Business,Platinum,1652626848.99,42289,3,2021-06-13,2021-07-07,2024-10-09,168,41706684.03,1596985.48,41,57.72,21,79.51,29.28,271285701.2,63364674.51,5027300.0,Net 45,ZAR,en,portal,AM-18,active,platinum,"["""", """"]"
CUS-0232,United States Technology 232,Elena Garcia,procurement232@customer.example.com,+1-555-0232,US,Austin,Electronics,Enterprise,Silver,168709788.97,34774,8,2016-11-01,2016-12-04,2024-10-06,122,17430165.52,517424.85,50,59.66,41,92.61,10.56,26478974.49,12254932.33,1950550.76,Net 90,USD,hi,portal,AM-15,active,silver,"["""", ""loyal""]"
CUS-0233,Germany Technology 233,Aarav Garcia,procurement233@customer.example.com,+1-555-0233,DE,Hamburg,Logistics,Mid-Market,Platinum,305080956.5,30259,8,2016-04-17,2016-07-03,2024-01-03,184,8958746.15,678813.94,29,68.35,12,69.02,44.26,132429681.22,9123700.92,2918351.22,Net 30,EUR,de,phone,AM-03,active,platinum,"["""", ""loyal""]"
CUS-0234,Canada Supply 234,Liam Muller,procurement234@customer.example.com,+1-555-0234,CA,Vancouver,Automotive,Mid-Market,Bronze,174535276.09,46513,2,2022-11-18,2022-11-29,2024-07-08,62,8263801.05,931729.92,21,70.69,54,87.18,18.32,109641962.72,10575369.45,1373612.81,Net 60,CAD,en,email,AM-07,active,bronze,"["""", """"]"
CUS-0235,Japan Supply 235,Liam Garcia,procurement235@customer.example.com,+1-555-0235,JP,Osaka,Energy,Mid-Market,Bronze,161378494.66,40418,9,2015-08-08,2015-09-27,2024-02-17,17,20480259.74,4095313.08,66,60.52,6,68.81,44.55,113399800.85,4904490.51,242577.69,Net 30,JPY,de,phone,AM-07,active,bronze,"["""", ""loyal""]"
CUS-0236,India Technology 236,Maya Patel,procurement236@customer.example.com,+1-555-0236,IN,Chennai,Aerospace,Small Business,Platinum,1199386829.62,21371,4,2020-12-09,2021-01-09,2024-07-01,107,64806354.62,2811183.77,56,54.39,9,68.99,44.3,947183200.39,30939562.5,6541227.01,Net 45,INR,zh,email,AM-16,active,platinum,"["""", """"]"
CUS-0237,Mexico Industrial 237,Kenji Patel,procurement237@customer.example.com,+1-555-0237,MX,Monterrey,Technology,Mid-Market,Gold,50888846.92,19667,7,2017-03-22,2017-04-08,2024-04-23,205,1232099.36,44492.82,34,89.53,10,89.67,14.76,21823173.34,2368962.91,489895.4,Net 45,MXN,de,portal,AM-12,active,gold,"["""", ""loyal""]"
CUS-0238,India Holdings 238,Liam Kim,procurement238@customer.example.com,+1-555-0238,IN,Mumbai,Retail,Mid-Market,Platinum,152977082.11,33073,2,2022-05-03,2022-06-07,2024-02-10,100,18508014.37,663907.15,64,98.44,5,76.43,33.67,32603542.21,9220022.21,1901972.13,Net 45,INR,es,portal,AM-20,active,platinum,"["""", """"]"
CUS-0239,United States Commerce 239,Sofia Garcia,procurement239@customer.example.com,+1-555-0239,US,Chicago,Electronics,Enterprise,Gold,348719713.7,34501,2,2022-11-16,2023-01-26,2024-03-08,181,14758766.86,594633.81,95,45.01,21,84.86,21.64,255158554.59,13180988.3,5055473.54,Net 45,USD,es,phone,AM-06,active,gold,"["""", """"]"
CUS-0240,Canada Holdings 240,Kenji Patel,procurement240@customer.example.com,+1-555-0240,CA,Toronto,Telecom,Mid-Market,Silver,115584568.59,1424,3,2021-09-02,2021-09-14,2024-10-11,97,13244250.13,464443.36,41,55.84,35,94.49,7.87,22914731.06,8930641.47,560118.73,Net 60,CAD,ja,portal,AM-02,active,silver,"["""", """"]"
CUS-0241,United States Technology 241,Aarav Muller,procurement241@customer.example.com,+1-555-0241,US,Chicago,Healthcare,Mid-Market,Silver,147760012.85,11506,5,2019-04-12,2019-05-24,2024-01-14,87,22141662.22,335210.59,71,63.02,20,88.72,16.11,70850535.68,10275209.85,72107.14,Net 90,USD,ja,phone,AM-16,active,silver,"["""", ""loyal""]"
CUS-0242,Turkey Holdings 242,Aarav Kim,procurement242@customer.example.com,+1-555-0242,TR,Istanbul,Telecom,Startup,Platinum,1777438573.8,42988,7,2017-02-13,2017-03-19,2024-02-10,139,54527532.17,4017065.46,26,49.44,62,95.44,6.51,1165752035.2,133465375.69,8945634.9,Net 60,TRY,de,portal,AM-13,active,platinum,"["""", ""loyal""]"
CUS-0243,United States Commerce 243,Maya Kim,procurement243@customer.example.com,+1-555-0243,US,Chicago,Agriculture,Small Business,Bronze,115579409.64,48126,9,2015-09-20,2015-12-12,2024-10-13,195,11549034.8,168144.74,88,54.06,68,92.04,11.37,53722438.41,5364969.18,1421330.11,Net 60,USD,es,portal,AM-15,active,bronze,"["""", ""loyal""]"
CUS-0244,China Industrial 244,Sofia Garcia,procurement244@customer.example.com,+1-555-0244,CN,Guangzhou,Technology,Startup,Platinum,1826106773.09,37117,9,2015-07-25,2015-09-08,2024-05-10,137,246440450.92,4080667.13,47,67.36,39,80.81,27.42,1033388249.92,38904105.17,12739905.39,Net 60,CNY,de,email,AM-05,active,platinum,"["""", ""loyal""]"
CUS-0245,Poland Commerce 245,Liam Muller,procurement245@customer.example.com,+1-555-0245,PL,Wroclaw,Automotive,Mid-Market,Bronze,142028590.75,30601,6,2018-12-21,2019-02-13,2024-03-18,14,6908053.25,3740139.55,56,72.3,34,74.49,36.44,71374885.05,5518692.27,880041.15,Net 90,PLN,en,email,AM-08,active,bronze,"["""", ""loyal""]"
CUS-0246,Mexico Supply 246,Elena Smith,procurement246@customer.example.com,+1-555-0246,MX,Mexico City,Automotive,Small Business,Silver,459546519.05,24480,9,2015-07-08,2015-07-13,2024-09-23,75,14574783.63,2595768.25,29,74.22,49,84.98,21.46,334768735.72,19941377.76,1682710.55,Net 30,MXN,en,phone,AM-19,active,silver,"["""", ""loyal""]"
CUS-0247,Japan Industrial 247,Elena Chen,procurement247@customer.example.com,+1-555-0247,JP,Nagoya,Logistics,Mid-Market,Platinum,1664935954.87,30599,3,2021-11-13,2021-12-17,2024-02-16,39,167979231.58,14306597.04,102,61.14,9,76.34,33.8,788428769.93,95569339.36,11360307.04,Net 90,JPY,zh,phone,AM-04,active,platinum,"["""", """"]"
CUS-0248,Germany Technology 248,Elena Patel,procurement248@customer.example.com,+1-555-0248,DE,Hamburg,Food & Beverage,Small Business,Silver,36754225.98,22806,1,2023-10-20,2023-10-30,2024-12-12,112,4563366.82,95640.13,38,81.65,29,89.21,15.41,16000855.13,914455.38,262246.37,Net 60,EUR,es,phone,AM-17,active,silver,"["""", """"]"
CUS-0249,China Holdings 249,Elena Chen,procurement249@customer.example.com,+1-555-0249,CN,Shenzhen,Technology,Mid-Market,Silver,170945706.82,47540,5,2019-03-20,2019-05-30,2024-09-08,231,4510294.59,302348.76,59,69.2,5,87.83,17.39,49318958.85,4976280.49,1111288.8,Net 60,CNY,de,email,AM-06,active,silver,"["""", ""loyal""]"
CUS-0250,Vietnam Technology 250,Maya Garcia,procurement250@customer.example.com,+1-555-0250,VN,Da Nang,Logistics,Mid-Market,Bronze,113062327.09,8314,3,2021-08-08,2021-10-27,2024-07-22,14,9411173.17,1280905.74,26,45.68,39,71.62,40.55,52349006.02,3106900.74,1628995.22,Net 90,VND,zh,email,AM-21,active,bronze,"["""", """"]"
CUS-0251,South Korea Technology 251,Elena Smith,procurement251@customer.example.com,+1-555-0251,KR,Seoul,Construction,Small Business,Bronze,10411769.11,43640,6,2018-01-13,2018-01-23,2024-08-10,18,1464279.43,237317.91,55,85.34,59,79.56,29.2,7809024.16,743713.07,110309.7,Net 60,KRW,zh,phone,AM-17,active,bronze,"["""", ""loyal""]"
CUS-0252,United States Commerce 252,Aarav Chen,procurement252@customer.example.com,+1-555-0252,US,Detroit,Pharma,Mid-Market,Platinum,494727874.38,23540,8,2016-01-05,2016-02-05,2024-03-11,124,47007585.99,1006875.57,81,90.45,21,91.23,12.53,112913939.53,37699012.17,6336937.58,Net 45,USD,ja,email,AM-22,active,platinum,"["""", ""loyal""]"
CUS-0253,India Holdings 253,Liam Chen,procurement253@customer.example.com,+1-555-0253,IN,Mumbai,Food & Beverage,Startup,Bronze,193509194.61,29805,2,2022-04-22,2022-07-14,2024-12-13,87,12444253.33,888263.75,39,77.83,45,96.22,5.4,30428169.73,14332803.72,1656636.59,Net 45,INR,ja,email,AM-20,active,bronze,"["""", """"]"
CUS-0254,Canada Holdings 254,Sofia Smith,procurement254@customer.example.com,+1-555-0254,CA,Toronto,Telecom,Mid-Market,Bronze,80661352.33,31900,6,2018-11-20,2018-11-25,2024-09-03,172,8728603.89,182080.17,46,55.6,63,94.79,7.44,18129694.42,5887402.19,928459.05,Net 45,CAD,ja,portal,AM-16,active,bronze,"["""", ""loyal""]"
CUS-0255,Thailand Supply 255,Sofia Garcia,procurement255@customer.example.com,+1-555-0255,TH,Chon Buri,Technology,Small Business,Silver,414121646.2,10677,6,2018-05-08,2018-05-26,2024-09-08,71,51870779.71,2333767.43,70,68.0,29,81.56,26.34,251475065.58,31090506.9,4526641.76,Net 60,THB,ja,email,AM-21,active,silver,"["""", ""loyal""]"
CUS-0256,Poland Holdings 256,Aarav Muller,procurement256@customer.example.com,+1-555-0256,PL,Krakow,Manufacturing,Startup,Gold,748804101.55,33557,3,2021-12-11,2022-02-28,2024-07-22,144,104039540.88,2123035.25,32,52.11,46,88.93,15.81,162830305.81,22195366.67,4272150.38,Net 30,PLN,en,portal,AM-11,active,gold,"["""", """"]"
CUS-0257,Canada Technology 257,Sofia Smith,procurement257@customer.example.com,+1-555-0257,CA,Vancouver,Healthcare,Enterprise,Bronze,226120065.35,26016,5,2019-02-02,2019-04-22,2024-08-21,147,17471888.03,534576.42,41,80.72,80,70.9,41.57,123646125.86,15509348.24,3276312.15,Net 60,CAD,zh,portal,AM-07,active,bronze,"["""", ""loyal""]"
CUS-0258,India Supply 258,Sofia Patel,procurement258@customer.example.com,+1-555-0258,IN,Ahmedabad,Retail,Enterprise,Silver,89942629.0,46876,3,2021-11-14,2021-12-29,2024-09-22,221,4709047.73,97211.21,45,84.65,71,89.63,14.82,23257371.83,3328674.38,504800.66,Net 45,INR,ja,phone,AM-24,active,silver,"["""", """"]"
CUS-0259,Poland Supply 259,Kenji Chen,procurement259@customer.example.com,+1-555-0259,PL,Wroclaw,Food & Beverage,Mid-Market,Silver,88876097.11,31177,4,2020-08-02,2020-10-21,2024-04-07,46,11688840.97,682032.98,82,68.98,32,83.56,23.48,43861553.4,5870533.16,1301569.87,Net 60,PLN,en,portal,AM-20,active,silver,"["""", """"]"
CUS-0260,Vietnam Commerce 260,Liam Garcia,procurement260@customer.example.com,+1-555-0260,VN,Da Nang,Manufacturing,Mid-Market,Silver,167093850.81,42344,3,2021-07-24,2021-09-17,2024-08-18,224,19972709.81,136315.56,98,55.75,40,73.3,38.14,48415269.55,4373500.22,599324.58,Net 90,VND,hi,phone,AM-22,active,silver,"["""", """"]"
CUS-0261,India Supply 261,Sofia Chen,procurement261@customer.example.com,+1-555-0261,IN,Mumbai,Logistics,Startup,Bronze,194108337.51,40266,1,2023-01-11,2023-03-03,2024-07-03,141,8614440.35,463217.1,56,84.37,16,69.73,43.24,45309507.08,7588525.88,912661.6,Net 90,INR,en,email,AM-03,active,bronze,"["""", """"]"
CUS-0262,South Africa Supply 262,Maya Patel,procurement262@customer.example.com,+1-555-0262,ZA,Cape Town,Technology,Mid-Market,Silver,108909905.87,32125,1,2023-05-18,2023-07-20,2024-05-25,40,3527554.74,946449.93,48,45.74,22,92.41,10.84,78543344.94,6927163.15,716143.39,Net 90,ZAR,hi,portal,AM-19,active,silver,"["""", """"]"
CUS-0263,Canada Commerce 263,Kenji Smith,procurement263@customer.example.com,+1-555-0263,CA,Montreal,Manufacturing,Enterprise,Silver,415725263.13,26778,7,2017-12-12,2017-12-20,2024-05-12,54,59590627.06,3035896.39,47,91.59,32,91.8,11.71,256733776.71,27263606.38,2955640.59,Net 30,CAD,hi,phone,AM-17,active,silver,"["""", ""loyal""]"
CUS-0264,Canada Holdings 264,Sofia Kim,procurement264@customer.example.com,+1-555-0264,CA,Montreal,Telecom,Mid-Market,Platinum,1299944533.62,22388,3,2021-05-19,2021-05-28,2024-06-11,226,120033119.1,2297090.59,30,75.98,77,82.79,24.58,662090259.63,92166596.51,12963595.5,Net 90,CAD,es,phone,AM-05,active,platinum,"["""", """"]"
CUS-0265,Brazil Commerce 265,Maya Muller,procurement265@customer.example.com,+1-555-0265,BR,Curitiba,Food & Beverage,Small Business,Platinum,472680800.14,28658,7,2017-04-05,2017-05-25,2024-05-08,111,14756131.76,1777523.28,102,48.4,74,78.45,30.79,339184887.07,29280489.25,7026446.96,Net 30,BRL,hi,email,AM-21,active,platinum,"["""", ""loyal""]"
CUS-0266,Poland Holdings 266,Liam Kim,procurement266@customer.example.com,+1-555-0266,PL,Krakow,Automotive,Small Business,Silver,255190296.89,30855,8,2016-11-16,2016-12-18,2024-05-09,248,33451137.73,227953.1,101,67.09,49,69.2,43.99,83658932.7,10176605.82,2433532.51,Net 60,PLN,ja,phone,AM-08,active,silver,"["""", ""loyal""]"
CUS-0267,Thailand Supply 267,Kenji Smith,procurement267@customer.example.com,+1-555-0267,TH,Rayong,Logistics,Startup,Silver,188318790.27,22610,2,2022-07-08,2022-08-03,2024-11-25,27,22310617.11,2003918.66,69,56.43,16,68.98,44.32,33609589.59,7116550.12,2622419.37,Net 30,THB,ja,portal,AM-18,active,silver,"["""", """"]"
CUS-0268,Australia Holdings 268,Liam Garcia,procurement268@customer.example.com,+1-555-0268,AU,Brisbane,Energy,Enterprise,Gold,41670252.76,8247,4,2020-01-08,2020-03-05,2024-05-08,53,1721040.38,188581.32,58,70.93,29,69.56,43.49,32512182.18,2769398.1,274973.69,Net 60,AUD,es,email,AM-15,active,gold,"["""", """"]"
CUS-0269,Turkey Industrial 269,Elena Garcia,procurement269@customer.example.com,+1-555-0269,TR,Istanbul,Construction,Mid-Market,Bronze,104188750.4,29331,5,2019-12-01,2019-12-11,2024-11-09,209,5052835.51,217736.54,33,85.09,17,87.44,17.95,41199943.0,3764285.21,908096.04,Net 30,TRY,zh,email,AM-20,active,bronze,"["""", ""loyal""]"
CUS-0270,Turkey Commerce 270,Aarav Patel,procurement270@customer.example.com,+1-555-0270,TR,Ankara,Aerospace,Enterprise,Bronze,56819026.67,46551,5,2019-12-07,2020-02-02,2024-08-12,83,2816527.71,234295.11,56,68.58,37,72.58,39.17,44157463.67,2046456.17,700379.95,Net 30,TRY,en,phone,AM-14,active,bronze,"["""", ""loyal""]"
CUS-0271,China Supply 271,Maya Muller,procurement271@customer.example.com,+1-555-0271,CN,Guangzhou,Healthcare,Small Business,Bronze,237467157.75,11672,4,2020-07-13,2020-08-10,2024-01-07,152,5506482.3,293911.31,44,65.84,40,88.24,16.8,47039841.78,6429474.07,1438361.75,Net 45,CNY,ja,email,AM-19,active,bronze,"["""", """"]"
CUS-0272,Poland Technology 272,Sofia Muller,procurement272@customer.example.com,+1-555-0272,PL,Wroclaw,Food & Beverage,Small Business,Bronze,26840752.84,49483,6,2018-05-22,2018-08-17,2024-06-13,140,1900823.3,32452.37,54,45.55,52,90.42,13.68,6944961.83,1747680.56,261247.67,Net 60,PLN,hi,portal,AM-22,active,bronze,"["""", ""loyal""]"
CUS-0273,United States Commerce 273,Maya Patel,procurement273@customer.example.com,+1-555-0273,US,Austin,Technology,Small Business,Gold,796274533.21,996,8,2016-08-02,2016-09-16,2024-08-04,83,70575968.68,4206825.27,28,77.13,66,79.65,29.07,315122592.56,58371868.46,2970121.87,Net 60,USD,ja,portal,AM-10,active,gold,"["""", ""loyal""]"
CUS-0274,Canada Holdings 274,Aarav Kim,procurement274@customer.example.com,+1-555-0274,CA,Vancouver,Electronics,Enterprise,Bronze,46622020.48,15297,6,2018-12-19,2019-01-07,2024-11-12,37,1691078.36,199695.74,62,53.83,33,80.52,27.83,14188806.33,1584294.33,134360.01,Net 45,CAD,ja,portal,AM-06,active,bronze,"["""", ""loyal""]"
CUS-0275,Vietnam Holdings 275,Sofia Muller,procurement275@customer.example.com,+1-555-0275,VN,Da Nang,Automotive,Mid-Market,Silver,461758505.29,35777,9,2015-07-17,2015-08-23,2024-11-23,42,46359367.02,3735751.01,40,80.38,24,91.75,11.79,273470277.55,33708180.59,78398.24,Net 45,VND,es,portal,AM-16,active,silver,"["""", ""loyal""]"
CUS-0276,South Africa Technology 276,Kenji Chen,procurement276@customer.example.com,+1-555-0276,ZA,Durban,Electronics,Mid-Market,Silver,419898176.65,11993,1,2023-09-12,2023-12-04,2024-03-21,119,46331377.1,694050.88,94,65.18,19,91.72,11.83,210601367.57,19486715.83,93247.53,Net 90,ZAR,zh,portal,AM-05,active,silver,"["""", """"]"
CUS-0277,Canada Industrial 277,Liam Muller,procurement277@customer.example.com,+1-555-0277,CA,Vancouver,Logistics,Enterprise,Silver,72715852.2,31312,9,2015-04-20,2015-05-10,2024-05-13,235,1726794.44,127992.82,36,92.74,63,78.16,31.2,48561663.23,1803439.93,387457.96,Net 45,CAD,es,phone,AM-08,active,silver,"["""", ""loyal""]"
CUS-0278,United States Industrial 278,Liam Patel,procurement278@customer.example.com,+1-555-0278,US,Austin,Aerospace,Small Business,Bronze,167671115.81,16135,8,2016-08-15,2016-09-16,2024-03-14,140,17560731.42,201436.34,22,64.22,22,96.57,4.9,34103458.84,9485104.58,862845.21,Net 90,USD,hi,portal,AM-22,active,bronze,"["""", ""loyal""]"
CUS-0279,South Korea Industrial 279,Aarav Chen,procurement279@customer.example.com,+1-555-0279,KR,Daegu,Energy,Enterprise,Silver,185807622.24,37418,7,2017-07-13,2017-09-20,2024-03-14,65,10293631.66,821308.69,89,73.44,43,85.34,20.95,65458731.02,11201365.67,1764526.76,Net 30,KRW,de,email,AM-18,active,silver,"["""", ""loyal""]"
CUS-0280,United States Commerce 280,Sofia Muller,procurement280@customer.example.com,+1-555-0280,US,Chicago,Electronics,Small Business,Bronze,186163110.1,18486,7,2017-04-10,2017-07-09,2024-05-12,206,22727888.47,301618.75,86,97.14,72,94.63,7.67,97333053.09,4946403.45,1980146.04,Net 30,USD,ja,portal,AM-20,active,bronze,"["""", ""loyal""]"
CUS-0281,Germany Commerce 281,Liam Kim,procurement281@customer.example.com,+1-555-0281,DE,Hamburg,Manufacturing,Small Business,Gold,289729742.17,9629,2,2022-03-04,2022-05-09,2024-05-08,191,24503886.08,505560.91,79,53.75,12,91.19,12.58,225162031.07,7586021.51,2184936.57,Net 60,EUR,de,phone,AM-10,active,gold,"["""", """"]"
CUS-0282,United States Industrial 282,Sofia Chen,procurement282@customer.example.com,+1-555-0282,US,Houston,Manufacturing,Startup,Silver,411776245.27,38292,5,2019-08-14,2019-11-07,2024-06-19,39,49144238.41,4673465.68,93,50.74,54,94.62,7.69,231499553.87,11937478.28,2211209.26,Net 30,USD,zh,portal,AM-16,active,silver,"["""", ""loyal""]"
CUS-0283,Turkey Commerce 283,Kenji Garcia,procurement283@customer.example.com,+1-555-0283,TR,Ankara,Healthcare,Enterprise,Bronze,209460447.03,33429,8,2016-03-04,2016-04-02,2024-01-25,219,15863613.44,256117.82,68,70.64,9,75.36,35.19,49747806.24,15273530.98,2305524.96,Net 60,TRY,en,portal,AM-06,active,bronze,"["""", ""loyal""]"
CUS-0284,Vietnam Holdings 284,Maya Garcia,procurement284@customer.example.com,+1-555-0284,VN,Hanoi,Construction,Small Business,Silver,272787604.77,29631,3,2021-02-25,2021-05-08,2024-01-10,87,12113702.49,1222430.09,83,55.39,51,96.64,4.8,91095183.34,8980867.48,830096.32,Net 30,VND,de,phone,AM-02,active,silver,"["""", """"]"
CUS-0285,South Africa Holdings 285,Maya Smith,procurement285@customer.example.com,+1-555-0285,ZA,Cape Town,Telecom,Mid-Market,Silver,306478196.07,42806,8,2016-02-09,2016-04-21,2024-01-16,46,31433715.31,2573789.05,44,55.31,32,88.21,16.84,78433895.19,16372961.81,2299896.19,Net 45,ZAR,ja,portal,AM-02,active,silver,"["""", ""loyal""]"
CUS-0286,Brazil Supply 286,Sofia Chen,procurement286@customer.example.com,+1-555-0286,BR,Sao Paulo,Construction,Small Business,Bronze,55399387.38,25576,8,2016-06-21,2016-09-03,2024-08-04,119,2000987.57,86455.29,92,94.16,20,93.06,9.92,41902860.96,1901135.84,742737.66,Net 30,BRL,es,portal,AM-17,active,bronze,"["""", ""loyal""]"
CUS-0287,South Korea Supply 287,Elena Patel,procurement287@customer.example.com,+1-555-0287,KR,Daegu,Aerospace,Enterprise,Bronze,17790288.48,18647,8,2016-06-16,2016-08-22,2024-03-12,231,1558966.31,28312.63,44,61.36,66,86.39,19.45,11206697.92,807698.66,15664.43,Net 30,KRW,es,email,AM-05,active,bronze,"["""", ""loyal""]"
CUS-0288,South Korea Commerce 288,Maya Chen,procurement288@customer.example.com,+1-555-0288,KR,Daegu,Healthcare,Startup,Platinum,41532159.47,7652,7,2017-06-11,2017-08-24,2024-10-05,70,3473910.37,190205.25,102,97.15,55,90.2,14.0,13793131.81,1721624.55,23338.33,Net 90,KRW,hi,portal,AM-08,active,platinum,"["""", ""loyal""]"
CUS-0289,United States Technology 289,Liam Patel,procurement289@customer.example.com,+1-555-0289,US,San Jose,Manufacturing,Mid-Market,Silver,236329396.0,48035,1,2023-03-12,2023-05-16,2024-05-22,58,8007837.5,1767536.26,23,76.48,37,73.46,37.91,144254613.26,15541407.12,2809746.26,Net 45,USD,en,email,AM-20,active,silver,"["""", """"]"
CUS-0290,Canada Industrial 290,Maya Smith,procurement290@customer.example.com,+1-555-0290,CA,Vancouver,Telecom,Mid-Market,Bronze,189624634.02,46867,1,2023-11-03,2023-11-17,2024-08-09,163,18956330.95,354255.54,36,46.73,23,77.54,32.09,108706395.27,8143787.02,665638.72,Net 60,CAD,en,portal,AM-10,active,bronze,"["""", """"]"
CUS-0291,Mexico Technology 291,Liam Garcia,procurement291@customer.example.com,+1-555-0291,MX,Monterrey,Automotive,Mid-Market,Gold,443739269.61,19207,1,2023-07-21,2023-08-04,2024-02-17,131,52689460.05,602655.96,44,48.17,15,75.84,34.52,142339802.73,34929830.58,3395869.24,Net 45,MXN,hi,email,AM-05,active,gold,"["""", """"]"
CUS-0292,Turkey Technology 292,Maya Kim,procurement292@customer.example.com,+1-555-0292,TR,Istanbul,Fashion,Small Business,Silver,163580656.82,9276,5,2019-11-03,2019-11-15,2024-12-13,193,16098376.04,289980.0,87,75.23,71,71.65,40.5,28389945.15,7976633.39,659413.53,Net 30,TRY,hi,portal,AM-08,active,silver,"["""", ""loyal""]"
CUS-0293,United States Industrial 293,Liam Garcia,procurement293@customer.example.com,+1-555-0293,US,San Jose,Aerospace,Mid-Market,Silver,146783594.7,11363,4,2020-05-05,2020-07-16,2024-06-15,144,13088382.48,157997.72,105,65.48,80,79.25,29.64,100596345.1,6893026.16,232206.88,Net 60,USD,ja,phone,AM-09,active,silver,"["""", """"]"
CUS-0294,Japan Industrial 294,Maya Muller,procurement294@customer.example.com,+1-555-0294,JP,Yokohama,Logistics,Mid-Market,Silver,100946963.73,46697,1,2023-07-08,2023-09-22,2024-11-16,91,3914266.69,412993.17,88,68.85,45,85.61,20.56,70990149.19,3522186.86,1298773.88,Net 90,JPY,de,phone,AM-03,active,silver,"["""", """"]"
CUS-0295,China Holdings 295,Maya Kim,procurement295@customer.example.com,+1-555-0295,CN,Suzhou,Technology,Mid-Market,Bronze,39051806.91,36544,8,2016-06-10,2016-09-03,2024-11-12,54,2806036.04,128087.4,69,45.14,7,69.92,42.97,21635347.4,1168044.91,2870.74,Net 30,CNY,es,phone,AM-03,active,bronze,"["""", ""loyal""]"
CUS-0296,India Technology 296,Kenji Garcia,procurement296@customer.example.com,+1-555-0296,IN,Chennai,Manufacturing,Small Business,Gold,203373206.33,42811,2,2022-07-20,2022-09-14,2024-10-19,74,13973749.74,967959.07,94,77.37,68,80.83,27.38,56427941.24,6028591.72,1189779.81,Net 30,INR,zh,email,AM-22,active,gold,"["""", """"]"
CUS-0297,Australia Industrial 297,Liam Smith,procurement297@customer.example.com,+1-555-0297,AU,Melbourne,Telecom,Mid-Market,Gold,819774808.87,28536,6,2018-03-03,2018-05-07,2024-08-20,28,122740365.04,10000791.87,18,72.36,71,94.66,7.63,512197747.21,62778489.89,4768663.0,Net 30,AUD,zh,portal,AM-03,active,gold,"["""", ""loyal""]"
CUS-0298,China Industrial 298,Kenji Muller,procurement298@customer.example.com,+1-555-0298,CN,Ningbo,Fashion,Mid-Market,Bronze,97477215.66,41410,7,2017-09-11,2017-11-09,2024-05-22,133,12945796.58,203726.54,68,81.09,65,76.5,33.57,16632228.96,1224610.09,1236256.15,Net 60,CNY,zh,phone,AM-02,active,bronze,"["""", ""loyal""]"
CUS-0299,United States Industrial 299,Liam Patel,procurement299@customer.example.com,+1-555-0299,US,Houston,Fashion,Enterprise,Gold,740596742.24,9718,4,2020-05-03,2020-07-19,2024-02-23,67,90630527.54,2265983.38,75,64.16,61,90.83,13.1,354204379.57,12882396.98,5965233.97,Net 45,USD,en,email,AM-06,active,gold,"["""", """"]"
CUS-0300,Poland Commerce 300,Sofia Chen,procurement300@customer.example.com,+1-555-0300,PL,Warsaw,Technology,Startup,Platinum,640191094.37,4954,2,2022-12-03,2023-01-18,2024-08-25,103,48063097.19,2424550.9,19,57.22,50,84.76,21.78,294438654.77,43415232.64,1548167.72,Net 45,PLN,de,phone,AM-04,active,platinum,"["""", """"]"
CUS-0301,South Africa Commerce 301,Kenji Patel,procurement301@customer.example.com,+1-555-0301,ZA,Cape Town,Manufacturing,Startup,Gold,852152621.76,9830,5,2019-05-13,2019-06-08,2024-09-06,138,126954119.19,2335679.22,32,45.99,7,82.05,25.64,581825779.88,59606649.81,8381574.16,Net 60,ZAR,ja,phone,AM-16,active,gold,"["""", ""loyal""]"
CUS-0302,Turkey Industrial 302,Maya Kim,procurement302@customer.example.com,+1-555-0302,TR,Bursa,Fashion,Small Business,Platinum,1617853840.53,21571,1,2023-11-17,2023-12-03,2024-11-01,126,126267433.53,4175366.01,85,51.58,50,73.37,38.05,1193023956.01,72314179.49,6383686.59,Net 30,TRY,es,portal,AM-24,active,platinum,"["""", """"]"
CUS-0303,Turkey Commerce 303,Sofia Garcia,procurement303@customer.example.com,+1-555-0303,TR,Istanbul,Healthcare,Small Business,Platinum,1318369836.09,42575,3,2021-01-01,2021-02-27,2024-08-07,170,81498847.77,2690361.49,95,71.78,48,77.79,31.73,610861864.82,94368714.08,17695930.43,Net 45,TRY,zh,phone,AM-08,active,platinum,"["""", """"]"
CUS-0304,India Technology 304,Liam Smith,procurement304@customer.example.com,+1-555-0304,IN,Chennai,Technology,Small Business,Bronze,204494580.72,17576,1,2023-09-12,2023-10-18,2024-02-17,114,18807155.53,599093.09,47,86.29,18,72.23,39.67,156064096.72,9412793.05,1320030.25,Net 90,INR,en,email,AM-18,active,bronze,"["""", """"]"
CUS-0305,Mexico Technology 305,Sofia Garcia,procurement305@customer.example.com,+1-555-0305,MX,Mexico City,Manufacturing,Small Business,Platinum,1404942141.76,18768,3,2021-11-17,2022-01-10,2024-12-06,155,107807874.7,3383402.19,49,63.45,70,80.64,27.66,725281197.29,39048649.67,7408670.88,Net 60,MXN,ja,portal,AM-22,active,platinum,"["""", """"]"
CUS-0306,Thailand Commerce 306,Kenji Garcia,procurement306@customer.example.com,+1-555-0306,TH,Bangkok,Aerospace,Mid-Market,Platinum,1255994316.63,45280,5,2019-12-25,2020-03-09,2024-03-05,74,138878878.39,7421320.87,60,61.07,80,81.13,26.96,736608593.43,43271053.86,9047256.47,Net 30,THB,es,email,AM-11,active,platinum,"["""", ""loyal""]"
CUS-0307,Canada Commerce 307,Maya Smith,procurement307@customer.example.com,+1-555-0307,CA,Vancouver,Logistics,Mid-Market,Silver,310365141.94,28837,6,2018-10-03,2018-12-01,2024-01-22,185,7766926.74,531581.23,99,70.26,73,78.14,31.22,147464530.14,12021224.54,236134.86,Net 45,CAD,hi,portal,AM-21,active,silver,"["""", ""loyal""]"
CUS-0308,South Africa Supply 308,Aarav Muller,procurement308@customer.example.com,+1-555-0308,ZA,Johannesburg,Energy,Small Business,Silver,182161434.46,48796,4,2020-05-15,2020-06-26,2024-08-15,77,21601331.59,558045.62,24,53.27,5,72.73,38.96,127269162.71,2451685.65,2728330.11,Net 30,ZAR,ja,email,AM-21,active,silver,"["""", """"]"
CUS-0309,Thailand Technology 309,Kenji Garcia,procurement309@customer.example.com,+1-555-0309,TH,Bangkok,Agriculture,Mid-Market,Silver,240090866.42,36164,4,2020-07-03,2020-09-14,2024-07-25,36,9612395.74,2107665.98,20,73.29,80,88.45,16.5,173711322.1,11059430.55,1926093.87,Net 30,THB,zh,phone,AM-05,active,silver,"["""", """"]"
CUS-0310,Mexico Holdings 310,Liam Chen,procurement310@customer.example.com,+1-555-0310,MX,Mexico City,Food & Beverage,Small Business,Bronze,128515773.63,34053,6,2018-05-16,2018-07-05,2024-01-19,171,18466595.0,283216.2,73,87.43,85,81.5,26.43,36234476.5,9045684.29,294841.32,Net 90,MXN,es,phone,AM-21,active,bronze,"["""", ""loyal""]"
CUS-0311,Turkey Technology 311,Sofia Patel,procurement311@customer.example.com,+1-555-0311,TR,Ankara,Manufacturing,Enterprise,Bronze,37596024.01,21897,2,2022-12-22,2023-02-17,2024-02-06,233,1050614.5,68305.46,79,83.96,43,94.31,8.13,14744000.67,2963982.22,243375.03,Net 30,TRY,ja,phone,AM-17,active,bronze,"["""", """"]"
CUS-0312,South Korea Supply 312,Sofia Chen,procurement312@customer.example.com,+1-555-0312,KR,Incheon,Construction,Mid-Market,Silver,297194410.15,18785,1,2023-06-11,2023-09-07,2024-07-03,153,18436456.01,771802.8,37,53.36,15,83.34,23.8,124931185.38,5919394.58,2452837.01,Net 30,KRW,en,email,AM-01,active,silver,"["""", """"]"
CUS-0313,Germany Commerce 313,Elena Chen,procurement313@customer.example.com,+1-555-0313,DE,Stuttgart,Logistics,Enterprise,Gold,946368466.3,47218,9,2015-11-07,2016-01-21,2024-03-11,46,106412707.68,9202528.33,67,98.19,19,79.13,29.82,609070838.48,29067552.15,8982625.3,Net 90,EUR,ja,email,AM-22,active,gold,"["""", ""loyal""]"
CUS-0314,Japan Supply 314,Maya Kim,procurement314@customer.example.com,+1-555-0314,JP,Tokyo,Technology,Mid-Market,Bronze,28617920.37,25522,8,2016-01-10,2016-02-21,2024-11-03,21,1750975.63,388943.41,81,80.91,85,83.71,23.28,12473947.77,1843676.27,393978.7,Net 60,JPY,zh,email,AM-08,active,bronze,"["""", ""loyal""]"
CUS-0315,China Supply 315,Kenji Smith,procurement315@customer.example.com,+1-555-0315,CN,Ningbo,Technology,Mid-Market,Platinum,1455638530.8,48892,7,2017-11-07,2017-12-25,2024-01-19,88,60456714.88,4721357.99,89,72.08,58,87.23,18.24,749429914.35,70014672.14,21818111.63,Net 60,CNY,es,phone,AM-17,active,platinum,"["""", ""loyal""]"
CUS-0316,Brazil Holdings 316,Aarav Chen,procurement316@customer.example.com,+1-555-0316,BR,Curitiba,Manufacturing,Small Business,Bronze,194898492.24,19677,9,2015-03-03,2015-04-16,2024-02-21,236,27329540.0,214415.95,58,97.96,84,84.83,21.67,103909030.43,3104934.33,282474.22,Net 90,BRL,hi,phone,AM-13,active,bronze,"["""", ""loyal""]"
CUS-0317,Australia Holdings 317,Sofia Muller,procurement317@customer.example.com,+1-555-0317,AU,Melbourne,Technology,Enterprise,Gold,205184270.71,35825,9,2015-12-19,2016-02-18,2024-04-22,39,14362967.76,1281437.91,60,61.14,45,92.18,11.16,136751777.16,2888811.97,1052875.47,Net 30,AUD,ja,email,AM-03,active,gold,"["""", ""loyal""]"
CUS-0318,India Commerce 318,Liam Kim,procurement318@customer.example.com,+1-555-0318,IN,Pune,Energy,Small Business,Silver,53541944.16,38648,1,2023-09-19,2023-10-05,2024-08-19,24,6140496.74,432937.03,22,82.93,33,94.01,8.56,12048583.16,4170607.25,78498.49,Net 30,INR,en,email,AM-17,active,silver,"["""", """"]"
CUS-0319,United States Industrial 319,Maya Muller,procurement319@customer.example.com,+1-555-0319,US,Austin,Automotive,Mid-Market,Platinum,631458945.37,29306,1,2023-07-24,2023-09-20,2024-09-06,100,55935032.94,1799260.88,91,63.98,66,86.17,19.76,331287328.05,50158051.23,336992.88,Net 30,USD,hi,portal,AM-05,active,platinum,"["""", """"]"
CUS-0320,Thailand Holdings 320,Liam Garcia,procurement320@customer.example.com,+1-555-0320,TH,Chon Buri,Retail,Enterprise,Gold,460608948.15,9078,7,2017-12-10,2018-01-05,2024-03-14,18,42431246.64,6613975.0,34,63.25,62,72.67,39.04,319283794.54,31146622.15,926450.56,Net 60,THB,es,email,AM-16,active,gold,"["""", ""loyal""]"
