date,country_code,country,gdp_growth,gdp_growth_rate,inflation,inflation_rate,interest_rate,industrial_production_index,unemployment_rate,manufacturing_pmi,retail_sales_index,consumer_confidence,business_confidence,exchange_rate_usd,trade_balance_usd,government_debt_percent_gdp,credit_rating,stock_market_index,oil_price_usd,gold_price_usd
2015-01,IN,India,2.871,2.871,5.953,5.953,5.63,79.309,5.825,57.256,102.397,68.835,72.315,83.235193,-8169202.37,92.935,A,1038.354,55.0,1200.0
2015-01,CN,China,2.478,2.478,1.97,1.97,4.145,95.661,6.162,56.141,100.993,66.589,69.788,7.125744,56995025.99,63.912,AA,1015.894,55.0,1200.0
2015-01,US,United States,2.34,2.34,3.607,3.607,4.865,88.307,6.28,55.099,100.499,65.799,68.899,0.998219,67064830.37,118.721,BBB,1007.987,55.0,1200.0
2015-01,DE,Germany,2.745,2.745,2.973,2.973,4.46,93.254,5.933,57.326,101.947,68.115,71.505,0.92435,47951827.44,29.915,BB,1031.153,55.0,1200.0
2015-01,JP,Japan,2.614,2.614,2.702,2.702,4.37,90.931,6.045,56.569,101.478,67.364,70.66,151.479282,65397339.59,94.224,A,1023.642,55.0,1200.0
2015-01,VN,Vietnam,0.831,0.831,3.431,3.431,4.685,69.537,7.573,46.757,95.112,57.18,59.202,24711.322835,48372525.73,113.57,AA,921.798,55.0,1200.0
2015-01,BR,Brazil,3.297,3.297,4.582,4.582,5.27,69.864,5.46,58.883,103.917,71.267,75.05,4.965601,28922124.22,55.369,AA,1062.666,55.0,1200.0
2015-01,KR,South Korea,3.378,3.378,3.607,3.607,4.82,91.621,5.39,60.34,104.207,71.732,75.573,1348.779905,64467431.78,48.287,BBB,1067.318,55.0,1200.0
2015-01,MX,Mexico,3.596,3.596,4.572,4.572,5.315,76.584,5.203,60.682,104.987,72.98,76.977,17.308452,45036443.47,55.19,AA,1079.8,55.0,1200.0
2015-01,TH,Thailand,3.332,3.332,1.104,1.104,3.74,73.009,5.43,59.209,104.042,71.468,75.276,35.807,45327590.47,103.596,A,1064.68,55.0,1200.0
2015-01,PL,Poland,3.408,3.408,6.653,6.653,5.9,78.296,5.364,59.842,104.316,71.906,75.769,3.978846,61840634.67,74.414,A,1069.057,55.0,1200.0
2015-01,TR,Turkey,3.525,3.525,54.15,54.15,27.455,72.318,5.264,60.124,104.732,72.57,76.517,27.424585,43938744.66,100.923,BB,1075.704,55.0,1200.0
2015-01,ZA,South Africa,1.979,1.979,5.966,5.966,5.855,61.658,6.589,51.996,99.211,63.738,66.58,18.420729,30482967.01,116.288,BB,987.38,55.0,1200.0
2015-01,AU,Australia,3.549,3.549,3.78,3.78,4.91,82.698,5.244,60.745,104.818,72.708,76.672,1.501156,-9167440.39,108.056,AA,1077.085,55.0,1200.0
2015-01,CA,Canada,3.58,3.58,4.454,4.454,4.955,84.828,5.217,60.998,104.927,72.884,76.869,1.340597,64973795.35,91.859,AA,1078.836,55.0,1200.0
2015-02,IN,India,2.99,2.99,5.37,5.37,5.755,79.541,5.722,57.852,102.823,69.517,73.082,83.251417,65974072.62,49.927,AAA,1049.171,56.634,1212.871
2015-02,CN,China,2.614,2.614,2.291,2.291,4.27,95.983,6.045,56.819,101.478,67.364,70.66,7.186694,20826852.86,129.149,BBB,1027.642,56.634,1212.871
2015-02,US,United States,2.478,2.478,4.35,4.35,4.99,88.612,6.162,55.791,100.993,66.589,69.788,0.999674,12167413.13,58.485,BB,1019.894,56.634,1212.871
2015-02,DE,Germany,2.871,2.871,3.234,3.234,4.585,93.544,5.825,57.956,102.397,68.835,72.315,0.921162,26327081.19,59.588,BB,1042.354,56.634,1212.871
2015-02,JP,Japan,2.745,2.745,2.773,2.773,4.495,91.227,5.933,57.226,101.947,68.115,71.505,147.996668,43707241.28,43.943,BB,1035.153,56.634,1212.871
2015-02,VN,Vietnam,0.809,0.809,2.998,2.998,4.81,69.496,7.592,46.644,95.032,57.05,59.057,24682.805341,49243470.69,128.226,A,924.505,56.634,1212.871
2015-02,BR,Brazil,3.378,3.378,5.022,5.022,5.395,70.003,5.39,59.29,104.207,71.732,75.573,4.969157,41319129.22,96.397,AAA,1071.318,56.634,1212.871
2015-02,KR,South Korea,3.448,3.448,3.635,3.635,4.945,91.776,5.331,60.688,104.456,72.13,76.021,1314.060025,-8774372.17,129.62,BB,1075.297,56.634,1212.871
2015-02,MX,Mexico,3.599,3.599,4.936,4.936,5.44,76.589,5.201,60.697,104.998,72.997,76.996,17.086955,19158440.32,40.4,BB,1083.966,56.634,1212.871
2015-02,TH,Thailand,3.244,3.244,1.784,1.784,3.865,72.853,5.505,58.77,103.729,70.966,74.711,35.264055,32351058.41,97.594,AA,1063.656,56.634,1212.871
2015-02,PL,Poland,3.332,3.332,6.211,6.211,6.025,78.151,5.43,59.459,104.042,71.468,75.276,4.046774,20807368.48,98.338,AAA,1068.68,56.634,1212.871
2015-02,TR,Turkey,3.473,3.473,53.783,53.783,27.58,72.228,5.309,59.865,104.546,72.274,76.184,26.679811,10217292.39,64.094,A,1076.744,56.634,1212.871
2015-02,ZA,South Africa,1.842,1.842,6.214,6.214,5.98,61.445,6.707,51.311,98.722,62.956,65.7,18.427337,-4275269.86,75.811,AAA,983.557,56.634,1212.871
2015-02,AU,Australia,3.58,3.58,4.023,4.023,5.035,82.759,5.217,60.898,104.927,72.884,76.869,1.520915,-10454248.23,76.335,AA,1082.836,56.634,1212.871
2015-02,CA,Canada,3.596,3.596,4.014,4.014,5.08,84.863,5.203,61.082,104.987,72.98,76.977,1.359929,67653376.99,81.642,A,1083.8,56.634,1212.871
2015-03,IN,India,3.102,3.102,5.69,5.69,5.877,79.759,5.627,58.41,103.221,70.154,73.798,82.886283,13707663.28,59.036,AAA,1059.537,58.255,1225.632
2015-03,CN,China,2.745,2.745,2.043,2.043,4.392,96.295,5.933,57.476,101.947,68.115,71.505,7.131545,6025465.55,98.145,AAA,1039.153,58.255,1225.632
2015-03,US,United States,2.614,2.614,4.249,4.249,5.112,88.91,6.045,56.469,101.478,67.364,70.66,0.994722,-9401968.96,63.995,BB,1031.642,58.255,1225.632
2015-03,DE,Germany,2.99,2.99,3.049,3.049,4.707,93.818,5.722,58.552,102.823,69.517,73.082,0.91679,-17347974.21,91.265,A,1053.171,58.255,1225.632
2015-03,JP,Japan,2.871,2.871,3.044,3.044,4.617,91.51,5.825,57.856,102.397,68.835,72.315,148.004769,67760610.47,37.033,A,1046.354,58.255,1225.632
2015-03,VN,Vietnam,0.8,0.8,3.811,3.811,4.932,69.48,7.6,46.601,95.0,57.001,59.001,24324.41997,8061456.85,112.052,AAA,928.006,58.255,1225.632
2015-03,BR,Brazil,3.448,3.448,5.207,5.207,5.517,70.121,5.331,59.638,104.456,72.13,76.021,4.997217,14187488.58,63.99,BBB,1079.297,58.255,1225.632
2015-03,KR,South Korea,3.505,3.505,3.773,3.773,5.067,91.903,5.282,60.974,104.66,72.456,76.388,1334.285627,17894531.45,96.439,A,1082.563,58.255,1225.632
2015-03,MX,Mexico,3.588,3.588,5.433,5.433,5.562,76.568,5.21,60.642,104.958,72.933,76.925,16.989263,-8068957.76,96.301,BB,1087.333,58.255,1225.632
2015-03,TH,Thailand,3.146,3.146,1.34,1.34,3.987,72.679,5.589,58.278,103.377,70.404,74.079,35.491293,52946437.34,34.368,BB,1062.037,58.255,1225.632
2015-03,PL,Poland,3.244,3.244,5.751,5.751,6.147,77.984,5.505,59.02,103.729,70.966,74.711,3.957968,51111132.27,106.669,BB,1067.656,58.255,1225.632
2015-03,TR,Turkey,3.408,3.408,54.366,54.366,27.702,72.115,5.364,59.542,104.316,71.906,75.769,26.563096,-12253274.74,37.141,AA,1077.057,58.255,1225.632
2015-03,ZA,South Africa,1.709,1.709,6.723,6.723,6.102,61.239,6.821,50.645,98.246,62.194,64.843,18.497797,55551617.6,30.578,AAA,979.937,58.255,1225.632
2015-03,AU,Australia,3.596,3.596,3.844,3.844,5.157,82.793,5.203,60.982,104.987,72.98,76.977,1.53298,55819723.32,70.519,BB,1087.8,58.255,1225.632
2015-03,CA,Canada,3.599,3.599,4.114,4.114,5.202,84.869,5.201,61.097,104.998,72.997,76.996,1.355035,2323189.75,115.382,BB,1087.966,58.255,1225.632
2015-04,IN,India,3.204,3.204,6.235,6.235,5.996,79.958,5.539,58.921,103.587,70.739,74.456,81.397626,39253063.0,96.479,AAA,1069.388,59.848,1238.176
2015-04,CN,China,2.871,2.871,2.683,2.683,4.511,96.594,5.825,58.106,102.397,68.835,72.315,7.089131,-14195266.84,115.565,BB,1050.354,59.848,1238.176
2015-04,US,United States,2.745,2.745,3.387,3.387,5.231,89.199,5.933,57.126,101.947,68.115,71.505,0.999523,-14776959.6,50.742,A,1043.153,59.848,1238.176
2015-04,DE,Germany,3.102,3.102,3.314,3.314,4.826,94.074,5.627,59.11,103.221,70.154,73.798,0.914502,51557013.42,115.808,A,1063.537,59.848,1238.176
2015-04,JP,Japan,2.99,2.99,3.337,3.337,4.736,91.779,5.722,58.452,102.823,69.517,73.082,148.289884,51898363.18,69.214,A,1057.171,59.848,1238.176
2015-04,VN,Vietnam,0.805,0.805,4.293,4.293,5.051,69.49,7.595,46.627,95.019,57.031,59.035,24617.803651,45534361.41,50.979,BB,932.307,59.848,1238.176
2015-04,BR,Brazil,3.505,3.505,4.933,4.933,5.636,70.218,5.282,59.924,104.66,72.456,76.388,4.926496,35968088.64,27.69,AA,1086.563,59.848,1238.176
2015-04,KR,South Korea,3.549,3.549,3.873,3.873,5.186,92.001,5.244,61.195,104.818,72.708,76.672,1313.834242,976102.9,110.181,A,1089.085,59.848,1238.176
2015-04,MX,Mexico,3.563,3.563,5.49,5.49,5.681,76.522,5.231,60.517,104.869,72.791,76.765,17.241886,223685.69,75.281,BB,1089.908,59.848,1238.176
2015-04,TH,Thailand,3.038,3.038,1.507,1.507,4.106,72.487,5.682,57.739,102.992,69.788,73.386,35.654848,73456649.23,66.838,A,1059.878,59.848,1238.176
2015-04,PL,Poland,3.146,3.146,6.337,6.337,6.266,77.797,5.589,58.528,103.377,70.404,74.079,4.010495,68456496.65,88.429,A,1066.037,59.848,1238.176
2015-04,TR,Turkey,3.332,3.332,54.482,54.482,27.821,71.981,5.43,59.159,104.042,71.468,75.276,27.106091,15343482.2,61.316,BBB,1076.68,59.848,1238.176
2015-04,ZA,South Africa,1.58,1.58,6.289,6.289,6.221,61.04,6.931,50.002,97.787,61.46,64.017,18.372863,77216496.33,86.534,BB,976.598,59.848,1238.176
2015-04,AU,Australia,3.599,3.599,4.408,4.408,5.276,82.799,5.201,60.997,104.998,72.997,76.996,1.509774,70819531.96,68.304,A,1091.966,59.848,1238.176
2015-04,CA,Canada,3.588,3.588,4.56,4.56,5.321,84.846,5.21,61.042,104.958,72.933,76.925,1.356181,14027477.39,81.172,AAA,1091.333,59.848,1238.176
2015-05,IN,India,3.297,3.297,5.905,5.905,6.109,80.138,5.46,59.383,103.917,71.267,75.05,82.653035,8929574.37,97.423,BB,1078.666,61.402,1250.397
2015-05,CN,China,2.99,2.99,2.584,2.584,4.624,96.877,5.722,58.702,102.823,69.517,73.082,7.100581,-17326281.53,48.25,A,1061.171,61.402,1250.397
2015-05,US,United States,2.871,2.871,3.768,3.768,5.344,89.477,5.825,57.756,102.397,68.835,72.315,1.002544,32947453.4,61.8,AA,1054.354,61.402,1250.397
2015-05,DE,Germany,3.204,3.204,3.798,3.798,4.939,94.31,5.539,59.621,103.587,70.739,74.456,0.906698,54116913.16,78.637,A,1073.388,61.402,1250.397
2015-05,JP,Japan,3.102,3.102,3.162,3.162,4.849,92.029,5.627,59.01,103.221,70.154,73.798,148.283803,8394769.07,58.644,AA,1067.537,61.402,1250.397
2015-05,VN,Vietnam,0.825,0.825,4.035,4.035,5.164,69.524,7.579,46.723,95.088,57.14,59.158,24363.831645,-1367964.61,104.238,AAA,937.404,61.402,1250.397
2015-05,BR,Brazil,3.549,3.549,5.238,5.238,5.749,70.293,5.244,60.145,104.818,72.708,76.672,4.926806,76154622.4,128.447,BB,1093.085,61.402,1250.397
2015-05,KR,South Korea,3.58,3.58,4.361,4.361,5.299,92.07,5.217,61.348,104.927,72.884,76.869,1332.048458,43186318.56,69.408,AAA,1094.836,61.402,1250.397
2015-05,MX,Mexico,3.525,3.525,5.51,5.51,5.794,76.451,5.264,60.324,104.732,72.57,76.517,17.280808,29206452.54,128.59,AAA,1091.704,61.402,1250.397
2015-05,TH,Thailand,2.922,2.922,1.761,1.761,4.219,72.281,5.781,57.159,102.578,69.124,72.64,35.389935,70122631.42,117.227,BBB,1057.24,61.402,1250.397
2015-05,PL,Poland,3.038,3.038,6.572,6.572,6.379,77.592,5.682,57.989,102.992,69.788,73.386,3.999711,70254089.19,30.485,BBB,1063.878,61.402,1250.397
2015-05,TR,Turkey,3.244,3.244,54.136,54.136,27.934,71.827,5.505,58.72,103.729,70.966,74.711,26.958785,71019068.67,126.929,AA,1075.656,61.402,1250.397
2015-05,ZA,South Africa,1.458,1.458,6.409,6.409,6.334,60.85,7.036,49.391,97.351,60.761,63.231,18.310184,74953570.76,127.995,AA,973.613,61.402,1250.397
2015-05,AU,Australia,3.588,3.588,4.134,4.134,5.389,82.777,5.21,60.942,104.958,72.933,76.925,1.517142,-14782065.91,117.175,AAA,1095.333,61.402,1250.397
2015-05,CA,Canada,3.563,3.563,4.842,4.842,5.434,84.795,5.231,60.917,104.869,72.791,76.765,1.331469,-5113756.86,31.261,A,1093.908,61.402,1250.397
2015-06,IN,India,3.378,3.378,5.702,5.702,6.215,80.297,5.39,59.79,104.207,71.732,75.573,82.851592,18073396.91,117.522,BBB,1087.318,62.903,1262.193
2015-06,CN,China,3.102,3.102,2.49,2.49,4.73,97.142,5.627,59.26,103.221,70.154,73.798,7.025795,19701651.74,121.169,BB,1071.537,62.903,1262.193
2015-06,US,United States,2.99,2.99,4.318,4.318,5.45,89.739,5.722,58.352,102.823,69.517,73.082,0.9947,-14618421.58,27.34,BBB,1065.171,62.903,1262.193
2015-06,DE,Germany,3.297,3.297,3.444,3.444,5.045,94.522,5.46,60.083,103.917,71.267,75.05,0.920619,390788.65,114.265,BBB,1082.666,62.903,1262.193
2015-06,JP,Japan,3.204,3.204,3.573,3.573,4.955,92.26,5.539,59.521,103.587,70.739,74.456,148.804535,-72690.33,68.267,BB,1077.388,62.903,1262.193
2015-06,VN,Vietnam,0.858,0.858,4.026,4.026,5.27,69.584,7.551,46.888,95.205,57.329,59.37,24655.879887,21299931.87,121.418,A,943.286,62.903,1262.193
2015-06,BR,Brazil,3.58,3.58,5.644,5.644,5.855,70.345,5.217,60.298,104.927,72.884,76.869,4.944122,32751152.54,55.151,AA,1098.836,62.903,1262.193
2015-06,KR,South Korea,3.596,3.596,4.484,4.484,5.405,92.107,5.203,61.432,104.987,72.98,76.977,1320.855306,-4984505.53,32.916,BBB,1099.8,62.903,1262.193
2015-06,MX,Mexico,3.473,3.473,5.634,5.634,5.9,76.355,5.309,60.065,104.546,72.274,76.184,16.948226,12001625.02,79.398,A,1092.744,62.903,1262.193
2015-06,TH,Thailand,2.798,2.798,1.769,1.769,4.325,72.062,5.887,56.542,102.137,68.419,71.846,35.385182,-4332322.86,99.622,AAA,1054.19,62.903,1262.193
2015-06,PL,Poland,2.922,2.922,6.113,6.113,6.485,77.371,5.781,57.409,102.578,69.124,72.64,3.980149,55020179.0,78.219,A,1061.24,62.903,1262.193
2015-06,TR,Turkey,3.146,3.146,54.895,54.895,28.04,71.655,5.589,58.228,103.377,70.404,74.079,26.793935,55279844.38,45.586,A,1074.037,62.903,1262.193
2015-06,ZA,South Africa,1.343,1.343,6.891,6.891,6.44,60.672,7.134,48.817,96.941,60.105,62.493,18.422711,78060421.13,113.462,A,971.051,62.903,1262.193
2015-06,AU,Australia,3.563,3.563,4.485,4.485,5.495,82.727,5.231,60.817,104.869,72.791,76.765,1.516516,74900914.92,81.706,AA,1097.908,62.903,1262.193
2015-06,CA,Canada,3.525,3.525,4.9,4.9,5.54,84.716,5.264,60.724,104.732,72.57,76.517,1.328559,19677126.26,95.355,AAA,1095.704,62.903,1262.193
2015-07,IN,India,3.448,3.448,6.117,6.117,6.312,80.433,5.331,60.138,104.456,72.13,76.021,83.414711,-1746962.64,122.312,AAA,1095.297,64.339,1273.47
2015-07,CN,China,3.204,3.204,2.928,2.928,4.827,97.385,5.539,59.771,103.587,70.739,74.456,7.049053,49247050.02,117.404,AAA,1081.388,64.339,1273.47
2015-07,US,United States,3.102,3.102,5.052,5.052,5.547,89.984,5.627,58.91,103.221,70.154,73.798,0.98986,8165131.06,84.48,A,1075.537,64.339,1273.47
2015-07,DE,Germany,3.378,3.378,3.689,3.689,5.142,94.71,5.39,60.49,104.207,71.732,75.573,0.910782,16080976.3,41.794,A,1091.318,64.339,1273.47
2015-07,JP,Japan,3.297,3.297,3.611,3.611,5.052,92.467,5.46,59.983,103.917,71.267,75.05,147.850103,31239191.78,106.706,AA,1086.666,64.339,1273.47
2015-07,VN,Vietnam,0.904,0.904,4.147,4.147,5.367,69.667,7.511,47.119,95.371,57.593,59.668,24469.311946,-1177378.48,116.862,BBB,949.935,64.339,1273.47
2015-07,BR,Brazil,3.596,3.596,5.348,5.348,5.952,70.374,5.203,60.382,104.987,72.98,76.977,4.915284,64432003.38,77.455,AA,1103.8,64.339,1273.47
2015-07,KR,South Korea,3.599,3.599,4.621,4.621,5.502,92.114,5.201,61.447,104.998,72.997,76.996,1318.965072,60612917.96,91.697,BB,1103.966,64.339,1273.47
2015-07,MX,Mexico,3.408,3.408,5.741,5.741,5.997,76.236,5.364,59.742,104.316,71.906,75.769,16.962252,-19142326.8,46.546,AAA,1093.057,64.339,1273.47
2015-07,TH,Thailand,2.669,2.669,2.202,2.202,4.422,71.832,5.998,55.895,101.675,67.68,71.015,35.004177,15546718.57,82.442,AA,1050.799,64.339,1273.47
2015-07,PL,Poland,2.798,2.798,7.059,7.059,6.582,77.137,5.887,56.792,102.137,68.419,71.846,3.971874,65275406.14,119.777,BB,1058.19,64.339,1273.47
2015-07,TR,Turkey,3.038,3.038,54.203,54.203,28.137,71.466,5.682,57.689,102.992,69.788,73.386,26.820502,57795251.68,63.928,BB,1071.878,64.339,1273.47
2015-07,ZA,South Africa,1.237,1.237,6.897,6.897,6.537,60.508,7.225,48.286,96.561,59.498,61.81,18.138985,5716982.32,42.219,AA,968.979,64.339,1273.47
2015-07,AU,Australia,3.525,3.525,4.765,4.765,5.592,82.65,5.264,60.624,104.732,72.57,76.517,1.491421,834641.25,86.009,BB,1099.704,64.339,1273.47
2015-07,CA,Canada,3.473,3.473,4.535,4.535,5.637,84.61,5.309,60.465,104.546,72.274,76.184,1.347609,39326055.96,39.243,BB,1096.744,64.339,1273.47
2015-08,IN,India,3.505,3.505,6.236,6.236,6.398,80.544,5.282,60.424,104.66,72.456,76.388,82.275576,-10284320.12,98.308,AAA,1102.563,65.697,1284.136
2015-08,CN,China,3.297,3.297,2.834,2.834,4.913,97.605,5.46,60.233,103.917,71.267,75.05,7.04822,48798751.27,123.195,BBB,1090.666,65.697,1284.136
2015-08,US,United States,3.204,3.204,4.606,4.606,5.633,90.209,5.539,59.421,103.587,70.739,74.456,0.992294,62327326.67,29.391,AA,1085.388,65.697,1284.136
2015-08,DE,Germany,3.448,3.448,3.805,3.805,5.228,94.87,5.331,60.838,104.456,72.13,76.021,0.904254,71744117.84,88.019,AA,1099.297,65.697,1284.136
2015-08,JP,Japan,3.378,3.378,3.72,3.72,5.138,92.651,5.39,60.39,104.207,71.732,75.573,149.020413,9810920.16,117.816,A,1095.318,65.697,1284.136
2015-08,VN,Vietnam,0.963,0.963,3.925,3.925,5.453,69.774,7.46,47.416,95.583,57.932,60.049,24132.095569,37506972.13,33.252,AA,957.324,65.697,1284.136
2015-08,BR,Brazil,3.599,3.599,5.386,5.386,6.038,70.379,5.201,60.397,104.998,72.997,76.996,4.848284,29106891.16,80.124,AA,1107.966,65.697,1284.136
2015-08,KR,South Korea,3.588,3.588,4.181,4.181,5.588,92.089,5.21,61.392,104.958,72.933,76.925,1324.22384,17989586.47,98.767,AAA,1107.333,65.697,1284.136
2015-08,MX,Mexico,3.332,3.332,6.036,6.036,6.083,76.094,5.43,59.359,104.042,71.468,75.276,17.05832,-9961465.51,35.504,BB,1092.68,65.697,1284.136
2015-08,TH,Thailand,2.535,2.535,2.11,2.11,4.508,71.595,6.113,55.225,101.196,66.914,70.153,35.11274,44688090.75,28.254,BB,1047.14,65.697,1284.136
2015-08,PL,Poland,2.669,2.669,6.559,6.559,6.668,76.891,5.998,56.145,101.675,67.68,71.015,3.978736,67832447.58,59.434,BB,1054.799,65.697,1284.136
2015-08,TR,Turkey,2.922,2.922,54.758,54.758,28.223,71.263,5.781,57.109,102.578,69.124,72.64,27.202235,67332187.68,74.387,BB,1069.24,65.697,1284.136
2015-08,ZA,South Africa,1.14,1.14,6.941,6.941,6.623,60.358,7.308,47.802,96.216,58.946,61.189,18.010961,30645054.2,112.559,BB,967.456,65.697,1284.136
2015-08,AU,Australia,3.473,3.473,4.765,4.765,5.678,82.546,5.309,60.365,104.546,72.274,76.184,1.502968,77984083.62,59.869,BB,1100.744,65.697,1284.136
2015-08,CA,Canada,3.408,3.408,4.517,4.517,5.723,84.477,5.364,60.142,104.316,71.906,75.769,1.332724,62153038.74,83.25,A,1097.057,65.697,1284.136
2015-09,IN,India,3.549,3.549,6.273,6.273,6.471,80.631,5.244,60.645,104.818,72.708,76.672,81.6255,78118893.35,70.062,AA,1109.085,66.967,1294.11
2015-09,CN,China,3.378,3.378,3.077,3.077,4.986,97.798,5.39,60.64,104.207,71.732,75.573,7.0131,35994655.78,26.562,AA,1099.318,66.967,1294.11
2015-09,US,United States,3.297,3.297,5.166,5.166,5.706,90.413,5.46,59.883,103.917,71.267,75.05,0.97631,41315791.41,88.838,AAA,1094.666,66.967,1294.11
2015-09,DE,Germany,3.505,3.505,3.513,3.513,5.301,95.001,5.282,61.124,104.66,72.456,76.388,0.921627,65065268.14,41.643,AAA,1106.563,66.967,1294.11
2015-09,JP,Japan,3.448,3.448,4.053,4.053,5.211,92.807,5.331,60.738,104.456,72.13,76.021,147.869576,-18674755.39,88.359,BB,1103.297,66.967,1294.11
2015-09,VN,Vietnam,1.035,1.035,3.793,3.793,5.526,69.903,7.399,47.774,95.839,58.342,60.51,23938.353849,38971597.62,113.57,BB,965.419,66.967,1294.11
2015-09,BR,Brazil,3.588,3.588,5.516,5.516,6.111,70.36,5.21,60.342,104.958,72.933,76.925,4.900284,28996276.01,41.269,AAA,1111.333,66.967,1294.11
2015-09,KR,South Korea,3.563,3.563,4.228,4.228,5.661,92.034,5.231,61.267,104.869,72.791,76.765,1313.070692,77083998.8,100.454,AA,1109.908,66.967,1294.11
2015-09,MX,Mexico,3.244,3.244,5.838,5.838,6.156,75.931,5.505,58.92,103.729,70.966,74.711,17.008012,1739406.5,64.347,BB,1091.656,66.967,1294.11
2015-09,TH,Thailand,2.398,2.398,1.934,1.934,4.581,71.351,6.231,54.538,100.706,66.129,69.27,34.805404,-1795581.85,36.308,BB,1043.29,66.967,1294.11
2015-09,PL,Poland,2.535,2.535,6.599,6.599,6.741,76.636,6.113,55.475,101.196,66.914,70.153,4.018981,46097930.38,57.89,AAA,1051.14,66.967,1294.11
2015-09,TR,Turkey,2.798,2.798,55.239,55.239,28.296,71.047,5.887,56.492,102.137,68.419,71.846,26.346227,57568731.99,61.313,AAA,1066.19,66.967,1294.11
2015-09,ZA,South Africa,1.054,1.054,6.97,6.97,6.696,60.224,7.382,47.372,95.909,58.454,60.636,18.240912,28384133.7,129.955,BBB,966.538,66.967,1294.11
2015-09,AU,Australia,3.408,3.408,4.558,4.558,5.751,82.417,5.364,60.042,104.316,71.906,75.769,1.492357,11436650.69,53.589,A,1101.057,66.967,1294.11
2015-09,CA,Canada,3.332,3.332,4.867,4.867,5.796,84.32,5.43,59.759,104.042,71.468,75.276,1.325398,-4501979.11,68.223,BBB,1096.68,66.967,1294.11
2015-10,IN,India,3.58,3.58,5.828,5.828,6.532,80.69,5.217,60.798,104.927,72.884,76.869,81.724626,1037893.41,106.728,AA,1114.836,68.138,1303.318
2015-10,CN,China,3.448,3.448,3.257,3.257,5.047,97.963,5.331,60.988,104.456,72.13,76.021,7.032495,37825580.39,115.515,A,1107.297,68.138,1303.318
2015-10,US,United States,3.378,3.378,4.583,4.583,5.767,90.592,5.39,60.29,104.207,71.732,75.573,0.988365,56568638.42,33.805,AAA,1103.318,68.138,1303.318
2015-10,DE,Germany,3.549,3.549,3.494,3.494,5.362,95.103,5.244,61.345,104.818,72.708,76.672,0.907526,-10976585.19,68.988,BBB,1113.085,68.138,1303.318
2015-10,JP,Japan,3.505,3.505,3.614,3.614,5.272,92.936,5.282,61.024,104.66,72.456,76.388,145.586571,-16751413.64,107.13,A,1110.563,68.138,1303.318
2015-10,VN,Vietnam,1.118,1.118,3.963,3.963,5.587,70.053,7.327,48.191,96.136,58.818,61.045,24086.800383,33103657.32,104.86,A,974.179,68.138,1303.318
2015-10,BR,Brazil,3.563,3.563,5.772,5.772,6.172,70.318,5.231,60.217,104.869,72.791,76.765,4.80369,40150340.43,30.005,BB,1113.908,68.138,1303.318
2015-10,KR,South Korea,3.525,3.525,4.751,4.751,5.722,91.948,5.264,61.074,104.732,72.57,76.517,1310.567476,33712279.16,33.794,BBB,1111.704,68.138,1303.318
2015-10,MX,Mexico,3.146,3.146,6.159,6.159,6.217,75.749,5.589,58.428,103.377,70.404,74.079,16.978179,63355320.44,95.04,AA,1090.037,68.138,1303.318
2015-10,TH,Thailand,2.258,2.258,2.127,2.127,4.642,71.103,6.35,53.841,100.208,65.333,68.374,35.383961,72395102.77,83.853,BBB,1039.326,68.138,1303.318
2015-10,PL,Poland,2.398,2.398,7.391,7.391,6.802,76.375,6.231,54.788,100.706,66.129,69.27,3.948833,78463495.11,96.884,A,1047.29,68.138,1303.318
2015-10,TR,Turkey,2.669,2.669,54.722,54.722,28.357,70.821,5.998,55.845,101.675,67.68,71.015,26.755985,50089702.26,116.051,A,1062.799,68.138,1303.318
2015-10,ZA,South Africa,0.98,0.98,7.23,7.23,6.757,60.109,7.446,46.999,95.642,58.027,60.156,18.070353,64505947.79,89.178,A,966.274,68.138,1303.318
2015-10,AU,Australia,3.332,3.332,5.131,5.131,5.812,82.264,5.43,59.659,104.042,71.468,75.276,1.486342,-5617053.69,93.257,BBB,1100.68,68.138,1303.318
2015-10,CA,Canada,3.244,3.244,4.894,4.894,5.857,84.14,5.505,59.32,103.729,70.966,74.711,1.309831,8408674.95,78.277,AA,1095.656,68.138,1303.318
2015-11,IN,India,3.596,3.596,6.477,6.477,6.579,80.723,5.203,60.882,104.987,72.98,76.977,82.111713,61095170.79,37.39,BB,1119.8,69.201,1311.695
2015-11,CN,China,3.505,3.505,2.647,2.647,5.094,98.099,5.282,61.274,104.66,72.456,76.388,7.019343,47252597.3,72.33,BB,1114.563,69.201,1311.695
2015-11,US,United States,3.448,3.448,4.93,4.93,5.814,90.745,5.331,60.638,104.456,72.13,76.021,0.976373,-15360355.46,72.311,AA,1111.297,69.201,1311.695
2015-11,DE,Germany,3.58,3.58,3.976,3.976,5.409,95.173,5.217,61.498,104.927,72.884,76.869,0.908408,18481015.16,111.524,BB,1118.836,69.201,1311.695
2015-11,JP,Japan,3.549,3.549,3.682,3.682,5.319,93.035,5.244,61.245,104.818,72.708,76.672,146.018523,-11142167.75,43.166,A,1117.085,69.201,1311.695
2015-11,VN,Vietnam,1.212,1.212,4.349,4.349,5.634,70.222,7.247,48.661,96.472,59.356,61.65,23852.976903,35328667.56,67.274,AA,983.557,69.201,1311.695
2015-11,BR,Brazil,3.525,3.525,6.043,6.043,6.219,70.252,5.264,60.024,104.732,72.57,76.517,4.862361,-10066668.39,88.646,AA,1115.704,69.201,1311.695
2015-11,KR,South Korea,3.473,3.473,4.871,4.871,5.769,91.832,5.309,60.815,104.546,72.274,76.184,1308.454741,-4591222.64,110.491,BB,1112.744,69.201,1311.695
2015-11,MX,Mexico,3.038,3.038,5.938,5.938,6.264,75.55,5.682,57.889,102.992,69.788,73.386,16.844144,19814303.73,98.887,BBB,1087.878,69.201,1311.695
2015-11,TH,Thailand,2.118,2.118,2.055,2.055,4.689,70.855,6.47,53.141,99.708,64.533,67.475,35.051346,-2554188.87,101.248,AA,1035.33,69.201,1311.695
2015-11,PL,Poland,2.258,2.258,7.041,7.041,6.849,76.111,6.35,54.091,100.208,65.333,68.374,3.933939,56407505.69,44.123,AAA,1043.326,69.201,1311.695
2015-11,TR,Turkey,2.535,2.535,54.773,54.773,28.404,70.586,6.113,55.175,101.196,66.914,70.153,26.114504,-18907058.01,103.126,BBB,1059.14,69.201,1311.695
2015-11,ZA,South Africa,0.917,0.917,6.963,6.963,6.804,60.012,7.499,46.687,95.419,57.671,59.755,18.29876,7662611.66,121.382,BB,966.707,69.201,1311.695
2015-11,AU,Australia,3.244,3.244,4.85,4.85,5.859,82.088,5.505,59.22,103.729,70.966,74.711,1.513991,66105691.55,54.894,A,1099.656,69.201,1311.695
2015-11,CA,Canada,3.146,3.146,4.689,4.689,5.904,83.939,5.589,58.828,103.377,70.404,74.079,1.330806,78599116.8,65.994,BBB,1094.037,69.201,1311.695
2015-12,IN,India,3.599,3.599,6.531,6.531,6.611,80.729,5.201,60.897,104.998,72.997,76.996,80.963154,-7112806.87,85.22,BBB,1123.966,70.146,1319.189
2015-12,CN,China,3.549,3.549,3.293,3.293,5.126,98.204,5.244,61.495,104.818,72.708,76.672,6.952932,-13529932.89,37.454,AAA,1121.085,70.146,1319.189
2015-12,US,United States,3.505,3.505,5.105,5.105,5.846,90.871,5.282,60.924,104.66,72.456,76.388,0.984297,-7370196.25,69.971,AA,1118.563,70.146,1319.189
2015-12,DE,Germany,3.596,3.596,3.93,3.93,5.441,95.212,5.203,61.582,104.987,72.98,76.977,0.8996,4375703.14,94.334,AA,1123.8,70.146,1319.189
2015-12,JP,Japan,3.58,3.58,3.404,3.404,5.351,93.104,5.217,61.398,104.927,72.884,76.869,143.677726,21698328.33,61.619,BB,1122.836,70.146,1319.189
2015-12,VN,Vietnam,1.316,1.316,4.346,4.346,5.666,70.409,7.158,49.181,96.844,59.95,62.319,23704.156077,-9487573.81,96.677,BB,993.499,70.146,1319.189
2015-12,BR,Brazil,3.473,3.473,5.615,5.615,6.251,70.164,5.309,59.765,104.546,72.274,76.184,4.813421,36343563.59,126.989,A,1116.744,70.146,1319.189
2015-12,KR,South Korea,3.408,3.408,5.015,5.015,5.801,91.689,5.364,60.492,104.316,71.906,75.769,1319.301596,42232847.83,116.357,AA,1113.057,70.146,1319.189
2015-12,MX,Mexico,2.922,2.922,5.542,5.542,6.296,75.335,5.781,57.309,102.578,69.124,72.64,16.750088,-18851036.94,91.84,BB,1085.24,70.146,1319.189
2015-12,TH,Thailand,1.979,1.979,2.545,2.545,4.721,70.608,6.589,52.446,99.211,63.738,66.58,34.499733,-18152826.54,42.978,AA,1031.38,70.146,1319.189
2015-12,PL,Poland,2.118,2.118,7.277,7.277,6.881,75.845,6.47,53.391,99.708,64.533,67.475,3.948063,-14042588.27,95.27,BB,1039.33,70.146,1319.189
2015-12,TR,Turkey,2.398,2.398,54.587,54.587,28.436,70.346,6.231,54.488,100.706,66.129,69.27,26.558341,12140097.57,65.018,AA,1055.29,70.146,1319.189
2015-12,ZA,South Africa,0.868,0.868,6.791,6.791,6.836,59.935,7.542,46.439,95.242,57.387,59.436,18.230025,44587555.1,36.443,BB,967.872,70.146,1319.189
2015-12,AU,Australia,3.146,3.146,4.916,4.916,5.891,81.891,5.589,58.728,103.377,70.404,74.079,1.469854,-17488884.84,120.035,BB,1098.037,70.146,1319.189
2015-12,CA,Canada,3.038,3.038,4.448,4.448,5.936,83.718,5.682,58.289,102.992,69.788,73.386,1.328832,-10256200.38,40.163,A,1091.878,70.146,1319.189
2016-01,IN,India,3.588,3.588,5.82,5.82,6.627,80.707,5.21,60.842,104.958,72.933,76.925,81.049536,44984024.75,83.183,A,1127.333,70.967,1325.755
2016-01,CN,China,3.58,3.58,3.189,3.189,5.142,98.277,5.217,61.648,104.927,72.884,76.869,6.904165,53776939.84,39.875,BB,1126.836,70.967,1325.755
2016-01,US,United States,3.549,3.549,5.107,5.107,5.862,90.968,5.244,61.145,104.818,72.708,76.672,0.982433,16199733.7,99.563,AAA,1125.085,70.967,1325.755
2016-01,DE,Germany,3.599,3.599,3.744,3.744,5.457,95.219,5.201,61.597,104.998,72.997,76.996,0.900247,73398842.36,84.315,BBB,1127.966,70.967,1325.755
2016-01,JP,Japan,3.596,3.596,3.451,3.451,5.367,93.142,5.203,61.482,104.987,72.98,76.977,146.612858,-14559551.78,88.537,BBB,1127.8,70.967,1325.755
2016-01,VN,Vietnam,1.429,1.429,4.507,4.507,5.682,70.612,7.061,49.745,97.247,60.595,63.044,24163.681621,64229016.22,118.624,AAA,1003.945,70.967,1325.755
2016-01,BR,Brazil,3.408,3.408,5.323,5.323,6.267,70.054,5.364,59.442,104.316,71.906,75.769,4.868616,59917249.54,25.907,AA,1117.057,70.967,1325.755
2016-01,KR,South Korea,3.332,3.332,4.5,4.5,5.817,91.518,5.43,60.109,104.042,71.468,75.276,1291.176385,7024811.19,87.21,A,1112.68,70.967,1325.755
2016-01,MX,Mexico,2.798,2.798,5.759,5.759,6.312,75.107,5.887,56.692,102.137,68.419,71.846,16.669976,73222777.89,121.032,BB,1082.19,70.967,1325.755
2016-01,TH,Thailand,1.842,1.842,2.319,2.319,4.737,70.365,6.707,51.761,98.722,62.956,65.7,34.516872,29209418.11,40.176,BBB,1027.557,70.967,1325.755
2016-01,PL,Poland,1.979,1.979,7.039,7.039,6.897,75.58,6.589,52.696,99.211,63.738,66.58,3.96784,66333145.74,70.296,A,1035.38,70.967,1325.755
2016-01,TR,Turkey,2.258,2.258,55.055,55.055,28.452,70.102,6.35,53.791,100.208,65.333,68.374,26.489955,34490816.3,65.739,BB,1051.326,70.967,1325.755
2016-01,ZA,South Africa,0.831,0.831,6.672,6.672,6.852,59.879,7.573,46.257,95.112,57.18,59.202,17.913787,70637472.38,111.519,BBB,969.798,70.967,1325.755
2016-01,AU,Australia,3.038,3.038,4.611,4.611,5.907,81.676,5.682,58.189,102.992,69.788,73.386,1.474419,-9848549.62,109.141,AA,1095.878,70.967,1325.755
2016-01,CA,Canada,2.922,2.922,5.274,5.274,5.952,83.479,5.781,57.709,102.578,69.124,72.64,1.294539,68896002.16,122.558,AA,1089.24,70.967,1325.755
2016-02,IN,India,3.563,3.563,6.968,6.968,6.629,80.659,5.231,60.717,104.869,72.791,76.765,80.782177,9953009.19,36.931,BBB,1129.908,71.655,1331.362
2016-02,CN,China,3.596,3.596,3.42,3.42,5.144,98.317,5.203,61.732,104.987,72.98,76.977,6.875992,72359684.55,40.951,BB,1131.8,71.655,1331.362
2016-02,US,United States,3.58,3.58,4.727,4.727,5.864,91.035,5.217,61.298,104.927,72.884,76.869,0.995652,5269946.66,29.215,BB,1130.836,71.655,1331.362
2016-02,DE,Germany,3.588,3.588,3.79,3.79,5.459,95.193,5.21,61.542,104.958,72.933,76.925,0.882863,21750854.83,53.858,BB,1131.333,71.655,1331.362
2016-02,JP,Japan,3.599,3.599,3.43,3.43,5.369,93.149,5.201,61.497,104.998,72.997,76.996,145.574247,51757428.39,34.356,AA,1131.966,71.655,1331.362
2016-02,VN,Vietnam,1.55,1.55,4.607,4.607,5.684,70.829,6.958,50.348,97.677,61.283,63.819,23969.796623,-9505898.28,74.402,A,1014.832,71.655,1331.362
2016-02,BR,Brazil,3.332,3.332,5.708,5.708,6.269,69.924,5.43,59.059,104.042,71.468,75.276,4.801111,-13624661.16,56.039,AAA,1116.68,71.655,1331.362
2016-02,KR,South Korea,3.244,3.244,4.322,4.322,5.819,91.323,5.505,59.67,103.729,70.966,74.711,1300.839416,51570311.95,123.323,A,1111.656,71.655,1331.362
2016-02,MX,Mexico,2.669,2.669,6.052,6.052,6.314,74.868,5.998,56.045,101.675,67.68,71.015,16.839641,35922267.9,36.009,A,1078.799,71.655,1331.362
2016-02,TH,Thailand,1.709,1.709,2.293,2.293,4.739,70.128,6.821,51.095,98.246,62.194,64.843,34.864122,68121262.98,41.558,BBB,1023.937,71.655,1331.362
2016-02,PL,Poland,1.842,1.842,7.236,7.236,6.899,75.32,6.707,52.011,98.722,62.956,65.7,3.942413,55707941.95,35.539,BBB,1031.557,71.655,1331.362
2016-02,TR,Turkey,2.118,2.118,54.623,54.623,28.454,69.857,6.47,53.091,99.708,64.533,67.475,26.143987,47551646.73,25.094,AA,1047.33,71.655,1331.362
2016-02,ZA,South Africa,0.809,0.809,7.56,7.56,6.854,59.844,7.592,46.144,95.032,57.05,59.057,17.764715,-17959713.71,121.977,A,972.505,71.655,1331.362
2016-02,AU,Australia,2.922,2.922,4.938,4.938,5.909,81.443,5.781,57.609,102.578,69.124,72.64,1.468543,26738169.94,25.277,AA,1093.24,71.655,1331.362
2016-02,CA,Canada,2.798,2.798,5.412,5.412,5.954,83.227,5.887,57.092,102.137,68.419,71.846,1.340206,38022784.57,42.984,A,1086.19,71.655,1331.362
2016-03,IN,India,3.525,3.525,6.021,6.021,6.614,80.583,5.264,60.524,104.732,72.57,76.517,80.106503,5630475.83,30.669,AA,1131.704,72.206,1335.991
2016-03,CN,China,3.599,3.599,2.992,2.992,5.129,98.324,5.201,61.747,104.998,72.997,76.996,6.941171,-10496108.59,52.804,AAA,1135.966,72.206,1335.991
2016-03,US,United States,3.596,3.596,4.824,4.824,5.849,91.072,5.203,61.382,104.987,72.98,76.977,0.966608,43946521.47,101.368,A,1135.8,72.206,1335.991
2016-03,DE,Germany,3.563,3.563,3.711,3.711,5.444,95.136,5.231,61.417,104.869,72.791,76.765,0.889653,65933970.09,62.533,AA,1133.908,72.206,1335.991
2016-03,JP,Japan,3.588,3.588,3.33,3.33,5.354,93.124,5.21,61.442,104.958,72.933,76.925,146.068877,68717904.27,27.914,AAA,1135.333,72.206,1335.991
2016-03,VN,Vietnam,1.677,1.677,4.736,4.736,5.669,71.058,6.849,50.983,98.131,62.009,64.635,23780.937267,13802756.33,59.574,AAA,1026.09,72.206,1335.991
2016-03,BR,Brazil,3.244,3.244,5.56,5.56,6.254,69.775,5.505,58.62,103.729,70.966,74.711,4.894773,16206773.79,88.742,AAA,1115.656,72.206,1335.991
2016-03,KR,South Korea,3.146,3.146,4.449,4.449,5.804,91.104,5.589,59.178,103.377,70.404,74.079,1281.817366,60122533.45,114.744,BBB,1110.037,72.206,1335.991
2016-03,MX,Mexico,2.535,2.535,5.751,5.751,6.299,74.62,6.113,55.375,101.196,66.914,70.153,16.973561,-19404803.19,112.042,BBB,1075.14,72.206,1335.991
2016-03,TH,Thailand,1.58,1.58,2.186,2.186,4.724,69.9,6.931,50.452,97.787,61.46,64.017,34.769722,12110204.28,123.539,AAA,1020.598,72.206,1335.991
2016-03,PL,Poland,1.709,1.709,7.328,7.328,6.884,75.067,6.821,51.345,98.246,62.194,64.843,3.851117,35764966.91,105.026,BB,1027.937,72.206,1335.991
2016-03,TR,Turkey,1.979,1.979,54.969,54.969,28.439,69.614,6.589,52.396,99.211,63.738,66.58,26.341432,30435582.1,119.669,AA,1043.38,72.206,1335.991
2016-03,ZA,South Africa,0.8,0.8,6.981,6.981,6.839,59.83,7.6,46.101,95.0,57.001,59.001,18.292614,19233547.57,40.839,A,976.006,72.206,1335.991
2016-03,AU,Australia,2.798,2.798,5.165,5.165,5.894,81.197,5.887,56.992,102.137,68.419,71.846,1.483465,-7924775.58,27.147,AAA,1090.19,72.206,1335.991
2016-03,CA,Canada,2.669,2.669,5.083,5.083,5.939,82.961,5.998,56.445,101.675,67.68,71.015,1.326479,65505968.82,110.839,BB,1082.799,72.206,1335.991
2016-04,IN,India,3.473,3.473,6.211,6.211,6.584,80.482,5.309,60.265,104.546,72.274,76.184,81.208268,-5306177.28,41.063,AAA,1132.744,72.615,1339.633
2016-04,CN,China,3.588,3.588,2.944,2.944,5.099,98.297,5.21,61.692,104.958,72.933,76.925,6.950174,-14234441.03,65.998,BBB,1139.333,72.615,1339.633
2016-04,US,United States,3.599,3.599,4.832,4.832,5.819,91.079,5.201,61.397,104.998,72.997,76.996,0.976058,8250721.06,91.076,AAA,1139.966,72.615,1339.633
2016-04,DE,Germany,3.525,3.525,3.893,3.893,5.414,95.047,5.264,61.224,104.732,72.57,76.517,0.891529,71183612.83,72.259,AAA,1135.704,72.615,1339.633
2016-04,JP,Japan,3.563,3.563,3.758,3.758,5.324,93.068,5.231,61.317,104.869,72.791,76.765,145.987671,54213687.54,53.642,AA,1137.908,72.615,1339.633
2016-04,VN,Vietnam,1.809,1.809,4.502,4.502,5.639,71.296,6.735,51.644,98.603,62.765,65.485,23858.615364,15550035.1,42.388,AAA,1037.647,72.615,1339.633
2016-04,BR,Brazil,3.146,3.146,5.874,5.874,6.224,69.608,5.589,58.128,103.377,70.404,74.079,4.806011,8631189.49,66.059,BBB,1114.037,72.615,1339.633
2016-04,KR,South Korea,3.038,3.038,4.441,4.441,5.774,90.864,5.682,58.639,102.992,69.788,73.386,1286.362815,65796087.78,104.921,BB,1107.878,72.615,1339.633
2016-04,MX,Mexico,2.398,2.398,5.395,5.395,6.269,74.366,6.231,54.688,100.706,66.129,69.27,16.809222,66447610.37,30.767,A,1071.29,72.615,1339.633
2016-04,TH,Thailand,1.458,1.458,2.264,2.264,4.694,69.683,7.036,49.841,97.351,60.761,63.231,34.364604,28727142.93,64.507,AAA,1017.613,72.615,1339.633
2016-04,PL,Poland,1.58,1.58,6.519,6.519,6.854,74.823,6.931,50.702,97.787,61.46,64.017,3.909136,39136475.99,91.495,AA,1024.598,72.615,1339.633
2016-04,TR,Turkey,1.842,1.842,54.812,54.812,28.409,69.374,6.707,51.711,98.722,62.956,65.7,26.524672,-12584834.63,90.637,AAA,1039.557,72.615,1339.633
2016-04,ZA,South Africa,0.805,0.805,6.47,6.47,6.809,59.838,7.595,46.127,95.019,57.031,59.035,17.989995,-6073085.92,127.878,BBB,980.307,72.615,1339.633
2016-04,AU,Australia,2.669,2.669,4.762,4.762,5.864,80.938,5.998,56.345,101.675,67.68,71.015,1.46864,-10156851.08,86.804,AA,1086.799,72.615,1339.633
2016-04,CA,Canada,2.535,2.535,4.654,4.654,5.909,82.687,6.113,55.775,101.196,66.914,70.153,1.306728,36550862.46,128.151,AA,1079.14,72.615,1339.633
2016-05,IN,India,3.408,3.408,6.171,6.171,6.539,80.357,5.364,59.942,104.316,71.906,75.769,81.268554,32930014.55,70.407,A,1133.057,72.879,1342.292
2016-05,CN,China,3.563,3.563,3.253,3.253,5.054,98.238,5.231,61.567,104.869,72.791,76.765,6.949163,2776930.07,127.758,AAA,1141.908,72.879,1342.292
2016-05,US,United States,3.588,3.588,4.394,4.394,5.774,91.054,5.21,61.342,104.958,72.933,76.925,0.973093,73853954.66,88.102,BBB,1143.333,72.879,1342.292
2016-05,DE,Germany,3.473,3.473,4.215,4.215,5.369,94.928,5.309,60.965,104.546,72.274,76.184,0.893925,16510355.35,119.696,A,1136.744,72.879,1342.292
2016-05,JP,Japan,3.525,3.525,3.511,3.511,5.279,92.981,5.264,61.124,104.732,72.57,76.517,145.259939,56109206.12,60.701,BBB,1139.704,72.879,1342.292
2016-05,VN,Vietnam,1.945,1.945,4.009,4.009,5.594,71.541,6.619,52.325,99.089,63.543,66.361,23724.111996,43835829.99,66.17,AAA,1049.427,72.879,1342.292
2016-05,BR,Brazil,3.038,3.038,5.28,5.28,6.179,69.424,5.682,57.589,102.992,69.788,73.386,4.788841,702095.75,43.477,AAA,1111.878,72.879,1342.292
2016-05,KR,South Korea,2.922,2.922,4.119,4.119,5.729,90.606,5.781,58.059,102.578,69.124,72.64,1290.419902,32987778.86,33.642,AAA,1105.24,72.879,1342.292
2016-05,MX,Mexico,2.258,2.258,5.701,5.701,6.224,74.108,6.35,53.991,100.208,65.333,68.374,16.444761,33901665.25,50.142,BBB,1067.326,72.879,1342.292
2016-05,TH,Thailand,1.343,1.343,2.218,2.218,4.649,69.48,7.134,49.267,96.941,60.105,62.493,34.645548,73997571.49,65.337,AA,1015.051,72.879,1342.292
2016-05,PL,Poland,1.458,1.458,6.707,6.707,6.809,74.591,7.036,50.091,97.351,60.761,63.231,3.899095,13279661.44,110.557,AAA,1021.613,72.879,1342.292
2016-05,TR,Turkey,1.709,1.709,55.315,55.315,28.364,69.141,6.821,51.045,98.246,62.194,64.843,26.151808,-15180191.35,76.673,AA,1035.937,72.879,1342.292
2016-05,ZA,South Africa,0.825,0.825,6.688,6.688,6.764,59.868,7.579,46.223,95.088,57.14,59.158,17.606551,35673507.1,109.018,BBB,985.404,72.879,1342.292
2016-05,AU,Australia,2.535,2.535,4.545,4.545,5.819,80.67,6.113,55.675,101.196,66.914,70.153,1.487772,15080852.32,36.043,AA,1083.14,72.879,1342.292
2016-05,CA,Canada,2.398,2.398,4.418,4.418,5.864,82.405,6.231,55.088,100.706,66.129,69.27,1.29705,74066222.49,112.435,AA,1075.29,72.879,1342.292
2016-06,IN,India,3.332,3.332,5.819,5.819,6.48,80.207,5.43,59.559,104.042,71.468,75.276,80.2495,52388678.71,102.466,AAA,1132.68,72.994,1343.987
2016-06,CN,China,3.525,3.525,2.472,2.472,4.995,98.146,5.264,61.374,104.732,72.57,76.517,6.924179,47047072.16,84.695,BBB,1143.704,72.994,1343.987
2016-06,US,United States,3.563,3.563,4.492,4.492,5.715,90.999,5.231,61.217,104.869,72.791,76.765,0.963417,34897010.26,99.866,BB,1145.908,72.994,1343.987
2016-06,DE,Germany,3.408,3.408,3.108,3.108,5.31,94.78,5.364,60.642,104.316,71.906,75.769,0.898058,16380426.96,101.073,A,1137.057,72.994,1343.987
2016-06,JP,Japan,3.473,3.473,3.503,3.503,5.22,92.864,5.309,60.865,104.546,72.274,76.184,143.861664,41803549.6,95.023,BB,1140.744,72.994,1343.987
2016-06,VN,Vietnam,2.084,2.084,4.12,4.12,5.535,71.791,6.5,53.018,99.585,64.335,67.252,23687.288779,34935752.83,91.893,BB,1061.353,72.994,1343.987
2016-06,BR,Brazil,2.922,2.922,4.998,4.998,6.12,69.227,5.781,57.009,102.578,69.124,72.64,4.796008,31852188.59,121.55,AAA,1109.24,72.994,1343.987
2016-06,KR,South Korea,2.798,2.798,4.297,4.297,5.67,90.331,5.887,57.442,102.137,68.419,71.846,1317.448388,79627941.2,70.787,BB,1102.19,72.994,1343.987
2016-06,MX,Mexico,2.118,2.118,5.439,5.439,6.165,73.849,6.47,53.291,99.708,64.533,67.475,16.723274,37764717.44,48.487,BBB,1063.33,72.994,1343.987
2016-06,TH,Thailand,1.237,1.237,2.181,2.181,4.59,69.291,7.225,48.736,96.561,59.498,61.81,34.281063,53721768.19,97.406,AAA,1012.979,72.994,1343.987
2016-06,PL,Poland,1.343,1.343,6.544,6.544,6.75,74.372,7.134,49.517,96.941,60.105,62.493,3.894309,35130408.14,47.28,BB,1019.051,72.994,1343.987
2016-06,TR,Turkey,1.58,1.58,55.034,55.034,28.305,68.916,6.931,50.402,97.787,61.46,64.017,26.110319,10255175.5,129.052,BBB,1032.598,72.994,1343.987
2016-06,ZA,South Africa,0.858,0.858,6.773,6.773,6.705,59.919,7.551,46.388,95.205,57.329,59.37,17.891397,74920092.51,68.867,A,991.286,72.994,1343.987
2016-06,AU,Australia,2.398,2.398,4.871,4.871,5.76,80.395,6.231,54.988,100.706,66.129,69.27,1.48988,21676384.72,106.55,AAA,1079.29,72.994,1343.987
2016-06,CA,Canada,2.258,2.258,4.606,4.606,5.805,82.119,6.35,54.391,100.208,65.333,68.374,1.285262,-19935213.89,59.219,AAA,1071.326,72.994,1343.987
2016-07,IN,India,3.244,3.244,5.906,5.906,6.408,80.036,5.505,59.12,103.729,70.966,74.711,79.591854,11721779.13,114.01,AAA,1131.656,72.961,1344.744
2016-07,CN,China,3.473,3.473,2.94,2.94,4.923,98.023,5.309,61.115,104.546,72.274,76.184,6.855202,79010807.36,116.988,A,1144.744,72.961,1344.744
2016-07,US,United States,3.525,3.525,4.336,4.336,5.643,90.915,5.264,61.024,104.732,72.57,76.517,0.96718,58492549.58,61.124,BB,1147.704,72.961,1344.744
2016-07,DE,Germany,3.332,3.332,3.377,3.377,5.238,94.603,5.43,60.259,104.042,71.468,75.276,0.886983,5653760.95,51.178,A,1136.68,72.961,1344.744
2016-07,JP,Japan,3.408,3.408,3.056,3.056,5.148,92.719,5.364,60.542,104.316,71.906,75.769,144.795406,31032317.81,58.485,AA,1141.057,72.961,1344.744
2016-07,VN,Vietnam,2.224,2.224,4.131,4.131,5.463,72.042,6.38,53.718,100.084,65.135,68.151,23732.13738,-15799160.4,26.047,AAA,1073.345,72.961,1344.744
2016-07,BR,Brazil,2.798,2.798,4.66,4.66,6.048,69.017,5.887,56.392,102.137,68.419,71.846,4.801483,2640053.68,63.959,A,1106.19,72.961,1344.744
2016-07,KR,South Korea,2.669,2.669,4.136,4.136,5.598,90.043,5.998,56.795,101.675,67.68,71.015,1290.218966,6146972.35,84.243,AAA,1098.799,72.961,1344.744
2016-07,MX,Mexico,1.979,1.979,5.135,5.135,6.093,73.591,6.589,52.596,99.211,63.738,66.58,16.763597,32749767.88,30.255,AA,1059.38,72.961,1344.744
2016-07,TH,Thailand,1.14,1.14,1.578,1.578,4.518,69.119,7.308,48.252,96.216,58.946,61.189,34.642294,44114383.63,61.908,AA,1011.456,72.961,1344.744
2016-07,PL,Poland,1.237,1.237,6.317,6.317,6.678,74.171,7.225,48.986,96.561,59.498,61.81,3.86053,4199721.04,114.211,AA,1016.979,72.961,1344.744
2016-07,TR,Turkey,1.458,1.458,54.301,54.301,28.233,68.702,7.036,49.791,97.351,60.761,63.231,26.356901,15818078.34,124.407,BBB,1029.613,72.961,1344.744
2016-07,ZA,South Africa,0.904,0.904,6.496,6.496,6.633,59.991,7.511,46.619,95.371,57.593,59.668,17.877641,39961222.96,97.82,BBB,997.935,72.961,1344.744
2016-07,AU,Australia,2.258,2.258,4.277,4.277,5.688,80.116,6.35,54.291,100.208,65.333,68.374,1.4507,-2784494.36,100.065,BBB,1075.326,72.961,1344.744
2016-07,CA,Canada,2.118,2.118,4.562,4.562,5.733,81.832,6.47,53.691,99.708,64.533,67.475,1.323458,31812502.91,50.525,A,1067.33,72.961,1344.744
2016-08,IN,India,3.146,3.146,5.761,5.761,6.324,79.844,5.589,58.628,103.377,70.404,74.079,80.102894,69363292.78,62.864,AAA,1130.037,72.78,1344.604
2016-08,CN,China,3.408,3.408,2.402,2.402,4.839,97.87,5.364,60.792,104.316,71.906,75.769,6.894543,51850927.29,97.739,AA,1145.057,72.78,1344.604
2016-08,US,United States,3.473,3.473,4.114,4.114,5.559,90.801,5.309,60.765,104.546,72.274,76.184,0.981327,-7863964.01,78.388,BB,1148.744,72.78,1344.604
2016-08,DE,Germany,3.244,3.244,2.967,2.967,5.154,94.401,5.505,59.82,103.729,70.966,74.711,0.893851,22611596.23,66.818,BBB,1135.656,72.78,1344.604
2016-08,JP,Japan,3.332,3.332,2.818,2.818,5.064,92.547,5.43,60.159,104.042,71.468,75.276,144.465209,-6745110.7,117.126,BBB,1140.68,72.78,1344.604
2016-08,VN,Vietnam,2.363,2.363,4.213,4.213,5.379,72.294,6.26,54.416,100.583,65.932,69.049,23812.437471,10352757.15,116.061,AAA,1085.324,72.78,1344.604
2016-08,BR,Brazil,2.669,2.669,5.223,5.223,5.964,68.797,5.998,55.745,101.675,67.68,71.015,4.774065,51320767.14,88.455,AA,1102.799,72.78,1344.604
2016-08,KR,South Korea,2.535,2.535,3.897,3.897,5.514,89.745,6.113,56.125,101.196,66.914,70.153,1275.716547,22352516.71,128.976,A,1095.14,72.78,1344.604
2016-08,MX,Mexico,1.842,1.842,5.428,5.428,6.009,73.338,6.707,51.911,98.722,62.956,65.7,16.61064,43858613.55,34.802,BB,1055.557,72.78,1344.604
2016-08,TH,Thailand,1.054,1.054,1.588,1.588,4.434,68.967,7.382,47.822,95.909,58.454,60.636,34.435546,36172746.55,111.889,BB,1010.538,72.78,1344.604
2016-08,PL,Poland,1.14,1.14,6.569,6.569,6.594,73.987,7.308,48.502,96.216,58.946,61.189,3.873194,48632648.11,123.901,BB,1015.456,72.78,1344.604
2016-08,TR,Turkey,1.343,1.343,54.231,54.231,28.149,68.501,7.134,49.217,96.941,60.105,62.493,26.036082,12067752.78,118.896,AA,1027.051,72.78,1344.604
2016-08,ZA,South Africa,0.963,0.963,6.373,6.373,6.549,60.083,7.46,46.916,95.583,57.932,60.049,17.602529,-15332832.37,121.47,BB,1005.324,72.78,1344.604
2016-08,AU,Australia,2.118,2.118,4.347,4.347,5.604,79.837,6.47,53.591,99.708,64.533,67.475,1.46773,22809325.76,110.223,AA,1071.33,72.78,1344.604
2016-08,CA,Canada,1.979,1.979,4.548,4.548,5.649,81.547,6.589,52.996,99.211,63.738,66.58,1.311233,22897667.83,99.73,BB,1063.38,72.78,1344.604
2016-09,IN,India,3.038,3.038,5.381,5.381,6.228,79.634,5.682,58.089,102.992,69.788,73.386,79.793827,46147710.38,56.376,AA,1127.878,72.452,1343.618
2016-09,CN,China,3.332,3.332,2.462,2.462,4.743,97.688,5.43,60.409,104.042,71.468,75.276,6.919881,69078558.54,76.826,A,1144.68,72.452,1343.618
2016-09,US,United States,3.408,3.408,4.418,4.418,5.463,90.659,5.364,60.442,104.316,71.906,75.769,0.966528,25752464.29,80.377,BB,1149.057,72.452,1343.618
2016-09,DE,Germany,3.146,3.146,2.501,2.501,5.058,94.175,5.589,59.328,103.377,70.404,74.079,0.883873,68905706.08,35.943,A,1134.037,72.452,1343.618
2016-09,JP,Japan,3.244,3.244,3.183,3.183,4.968,92.349,5.505,59.72,103.729,70.966,74.711,144.573021,37974460.37,52.274,A,1139.656,72.452,1343.618
2016-09,VN,Vietnam,2.501,2.501,3.468,3.468,5.283,72.542,6.142,55.106,101.076,66.721,69.936,23564.901067,19934011.0,29.068,BB,1097.21,72.452,1343.618
2016-09,BR,Brazil,2.535,2.535,4.957,4.957,5.868,68.569,6.113,55.075,101.196,66.914,70.153,4.80121,6334982.75,104.089,AA,1099.14,72.452,1343.618
2016-09,KR,South Korea,2.398,2.398,4.126,4.126,5.418,89.44,6.231,55.438,100.706,66.129,69.27,1246.97674,9981617.94,69.938,AAA,1091.29,72.452,1343.618
2016-09,MX,Mexico,1.709,1.709,5.468,5.468,5.913,73.091,6.821,51.245,98.246,62.194,64.843,16.869051,9094774.61,111.263,A,1051.937,72.452,1343.618
2016-09,TH,Thailand,0.98,0.98,1.659,1.659,4.338,68.834,7.446,47.449,95.642,58.027,60.156,34.248843,61162403.94,55.954,AA,1010.274,72.452,1343.618
2016-09,PL,Poland,1.054,1.054,6.551,6.551,6.498,73.823,7.382,48.072,95.909,58.454,60.636,3.829547,55624004.97,48.729,AA,1014.538,72.452,1343.618
2016-09,TR,Turkey,1.237,1.237,54.176,54.176,28.053,68.315,7.225,48.686,96.561,59.498,61.81,25.875718,78344772.4,79.092,A,1024.979,72.452,1343.618
2016-09,ZA,South Africa,1.035,1.035,6.466,6.466,6.453,60.194,7.399,47.274,95.839,58.342,60.51,17.90505,62238267.11,73.906,A,1013.419,72.452,1343.618
2016-09,AU,Australia,1.979,1.979,4.476,4.476,5.508,79.558,6.589,52.896,99.211,63.738,66.58,1.450601,67321660.49,34.513,A,1067.38,72.452,1343.618
2016-09,CA,Canada,1.842,1.842,4.289,4.289,5.553,81.267,6.707,52.311,98.722,62.956,65.7,1.319344,56883709.16,101.164,A,1059.557,72.452,1343.618
2016-10,IN,India,2.922,2.922,5.692,5.692,6.124,79.407,5.781,57.509,102.578,69.124,72.64,80.001375,41110593.72,57.244,AAA,1125.24,71.98,1341.847
2016-10,CN,China,3.244,3.244,2.67,2.67,4.639,97.479,5.505,59.97,103.729,70.966,74.711,6.83959,4725309.81,32.348,BB,1143.656,71.98,1341.847
2016-10,US,United States,3.332,3.332,3.677,3.677,5.359,90.49,5.43,60.059,104.042,71.468,75.276,0.969486,-12860551.97,98.418,BB,1148.68,71.98,1341.847
2016-10,DE,Germany,3.038,3.038,2.843,2.843,4.954,93.927,5.682,58.789,102.992,69.788,73.386,0.877825,29595305.49,97.949,BB,1131.878,71.98,1341.847
2016-10,JP,Japan,3.146,3.146,2.8,2.8,4.864,92.128,5.589,59.228,103.377,70.404,74.079,144.287318,52952192.19,102.434,BBB,1138.037,71.98,1341.847
2016-10,VN,Vietnam,2.636,2.636,3.473,3.473,5.179,72.785,6.026,55.781,101.558,67.492,70.804,23625.595953,15661517.38,110.52,A,1108.923,71.98,1341.847
2016-10,BR,Brazil,2.398,2.398,5.148,5.148,5.764,68.336,6.231,54.388,100.706,66.129,69.27,4.71251,63474903.76,97.743,AAA,1095.29,71.98,1341.847
2016-10,KR,South Korea,2.258,2.258,3.749,3.749,5.314,89.13,6.35,54.741,100.208,65.333,68.374,1286.456007,6809835.04,28.175,A,1087.326,71.98,1341.847
2016-10,MX,Mexico,1.58,1.58,4.815,4.815,5.809,72.854,6.931,50.602,97.787,61.46,64.017,16.663488,70858160.61,123.7,BB,1048.598,71.98,1341.847
2016-10,TH,Thailand,0.917,0.917,1.64,1.64,4.234,68.723,7.499,47.137,95.419,57.671,59.755,33.976051,5677178.66,30.998,A,1010.707,71.98,1341.847
2016-10,PL,Poland,0.98,0.98,5.968,5.968,6.394,73.682,7.446,47.699,95.642,58.027,60.156,3.818168,-9846956.34,46.49,BB,1014.274,71.98,1341.847
2016-10,TR,Turkey,1.14,1.14,54.423,54.423,27.949,68.146,7.308,48.202,96.216,58.946,61.189,26.322014,12407243.73,119.425,A,1023.456,71.98,1341.847
2016-10,ZA,South Africa,1.118,1.118,6.351,6.351,6.349,60.323,7.327,47.691,96.136,58.818,61.045,17.806102,65869100.15,66.849,BB,1022.179,71.98,1341.847
2016-10,AU,Australia,1.842,1.842,4.013,4.013,5.404,79.284,6.707,52.211,98.722,62.956,65.7,1.462075,-13377436.9,120.543,BBB,1063.557,71.98,1341.847
2016-10,CA,Canada,1.709,1.709,3.434,3.434,5.449,80.993,6.821,51.645,98.246,62.194,64.843,1.302532,27341173.84,86.582,AAA,1055.937,71.98,1341.847
2016-11,IN,India,2.798,2.798,5.187,5.187,6.012,79.167,5.887,56.892,102.137,68.419,71.846,79.779113,-17603195.83,49.429,AA,1122.19,71.367,1339.363
2016-11,CN,China,3.146,3.146,2.106,2.106,4.527,97.246,5.589,59.478,103.377,70.404,74.079,6.904425,56822211.66,58.091,AA,1142.037,71.367,1339.363
2016-11,US,United States,3.244,3.244,4.011,4.011,5.247,90.297,5.505,59.62,103.729,70.966,74.711,0.95439,71676019.62,124.747,A,1147.656,71.367,1339.363
2016-11,DE,Germany,2.922,2.922,2.641,2.641,4.842,93.66,5.781,58.209,102.578,69.124,72.64,0.886507,51745620.18,119.128,BBB,1129.24,71.367,1339.363
2016-11,JP,Japan,3.038,3.038,2.249,2.249,4.752,91.885,5.682,58.689,102.992,69.788,73.386,142.660764,30036267.32,98.545,BB,1135.878,71.367,1339.363
2016-11,VN,Vietnam,2.767,2.767,3.627,3.627,5.067,73.02,5.914,56.434,102.024,68.239,71.644,23483.13764,13982000.82,53.306,A,1120.388,71.367,1339.363
2016-11,BR,Brazil,2.258,2.258,4.412,4.412,5.652,68.099,6.35,53.691,100.208,65.333,68.374,4.74577,-5664931.19,106.279,BB,1091.326,71.367,1339.363
2016-11,KR,South Korea,2.118,2.118,3.756,3.756,5.202,88.818,6.47,54.041,99.708,64.533,67.475,1302.096994,-4738820.14,42.669,AAA,1083.33,71.367,1339.363
2016-11,MX,Mexico,1.458,1.458,4.661,4.661,5.697,72.628,7.036,49.991,97.351,60.761,63.231,16.69521,74921648.23,106.198,A,1045.613,71.367,1339.363
2016-11,TH,Thailand,0.868,0.868,1.322,1.322,4.122,68.635,7.542,46.889,95.242,57.387,59.436,34.026476,-14155133.46,65.036,BBB,1011.872,71.367,1339.363
2016-11,PL,Poland,0.917,0.917,5.919,5.919,6.282,73.563,7.499,47.387,95.419,57.671,59.755,3.852386,10291178.37,66.624,AA,1014.707,71.367,1339.363
2016-11,TR,Turkey,1.054,1.054,53.488,53.488,27.837,67.995,7.382,47.772,95.909,58.454,60.636,26.337725,3383795.68,25.628,BBB,1022.538,71.367,1339.363
2016-11,ZA,South Africa,1.212,1.212,5.807,5.807,6.237,60.469,7.247,48.161,96.472,59.356,61.65,18.033085,39253244.59,116.435,BBB,1031.557,71.367,1339.363
2016-11,AU,Australia,1.709,1.709,3.897,3.897,5.292,79.018,6.821,51.545,98.246,62.194,64.843,1.462817,24994800.88,58.655,A,1059.937,71.367,1339.363
2016-11,CA,Canada,1.58,1.58,4.084,4.084,5.337,80.73,6.931,51.002,97.787,61.46,64.017,1.31175,48151078.55,105.007,BB,1052.598,71.367,1339.363
2016-12,IN,India,2.669,2.669,5.298,5.298,5.893,78.915,5.998,56.245,101.675,67.68,71.015,80.292046,62538166.4,26.683,A,1118.799,70.62,1336.245
2016-12,CN,China,3.038,3.038,1.989,1.989,4.408,96.99,5.682,58.939,102.992,69.788,73.386,6.913141,23536052.36,126.577,AA,1139.878,70.62,1336.245
2016-12,US,United States,3.146,3.146,3.172,3.172,5.128,90.08,5.589,59.128,103.377,70.404,74.079,0.974781,7501347.19,78.96,AAA,1146.037,70.62,1336.245
2016-12,DE,Germany,2.798,2.798,2.572,2.572,4.723,93.376,5.887,57.592,102.137,68.419,71.846,0.887009,38257782.0,36.123,BB,1126.19,70.62,1336.245
2016-12,JP,Japan,2.922,2.922,2.323,2.323,4.633,91.624,5.781,58.109,102.578,69.124,72.64,142.127359,-13353931.68,121.385,AA,1133.24,70.62,1336.245
2016-12,VN,Vietnam,2.892,2.892,2.865,2.865,4.948,73.245,5.807,57.059,102.471,68.953,72.447,24158.358371,76038581.19,53.764,BBB,1131.529,70.62,1336.245
2016-12,BR,Brazil,2.118,2.118,4.613,4.613,5.533,67.861,6.47,52.991,99.708,64.533,67.475,4.686285,13639582.9,46.184,BB,1087.33,70.62,1336.245
2016-12,KR,South Korea,1.979,1.979,3.577,3.577,5.083,88.509,6.589,53.346,99.211,63.738,66.58,1279.414479,36274021.56,42.957,AAA,1079.38,70.62,1336.245
2016-12,MX,Mexico,1.343,1.343,4.264,4.264,5.578,72.415,7.134,49.417,96.941,60.105,62.493,16.55944,74333263.01,120.431,A,1043.051,70.62,1336.245
2016-12,TH,Thailand,0.831,0.831,0.916,0.916,4.003,68.571,7.573,46.707,95.112,57.18,59.202,34.377107,49141253.59,45.195,BB,1013.798,70.62,1336.245
2016-12,PL,Poland,0.868,0.868,6.302,6.302,6.163,73.469,7.542,47.139,95.242,57.387,59.436,3.931304,72891715.39,74.031,BBB,1015.872,70.62,1336.245
2016-12,TR,Turkey,0.98,0.98,53.564,53.564,27.718,67.865,7.446,47.399,95.642,58.027,60.156,25.89184,2700959.72,108.556,BB,1022.274,70.62,1336.245
2016-12,ZA,South Africa,1.316,1.316,5.5,5.5,6.118,60.63,7.158,48.681,96.844,59.95,62.319,17.85644,-6970708.27,52.235,AA,1041.499,70.62,1336.245
2016-12,AU,Australia,1.58,1.58,3.935,3.935,5.173,78.761,6.931,50.902,97.787,61.46,64.017,1.44702,51519992.81,83.477,BBB,1056.598,70.62,1336.245
2016-12,CA,Canada,1.458,1.458,3.946,3.946,5.218,80.479,7.036,50.391,97.351,60.761,63.231,1.291531,24182085.47,53.251,BBB,1049.613,70.62,1336.245
2017-01,IN,India,2.535,2.535,4.656,4.656,5.771,78.653,6.113,55.575,101.196,66.914,70.153,79.399776,38515358.0,54.54,BBB,1115.14,69.743,1332.582
2017-01,CN,China,2.922,2.922,1.547,1.547,4.286,96.714,5.781,58.359,102.578,69.124,72.64,6.870116,65752878.29,99.62,BBB,1137.24,69.743,1332.582
2017-01,US,United States,3.038,3.038,3.287,3.287,5.006,89.843,5.682,58.589,102.992,69.788,73.386,0.968195,45632040.07,28.698,A,1143.878,69.743,1332.582
2017-01,DE,Germany,2.669,2.669,2.396,2.396,4.601,93.079,5.998,56.945,101.675,67.68,71.015,0.895046,35500855.01,123.665,BB,1122.799,69.743,1332.582
2017-01,JP,Japan,2.798,2.798,2.347,2.347,4.511,91.346,5.887,57.492,102.137,68.419,71.846,143.185457,41486451.05,84.28,A,1130.19,69.743,1332.582
2017-01,VN,Vietnam,3.01,3.01,2.603,2.603,4.826,73.458,5.706,57.649,102.892,69.628,73.206,23481.916865,62659602.69,122.213,BB,1142.275,69.743,1332.582
2017-01,BR,Brazil,1.979,1.979,4.214,4.214,5.411,67.625,6.589,52.296,99.211,63.738,66.58,4.812454,66587049.12,112.516,AA,1083.38,69.743,1332.582
2017-01,KR,South Korea,1.842,1.842,3.647,3.647,4.961,88.204,6.707,52.661,98.722,62.956,65.7,1275.217421,7265495.23,111.821,A,1075.557,69.743,1332.582
2017-01,MX,Mexico,1.237,1.237,4.354,4.354,5.456,72.219,7.225,48.886,96.561,59.498,61.81,16.613414,-18735811.44,57.977,BB,1040.979,69.743,1332.582
2017-01,TH,Thailand,0.809,0.809,1.062,1.062,3.881,68.531,7.592,46.594,95.032,57.05,59.057,34.030992,24434568.29,55.806,AA,1016.505,69.743,1332.582
2017-01,PL,Poland,0.831,0.831,5.984,5.984,6.041,73.4,7.573,46.957,95.112,57.18,59.202,3.871489,-9510215.74,65.26,BB,1017.798,69.743,1332.582
2017-01,TR,Turkey,0.917,0.917,53.645,53.645,27.596,67.755,7.499,47.087,95.419,57.671,59.755,25.849395,65792685.59,93.528,AA,1022.707,69.743,1332.582
2017-01,ZA,South Africa,1.429,1.429,5.351,5.351,5.996,60.805,7.061,49.245,97.247,60.595,63.044,18.085795,70026225.06,36.157,BBB,1051.945,69.743,1332.582
2017-01,AU,Australia,1.458,1.458,3.285,3.285,5.051,78.516,7.036,50.291,97.351,60.761,63.231,1.470163,41530425.69,125.359,A,1053.613,69.743,1332.582
2017-01,CA,Canada,1.343,1.343,3.433,3.433,5.096,80.244,7.134,49.817,96.941,60.105,62.493,1.309441,67748989.72,27.644,AAA,1047.051,69.743,1332.582
2017-02,IN,India,2.398,2.398,5.32,5.32,5.647,78.385,6.231,54.888,100.706,66.129,69.27,79.164101,-549028.31,74.017,BB,1111.29,68.745,1328.467
2017-02,CN,China,2.798,2.798,1.434,1.434,4.162,96.421,5.887,57.742,102.137,68.419,71.846,6.811706,11293499.87,105.223,AAA,1134.19,68.745,1328.467
2017-02,US,United States,2.922,2.922,3.631,3.631,4.882,89.588,5.781,58.009,102.578,69.124,72.64,0.9748,76071138.31,68.902,A,1141.24,68.745,1328.467
2017-02,DE,Germany,2.535,2.535,2.727,2.727,4.477,92.77,6.113,56.275,101.196,66.914,70.153,0.89614,4029689.79,29.77,BBB,1119.14,68.745,1328.467
2017-02,JP,Japan,2.669,2.669,2.16,2.16,4.387,91.055,5.998,56.845,101.675,67.68,71.015,143.192103,48600303.51,62.407,A,1126.799,68.745,1328.467
2017-02,VN,Vietnam,3.12,3.12,2.592,2.592,4.702,73.656,5.612,58.199,103.285,70.256,73.913,23676.117611,-14360097.76,46.41,BBB,1152.559,68.745,1328.467
2017-02,BR,Brazil,1.842,1.842,3.883,3.883,5.287,67.392,6.707,51.611,98.722,62.956,65.7,4.802906,9199121.3,106.856,BB,1079.557,68.745,1328.467
2017-02,KR,South Korea,1.709,1.709,2.823,2.823,4.837,87.907,6.821,51.995,98.246,62.194,64.843,1295.646346,21050060.1,99.102,AA,1071.937,68.745,1328.467
2017-02,MX,Mexico,1.14,1.14,4.19,4.19,5.332,72.04,7.308,48.402,96.216,58.946,61.189,16.689666,4723525.2,126.717,BBB,1039.456,68.745,1328.467
2017-02,TH,Thailand,0.8,0.8,0.771,0.771,3.757,68.515,7.6,46.551,95.0,57.001,59.001,34.172728,2287619.82,54.919,AA,1020.006,68.745,1328.467
2017-02,PL,Poland,0.809,0.809,5.543,5.543,5.917,73.357,7.592,46.844,95.032,57.05,59.057,3.847542,55880593.95,27.039,AA,1020.505,68.745,1328.467
2017-02,TR,Turkey,0.868,0.868,53.543,53.543,27.472,67.669,7.542,46.839,95.242,57.387,59.436,26.028768,79088414.31,36.81,A,1023.872,68.745,1328.467
2017-02,ZA,South Africa,1.55,1.55,5.69,5.69,5.872,60.992,6.958,49.848,97.677,61.283,63.819,17.788958,7531227.76,74.498,BBB,1062.832,68.745,1328.467
2017-02,AU,Australia,1.343,1.343,3.814,3.814,4.927,78.287,7.134,49.717,96.941,60.105,62.493,1.476678,-5306945.97,86.823,A,1051.051,68.745,1328.467
2017-02,CA,Canada,1.237,1.237,3.666,3.666,4.972,80.026,7.225,49.286,96.561,59.498,61.81,1.300579,62726355.86,65.021,AAA,1044.979,68.745,1328.467
2017-03,IN,India,2.258,2.258,5.496,5.496,5.522,78.114,6.35,54.191,100.208,65.333,68.374,78.665566,21409597.98,102.369,A,1107.326,67.633,1324.002
2017-03,CN,China,2.669,2.669,1.526,1.526,4.037,96.114,5.998,57.095,101.675,67.68,71.015,6.79794,32902904.27,75.344,BB,1130.799,67.633,1324.002
2017-03,US,United States,2.798,2.798,2.71,2.71,4.757,89.316,5.887,57.392,102.137,68.419,71.846,0.961339,16138671.86,30.279,BBB,1138.19,67.633,1324.002
2017-03,DE,Germany,2.398,2.398,1.777,1.777,4.352,92.454,6.231,55.588,100.706,66.129,69.27,0.881255,17611780.57,62.594,A,1115.29,67.633,1324.002
2017-03,JP,Japan,2.535,2.535,1.988,1.988,4.262,90.754,6.113,56.175,101.196,66.914,70.153,144.117226,-10330916.17,57.108,BB,1123.14,67.633,1324.002
2017-03,VN,Vietnam,3.221,3.221,2.893,2.893,4.577,73.837,5.525,58.703,103.645,70.832,74.561,23730.922779,43710227.07,115.385,BBB,1162.318,67.633,1324.002
2017-03,BR,Brazil,1.709,1.709,3.816,3.816,5.162,67.165,6.821,50.945,98.246,62.194,64.843,4.831374,-17758680.07,40.998,AA,1075.937,67.633,1324.002
2017-03,KR,South Korea,1.58,1.58,3.351,3.351,4.712,87.622,6.931,51.352,97.787,61.46,64.017,1276.246738,63961330.73,63.308,A,1068.598,67.633,1324.002
2017-03,MX,Mexico,1.054,1.054,4.104,4.104,5.207,71.881,7.382,47.972,95.909,58.454,60.636,16.368756,22601635.93,122.328,A,1038.538,67.633,1324.002
2017-03,TH,Thailand,0.805,0.805,0.538,0.538,3.632,68.525,7.595,46.577,95.019,57.031,59.035,34.511011,37766597.67,42.692,BB,1024.307,67.633,1324.002
2017-03,PL,Poland,0.8,0.8,5.773,5.773,5.792,73.34,7.6,46.801,95.0,57.001,59.001,3.760483,-6923394.52,100.953,AAA,1024.006,67.633,1324.002
2017-03,TR,Turkey,0.831,0.831,52.998,52.998,27.347,67.605,7.573,46.657,95.112,57.18,59.202,26.332877,74755465.06,79.225,AA,1025.798,67.633,1324.002
2017-03,ZA,South Africa,1.677,1.677,4.943,4.943,5.747,61.189,6.849,50.483,98.131,62.009,64.635,18.243709,-631243.78,64.883,BB,1074.09,67.633,1324.002
2017-03,AU,Australia,1.237,1.237,3.227,3.227,4.802,78.074,7.225,49.186,96.561,59.498,61.81,1.454002,-11174375.24,39.013,AAA,1048.979,67.633,1324.002
2017-03,CA,Canada,1.14,1.14,3.216,3.216,4.847,79.828,7.308,48.802,96.216,58.946,61.189,1.305448,76458348.99,54.539,A,1043.456,67.633,1324.002
2017-04,IN,India,2.118,2.118,4.934,4.934,5.399,77.841,6.47,53.491,99.708,64.533,67.475,79.347325,-17791530.8,124.027,BBB,1103.33,66.417,1319.29
2017-04,CN,China,2.535,2.535,1.751,1.751,3.914,95.796,6.113,56.425,101.196,66.914,70.153,6.843847,-15913161.51,95.153,AAA,1127.14,66.417,1319.29
2017-04,US,United States,2.669,2.669,2.717,2.717,4.634,89.032,5.998,56.745,101.675,67.68,71.015,0.953706,43451929.63,31.716,A,1134.799,66.417,1319.29
2017-04,DE,Germany,2.258,2.258,2.121,2.121,4.229,92.134,6.35,54.891,100.208,65.333,68.374,0.882642,37141857.56,61.898,AAA,1111.326,66.417,1319.29
2017-04,JP,Japan,2.398,2.398,2.498,2.498,4.139,90.445,6.231,55.488,100.706,66.129,69.27,141.276666,33267842.8,77.904,AAA,1119.29,66.417,1319.29
2017-04,VN,Vietnam,3.311,3.311,2.762,2.762,4.454,74.0,5.448,59.156,103.968,71.349,75.143,23927.069925,44856463.16,92.271,BBB,1171.493,66.417,1319.29
2017-04,BR,Brazil,1.58,1.58,4.305,4.305,5.039,66.947,6.931,50.302,97.787,61.46,64.017,4.752956,2802288.04,85.053,A,1072.598,66.417,1319.29
2017-04,KR,South Korea,1.458,1.458,2.983,2.983,4.589,87.35,7.036,50.741,97.351,60.761,63.231,1281.563958,3172785.85,43.346,AAA,1065.613,66.417,1319.29
2017-04,MX,Mexico,0.98,0.98,4.126,4.126,5.084,71.743,7.446,47.599,95.642,58.027,60.156,16.736467,8154501.81,90.225,BBB,1038.274,66.417,1319.29
2017-04,TH,Thailand,0.825,0.825,0.536,0.536,3.509,68.559,7.579,46.673,95.088,57.14,59.158,34.219041,74756217.39,50.218,BB,1029.404,66.417,1319.29
2017-04,PL,Poland,0.805,0.805,5.02,5.02,5.669,73.35,7.595,46.827,95.019,57.031,59.035,3.853462,49731425.11,49.881,A,1028.307,66.417,1319.29
2017-04,TR,Turkey,0.809,0.809,53.221,53.221,27.224,67.565,7.592,46.544,95.032,57.05,59.057,26.343966,3089740.14,46.465,AA,1028.505,66.417,1319.29
2017-04,ZA,South Africa,1.809,1.809,5.094,5.094,5.624,61.394,6.735,51.144,98.603,62.765,65.485,17.898901,51233234.97,59.819,AAA,1085.647,66.417,1319.29
2017-04,AU,Australia,1.14,1.14,2.848,2.848,4.679,77.881,7.308,48.702,96.216,58.946,61.189,1.450091,54137164.95,46.653,AA,1047.456,66.417,1319.29
2017-04,CA,Canada,1.054,1.054,3.665,3.665,4.724,79.652,7.382,48.372,95.909,58.454,60.636,1.309769,6511843.99,57.537,AAA,1042.538,66.417,1319.29
2017-05,IN,India,1.979,1.979,4.389,4.389,5.279,77.569,6.589,52.796,99.211,63.738,66.58,81.47012,-10934757.94,56.12,AAA,1099.38,65.106,1314.438
2017-05,CN,China,2.398,2.398,1.699,1.699,3.794,95.469,6.231,55.738,100.706,66.129,69.27,6.879879,70408554.75,40.966,BBB,1123.29,65.106,1314.438
2017-05,US,United States,2.535,2.535,2.876,2.876,4.514,88.737,6.113,56.075,101.196,66.914,70.153,0.96651,-7567388.48,110.363,BB,1131.14,65.106,1314.438
2017-05,DE,Germany,2.118,2.118,1.857,1.857,4.109,91.812,6.47,54.191,99.708,64.533,67.475,0.891772,46239441.58,46.392,BBB,1107.33,65.106,1314.438
2017-05,JP,Japan,2.258,2.258,1.782,1.782,4.019,90.131,6.35,54.791,100.208,65.333,68.374,144.986711,-15542970.09,50.383,AA,1115.326,65.106,1314.438
2017-05,VN,Vietnam,3.391,3.391,2.875,2.875,4.334,74.143,5.379,59.553,104.252,71.803,75.654,23596.40886,-16032236.92,37.358,BB,1180.035,65.106,1314.438
2017-05,BR,Brazil,1.458,1.458,4.109,4.109,4.919,66.739,7.036,49.691,97.351,60.761,63.231,4.845911,25482756.55,60.951,BBB,1069.613,65.106,1314.438
2017-05,KR,South Korea,1.343,1.343,2.723,2.723,4.469,87.094,7.134,50.167,96.941,60.105,62.493,1286.839453,-6091639.21,101.441,BB,1063.051,65.106,1314.438
2017-05,MX,Mexico,0.917,0.917,3.629,3.629,4.964,71.627,7.499,47.287,95.419,57.671,59.755,16.607885,-18501948.19,100.597,BB,1038.707,65.106,1314.438
2017-05,TH,Thailand,0.858,0.858,0.549,0.549,3.389,68.617,7.551,46.838,95.205,57.329,59.37,34.953344,77917457.61,87.012,BBB,1035.286,65.106,1314.438
2017-05,PL,Poland,0.825,0.825,5.164,5.164,5.549,73.387,7.579,46.923,95.088,57.14,59.158,3.873366,68602920.28,121.677,BBB,1033.404,65.106,1314.438
2017-05,TR,Turkey,0.8,0.8,52.726,52.726,27.104,67.55,7.6,46.501,95.0,57.001,59.001,25.74399,51425634.07,28.082,AAA,1032.006,65.106,1314.438
2017-05,ZA,South Africa,1.945,1.945,5.43,5.43,5.504,61.605,6.619,51.825,99.089,63.543,66.361,17.737313,63548243.38,96.501,BBB,1097.427,65.106,1314.438
2017-05,AU,Australia,1.054,1.054,3.016,3.016,4.559,77.709,7.382,48.272,95.909,58.454,60.636,1.449152,49461849.78,96.043,AAA,1046.538,65.106,1314.438
2017-05,CA,Canada,0.98,0.98,3.137,3.137,4.604,79.499,7.446,47.999,95.642,58.027,60.156,1.299958,39014495.04,74.435,BBB,1042.274,65.106,1314.438
2017-06,IN,India,1.842,1.842,4.533,4.533,5.165,77.302,6.707,52.111,98.722,62.956,65.7,80.014323,60907826.26,121.12,BBB,1095.557,63.712,1309.557
2017-06,CN,China,2.258,2.258,1.583,1.583,3.68,95.138,6.35,55.041,100.208,65.333,68.374,6.860029,22431087.77,114.624,AA,1119.326,63.712,1309.557
2017-06,US,United States,2.398,2.398,2.494,2.494,4.4,88.435,6.231,55.388,100.706,66.129,69.27,0.976624,33065122.9,100.812,AAA,1127.29,63.712,1309.557
2017-06,DE,Germany,1.979,1.979,1.834,1.834,3.995,91.492,6.589,53.496,99.211,63.738,66.58,0.886649,3294792.4,121.211,BBB,1103.38,63.712,1309.557
2017-06,JP,Japan,2.118,2.118,1.871,1.871,3.905,89.816,6.47,54.091,99.708,64.533,67.475,146.61831,-16418986.71,33.925,A,1111.33,63.712,1309.557
2017-06,VN,Vietnam,3.458,3.458,2.096,2.096,4.22,74.265,5.322,59.891,104.494,72.19,76.088,24011.420117,-12198808.01,101.559,AA,1187.897,63.712,1309.557
2017-06,BR,Brazil,1.343,1.343,3.668,3.668,4.805,66.544,7.134,49.117,96.941,60.105,62.493,4.826335,-16021443.64,105.962,AA,1067.051,63.712,1309.557
2017-06,KR,South Korea,1.237,1.237,2.375,2.375,4.355,86.858,7.225,49.636,96.561,59.498,61.81,1291.528871,2978571.44,127.854,AA,1060.979,63.712,1309.557
2017-06,MX,Mexico,0.868,0.868,3.626,3.626,4.85,71.535,7.542,47.039,95.242,57.387,59.436,16.434154,-4637649.67,58.102,AA,1039.872,63.712,1309.557
2017-06,TH,Thailand,0.904,0.904,0.514,0.514,3.275,68.699,7.511,47.069,95.371,57.593,59.668,34.46491,11042689.65,120.647,A,1041.935,63.712,1309.557
2017-06,PL,Poland,0.858,0.858,5.166,5.166,5.435,73.449,7.551,47.088,95.205,57.329,59.37,3.88902,57875217.61,94.052,AA,1039.286,63.712,1309.557
2017-06,TR,Turkey,0.805,0.805,52.883,52.883,26.99,67.559,7.595,46.527,95.019,57.031,59.035,25.912452,20914404.58,94.408,A,1036.307,63.712,1309.557
2017-06,ZA,South Africa,2.084,2.084,5.508,5.508,5.39,61.82,6.5,52.518,99.585,64.335,67.252,18.146675,34886728.87,129.301,AA,1109.353,63.712,1309.557
2017-06,AU,Australia,0.98,0.98,2.859,2.859,4.445,77.56,7.446,47.899,95.642,58.027,60.156,1.476372,-9619338.76,84.829,BBB,1046.274,63.712,1309.557
2017-06,CA,Canada,0.917,0.917,3.137,3.137,4.49,79.371,7.499,47.687,95.419,57.671,59.755,1.310555,68152174.78,48.889,AA,1042.707,63.712,1309.557
2017-07,IN,India,1.709,1.709,4.092,4.092,5.058,77.042,6.821,51.445,98.246,62.194,64.843,79.439415,-17451939.94,62.547,AAA,1091.937,62.246,1304.755
2017-07,CN,China,2.118,2.118,1.129,1.129,3.573,94.806,6.47,54.341,99.708,64.533,67.475,6.9242,60159976.29,120.622,A,1115.33,62.246,1304.755
2017-07,US,United States,2.258,2.258,2.935,2.935,4.293,88.128,6.35,54.691,100.208,65.333,68.374,0.979728,21427143.36,51.32,BBB,1123.326,62.246,1304.755
2017-07,DE,Germany,1.842,1.842,2.141,2.141,3.888,91.177,6.707,52.811,98.722,62.956,65.7,0.902459,55087530.05,89.73,AA,1099.557,62.246,1304.755
2017-07,JP,Japan,1.979,1.979,1.94,1.94,3.798,89.503,6.589,53.396,99.211,63.738,66.58,143.944332,25495034.04,125.091,BB,1107.38,62.246,1304.755
2017-07,VN,Vietnam,3.513,3.513,1.997,1.997,4.113,74.364,5.274,60.166,104.69,72.504,76.442,23693.733973,-3504082.22,123.537,A,1195.04,62.246,1304.755
2017-07,BR,Brazil,1.237,1.237,3.289,3.289,4.698,66.363,7.225,48.586,96.561,59.498,61.81,4.78693,-13540663.4,108.176,BBB,1064.979,62.246,1304.755
2017-07,KR,South Korea,1.14,1.14,2.487,2.487,4.248,86.643,7.308,49.152,96.216,58.946,61.189,1294.871698,70995024.96,83.073,BBB,1059.456,62.246,1304.755
2017-07,MX,Mexico,0.831,0.831,3.935,3.935,4.743,71.468,7.573,46.857,95.112,57.18,59.202,16.845309,41547406.65,63.565,AAA,1041.798,62.246,1304.755
2017-07,TH,Thailand,0.963,0.963,0.1,0.1,3.168,68.805,7.46,47.366,95.583,57.932,60.049,33.880697,19561496.39,67.937,A,1049.324,62.246,1304.755
2017-07,PL,Poland,0.904,0.904,4.657,4.657,5.328,73.537,7.511,47.319,95.371,57.593,59.668,3.834838,34638962.15,114.704,AAA,1045.935,62.246,1304.755
2017-07,TR,Turkey,0.825,0.825,53.266,53.266,26.883,67.593,7.579,46.623,95.088,57.14,59.158,26.207682,11587835.79,53.557,BB,1041.404,62.246,1304.755
2017-07,ZA,South Africa,2.224,2.224,4.901,4.901,5.283,62.036,6.38,53.218,100.084,65.135,68.151,17.96407,27305945.26,32.882,BBB,1121.345,62.246,1304.755
2017-07,AU,Australia,0.917,0.917,2.716,2.716,4.338,77.435,7.499,47.587,95.419,57.671,59.755,1.472164,33289646.3,63.33,BBB,1046.707,62.246,1304.755
2017-07,CA,Canada,0.868,0.868,2.803,2.803,4.383,79.269,7.542,47.439,95.242,57.387,59.436,1.311323,64833996.61,99.609,AA,1043.872,62.246,1304.755
2017-08,IN,India,1.58,1.58,4.673,4.673,4.961,76.792,6.931,50.802,97.787,61.46,64.017,80.714616,-15985830.06,28.51,BBB,1088.598,60.72,1300.141
2017-08,CN,China,1.979,1.979,0.323,0.323,3.476,94.475,6.589,53.646,99.211,63.738,66.58,6.907021,14739741.77,30.35,BBB,1111.38,60.72,1300.141
2017-08,US,United States,2.118,2.118,2.554,2.554,4.196,87.82,6.47,53.991,99.708,64.533,67.475,0.998979,1688619.81,125.397,AAA,1119.33,60.72,1300.141
2017-08,DE,Germany,1.709,1.709,1.922,1.922,3.791,90.87,6.821,52.145,98.246,62.194,64.843,0.891026,49255608.5,74.294,A,1095.937,60.72,1300.141
2017-08,JP,Japan,1.842,1.842,1.622,1.622,3.701,89.195,6.707,52.711,98.722,62.956,65.7,145.600794,47079463.98,29.262,AA,1103.557,60.72,1300.141
2017-08,VN,Vietnam,3.555,3.555,2.189,2.189,4.016,74.439,5.238,60.375,104.84,72.743,76.711,24102.227848,10126869.26,26.812,BBB,1201.434,60.72,1300.141
2017-08,BR,Brazil,1.14,1.14,4.01,4.01,4.601,66.199,7.308,48.102,96.216,58.946,61.189,4.754794,-12257824.57,47.997,AAA,1063.456,60.72,1300.141
2017-08,KR,South Korea,1.054,1.054,2.794,2.794,4.151,86.451,7.382,48.722,95.909,58.454,60.636,1279.942043,52926773.31,124.529,A,1058.538,60.72,1300.141
2017-08,MX,Mexico,0.809,0.809,3.6,3.6,4.646,71.426,7.592,46.744,95.032,57.05,59.057,16.757411,56120605.94,67.285,AAA,1044.505,60.72,1300.141
2017-08,TH,Thailand,1.035,1.035,0.127,0.127,3.071,68.932,7.399,47.724,95.839,58.342,60.51,34.460973,1144977.19,77.65,AA,1057.419,60.72,1300.141
2017-08,PL,Poland,0.963,0.963,4.999,4.999,5.231,73.65,7.46,47.616,95.583,57.932,60.049,3.829265,79843956.46,41.431,A,1053.324,60.72,1300.141
2017-08,TR,Turkey,0.858,0.858,52.758,52.758,26.786,67.651,7.551,46.788,95.205,57.329,59.37,26.314967,12017811.74,120.911,BBB,1047.286,60.72,1300.141
2017-08,ZA,South Africa,2.363,2.363,5.202,5.202,5.186,62.253,6.26,53.916,100.583,65.932,69.049,17.972314,36746968.8,108.77,AA,1133.324,60.72,1300.141
2017-08,AU,Australia,0.868,0.868,2.44,2.44,4.241,77.336,7.542,47.339,95.242,57.387,59.436,1.473433,26039155.11,115.346,AAA,1047.872,60.72,1300.141
2017-08,CA,Canada,0.831,0.831,2.63,2.63,4.286,79.194,7.573,47.257,95.112,57.18,59.202,1.310698,34000759.68,62.206,AA,1045.798,60.72,1300.141
2017-09,IN,India,1.458,1.458,4.472,4.472,4.873,76.554,7.036,50.191,97.351,60.761,63.231,79.792813,71204261.81,64.973,AAA,1085.613,59.147,1295.821
2017-09,CN,China,1.842,1.842,1.048,1.048,3.388,94.15,6.707,52.961,98.722,62.956,65.7,6.912687,17123486.44,41.838,A,1107.557,59.147,1295.821
2017-09,US,United States,1.979,1.979,3.101,3.101,4.108,87.514,6.589,53.296,99.211,63.738,66.58,0.979388,-15317683.56,30.486,AAA,1115.38,59.147,1295.821
2017-09,DE,Germany,1.58,1.58,1.529,1.529,3.703,90.575,6.931,51.502,97.787,61.46,64.017,0.89063,44743281.45,126.882,A,1092.598,59.147,1295.821
2017-09,JP,Japan,1.709,1.709,1.326,1.326,3.613,88.895,6.821,52.045,98.246,62.194,64.843,144.93378,22865610.88,50.364,AA,1099.937,59.147,1295.821
2017-09,VN,Vietnam,3.583,3.583,2.209,2.209,3.928,74.49,5.214,60.517,104.941,72.905,76.894,23872.661178,69648075.31,51.361,AA,1207.053,59.147,1295.821
2017-09,BR,Brazil,1.054,1.054,3.655,3.655,4.513,66.053,7.382,47.672,95.909,58.454,60.636,4.7575,61624708.74,77.586,BBB,1062.538,59.147,1295.821
2017-09,KR,South Korea,0.98,0.98,2.564,2.564,4.063,86.285,7.446,48.349,95.642,58.027,60.156,1282.873188,17407543.28,60.106,BBB,1058.274,59.147,1295.821
2017-09,MX,Mexico,0.8,0.8,3.833,3.833,4.558,71.41,7.6,46.701,95.0,57.001,59.001,16.806725,9313304.55,84.185,BB,1048.006,59.147,1295.821
2017-09,TH,Thailand,1.118,1.118,0.255,0.255,2.983,69.08,7.327,48.141,96.136,58.818,61.045,34.587652,57864518.92,83.665,AA,1066.179,59.147,1295.821
2017-09,PL,Poland,1.035,1.035,4.971,4.971,5.143,73.786,7.399,47.974,95.839,58.342,60.51,3.873305,53152347.95,67.319,AA,1061.419,59.147,1295.821
2017-09,TR,Turkey,0.904,0.904,53.021,53.021,26.698,67.732,7.511,47.019,95.371,57.593,59.668,26.464897,-999844.73,61.035,AA,1053.935,59.147,1295.821
2017-09,ZA,South Africa,2.501,2.501,4.892,4.892,5.098,62.467,6.142,54.606,101.076,66.721,69.936,17.952183,-15213018.24,62.242,BBB,1145.21,59.147,1295.821
2017-09,AU,Australia,0.831,0.831,2.728,2.728,4.153,77.263,7.573,47.157,95.112,57.18,59.202,1.482036,-10049855.38,104.215,AA,1049.798,59.147,1295.821
2017-09,CA,Canada,0.809,0.809,2.921,2.921,4.198,79.148,7.592,47.144,95.032,57.05,59.057,1.296818,71574031.49,119.999,BBB,1048.505,59.147,1295.821
2017-10,IN,India,1.343,1.343,4.084,4.084,4.798,76.33,7.134,49.617,96.941,60.105,62.493,80.964461,61333113.67,62.998,A,1083.051,57.54,1291.898
2017-10,CN,China,1.709,1.709,1.305,1.305,3.313,93.834,6.821,52.295,98.246,62.194,64.843,6.795455,-12067612.32,46.287,A,1103.937,57.54,1291.898
2017-10,US,United States,1.842,1.842,2.61,2.61,4.033,87.213,6.707,52.611,98.722,62.956,65.7,0.975445,6001792.37,60.247,AAA,1111.557,57.54,1291.898
2017-10,DE,Germany,1.458,1.458,1.417,1.417,3.628,90.294,7.036,50.891,97.351,60.761,63.231,0.888405,66313744.44,81.054,BBB,1089.613,57.54,1291.898
2017-10,JP,Japan,1.58,1.58,1.689,1.689,3.538,88.606,6.931,51.402,97.787,61.46,64.017,144.010713,2728502.61,32.927,AAA,1096.598,57.54,1291.898
2017-10,VN,Vietnam,3.598,3.598,2.386,2.386,3.853,74.516,5.202,60.59,104.993,72.988,76.987,23565.961675,15804596.39,37.365,BB,1211.883,57.54,1291.898
2017-10,BR,Brazil,0.98,0.98,3.077,3.077,4.438,65.926,7.446,47.299,95.642,58.027,60.156,4.86799,-1594634.26,27.751,AAA,1062.274,57.54,1291.898
2017-10,KR,South Korea,0.917,0.917,2.616,2.616,3.988,86.146,7.499,48.037,95.419,57.671,59.755,1290.876794,7572578.72,52.909,AAA,1058.707,57.54,1291.898
2017-10,MX,Mexico,0.805,0.805,3.565,3.565,4.483,71.42,7.595,46.727,95.019,57.031,59.035,16.722587,51234266.97,65.687,A,1052.307,57.54,1291.898
2017-10,TH,Thailand,1.212,1.212,0.1,0.1,2.908,69.247,7.247,48.611,96.472,59.356,61.65,34.170879,-9869541.62,101.485,BB,1075.557,57.54,1291.898
2017-10,PL,Poland,1.118,1.118,5.312,5.312,5.068,73.944,7.327,48.391,96.136,58.818,61.045,3.971956,41680989.92,73.502,A,1070.179,57.54,1291.898
2017-10,TR,Turkey,0.963,0.963,52.912,52.912,26.623,67.836,7.46,47.316,95.583,57.932,60.049,26.062479,1110.15,65.916,BBB,1061.324,57.54,1291.898
2017-10,ZA,South Africa,2.636,2.636,4.501,4.501,5.023,62.676,6.026,55.281,101.558,67.492,70.804,17.714203,45959896.3,65.65,BBB,1156.923,57.54,1291.898
2017-10,AU,Australia,0.809,0.809,2.466,2.466,4.078,77.218,7.592,47.044,95.032,57.05,59.057,1.472792,-18985759.65,68.205,AA,1052.505,57.54,1291.898
2017-10,CA,Canada,0.8,0.8,3.008,3.008,4.123,79.13,7.6,47.101,95.0,57.001,59.001,1.306456,4081008.54,129.486,A,1052.006,57.54,1291.898
2017-11,IN,India,1.237,1.237,4.317,4.317,4.735,76.122,7.225,49.086,96.561,59.498,61.81,80.523367,8139796.2,111.12,AAA,1080.979,55.912,1288.47
2017-11,CN,China,1.58,1.58,1.199,1.199,3.25,93.529,6.931,51.652,97.787,61.46,64.017,6.991336,59481682.05,118.836,AAA,1100.598,55.912,1288.47
2017-11,US,United States,1.709,1.709,2.601,2.601,3.97,86.92,6.821,51.945,98.246,62.194,64.843,0.973318,884056.9,90.605,AA,1107.937,55.912,1288.47
2017-11,DE,Germany,1.343,1.343,1.774,1.774,3.565,90.03,7.134,50.317,96.941,60.105,62.493,0.906662,2506880.82,86.523,AA,1087.051,55.912,1288.47
2017-11,JP,Japan,1.458,1.458,1.548,1.548,3.475,88.331,7.036,50.791,97.351,60.761,63.231,144.019589,61024286.96,50.567,BB,1093.613,55.912,1288.47
2017-11,VN,Vietnam,3.599,3.599,2.022,2.022,3.79,74.517,5.201,60.593,104.995,72.992,76.99,23890.920418,59483976.98,70.366,BBB,1215.915,55.912,1288.47
2017-11,BR,Brazil,0.917,0.917,3.581,3.581,4.375,65.82,7.499,46.987,95.419,57.671,59.755,4.783459,9040152.2,66.57,BBB,1062.707,55.912,1288.47
2017-11,KR,South Korea,0.868,0.868,2.742,2.742,3.925,86.036,7.542,47.789,95.242,57.387,59.436,1295.641808,65783843.51,83.772,BB,1059.872,55.912,1288.47
2017-11,MX,Mexico,0.825,0.825,3.037,3.037,4.42,71.455,7.579,46.823,95.088,57.14,59.158,16.661827,62273350.94,73.617,BBB,1057.404,55.912,1288.47
2017-11,TH,Thailand,1.316,1.316,0.1,0.1,2.845,69.431,7.158,49.131,96.844,59.95,62.319,34.996936,3319971.72,83.926,BB,1085.499,55.912,1288.47
2017-11,PL,Poland,1.212,1.212,4.87,4.87,5.005,74.123,7.247,48.861,96.472,59.356,61.65,3.916064,50063342.76,101.151,AAA,1079.557,55.912,1288.47
2017-11,TR,Turkey,1.035,1.035,52.731,52.731,26.56,67.961,7.399,47.674,95.839,58.342,60.51,26.270537,30703527.58,121.169,BBB,1069.419,55.912,1288.47
2017-11,ZA,South Africa,2.767,2.767,4.594,4.594,4.96,62.879,5.914,55.934,102.024,68.239,71.644,18.225479,32117846.49,127.506,BBB,1168.388,55.912,1288.47
2017-11,AU,Australia,0.8,0.8,2.407,2.407,4.015,77.2,7.6,47.001,95.0,57.001,59.001,1.482772,13741880.2,25.863,BBB,1056.006,55.912,1288.47
2017-11,CA,Canada,0.805,0.805,3.067,3.067,4.06,79.141,7.595,47.127,95.019,57.031,59.035,1.305937,69687772.79,120.126,BB,1056.307,55.912,1288.47
2017-12,IN,India,1.14,1.14,4.53,4.53,4.686,75.934,7.308,48.602,96.216,58.946,61.189,81.708975,60876194.37,58.263,BB,1079.456,54.276,1285.627
2017-12,CN,China,1.458,1.458,1.279,1.279,3.201,93.238,7.036,51.041,97.351,60.761,63.231,6.875467,16014341.69,31.977,A,1097.613,54.276,1285.627
2017-12,US,United States,1.58,1.58,2.549,2.549,3.921,86.637,6.931,51.302,97.787,61.46,64.017,0.967065,45249096.96,28.324,BBB,1104.598,54.276,1285.627
2017-12,DE,Germany,1.237,1.237,1.915,1.915,3.516,89.785,7.225,49.786,96.561,59.498,61.81,0.896248,74382290.7,61.723,BBB,1084.979,54.276,1285.627
2017-12,JP,Japan,1.343,1.343,1.684,1.684,3.426,88.073,7.134,50.217,96.941,60.105,62.493,147.064181,13012778.15,52.207,AA,1091.051,54.276,1285.627
2017-12,VN,Vietnam,3.585,3.585,2.169,2.169,3.741,74.493,5.213,60.526,104.947,72.915,76.904,24138.296368,71533710.65,42.986,AA,1219.149,54.276,1285.627
2017-12,BR,Brazil,0.868,0.868,3.801,3.801,4.326,65.735,7.542,46.739,95.242,57.387,59.436,4.867907,34212533.64,110.597,AA,1063.872,54.276,1285.627
2017-12,KR,South Korea,0.831,0.831,2.642,2.642,3.876,85.955,7.573,47.607,95.112,57.18,59.202,1303.724067,-7937534.21,37.688,BBB,1061.798,54.276,1285.627
2017-12,MX,Mexico,0.858,0.858,3.519,3.519,4.371,71.516,7.551,46.988,95.205,57.329,59.37,16.699963,43256989.64,127.177,AA,1063.286,54.276,1285.627
2017-12,TH,Thailand,1.429,1.429,0.182,0.182,2.796,69.632,7.061,49.695,97.247,60.595,63.044,34.207908,2577290.94,122.253,AAA,1095.945,54.276,1285.627
2017-12,PL,Poland,1.316,1.316,4.563,4.563,4.956,74.321,7.158,49.381,96.844,59.95,62.319,3.952603,75685397.58,74.606,AA,1089.499,54.276,1285.627
2017-12,TR,Turkey,1.118,1.118,52.779,52.779,26.511,68.107,7.327,48.091,96.136,58.818,61.045,26.125777,3491191.14,123.651,BB,1078.179,54.276,1285.627
2017-12,ZA,South Africa,2.892,2.892,4.746,4.746,4.911,63.072,5.807,56.559,102.471,68.953,72.447,18.159331,53050764.77,70.586,A,1179.529,54.276,1285.627
2017-12,AU,Australia,0.805,0.805,2.604,2.604,3.966,77.211,7.595,47.027,95.019,57.031,59.035,1.457079,54039723.63,115.563,A,1060.307,54.276,1285.627
2017-12,CA,Canada,0.825,0.825,2.69,2.69,4.011,79.18,7.579,47.223,95.088,57.14,59.158,1.327381,-10945441.49,99.784,BB,1061.404,54.276,1285.627
2018-01,IN,India,1.054,1.054,4.518,4.518,4.652,75.766,7.382,48.172,95.909,58.454,60.636,81.26819,43493342.91,91.159,AA,1078.538,52.646,1283.456
2018-01,CN,China,1.343,1.343,1.484,1.484,3.167,92.966,7.134,50.467,96.941,60.105,62.493,6.884157,-12781762.6,85.62,AAA,1095.051,52.646,1283.456
2018-01,US,United States,1.458,1.458,3.031,3.031,3.887,86.368,7.036,50.691,97.351,60.761,63.231,0.98292,16801820.1,39.144,AA,1101.613,52.646,1283.456
2018-01,DE,Germany,1.14,1.14,1.469,1.469,3.482,89.563,7.308,49.302,96.216,58.946,61.189,0.904813,10668055.32,75.637,AAA,1083.456,52.646,1283.456
2018-01,JP,Japan,1.237,1.237,1.946,1.946,3.392,87.834,7.225,49.686,96.561,59.498,61.81,143.724187,41288217.35,115.239,BBB,1088.979,52.646,1283.456
2018-01,VN,Vietnam,3.558,3.558,2.454,2.454,3.707,74.444,5.236,60.389,104.849,72.759,76.729,23881.07814,55749265.52,124.236,A,1221.591,52.646,1283.456
2018-01,BR,Brazil,0.831,0.831,4.084,4.084,4.292,65.673,7.573,46.557,95.112,57.18,59.202,4.85022,36103338.25,122.114,AAA,1065.798,52.646,1283.456
2018-01,KR,South Korea,0.809,0.809,2.621,2.621,3.842,85.905,7.592,47.494,95.032,57.05,59.057,1270.232982,78236408.03,26.981,AA,1064.505,52.646,1283.456
2018-01,MX,Mexico,0.904,0.904,3.788,3.788,4.337,71.602,7.511,47.219,95.371,57.593,59.668,17.078241,10705281.2,107.369,A,1069.935,52.646,1283.456
2018-01,TH,Thailand,1.55,1.55,0.277,0.277,2.762,69.845,6.958,50.298,97.677,61.283,63.819,34.281275,-8961277.36,113.701,AAA,1106.832,52.646,1283.456
2018-01,PL,Poland,1.429,1.429,4.849,4.849,4.922,74.535,7.061,49.945,97.247,60.595,63.044,3.894002,3101758.3,72.826,BB,1099.945,52.646,1283.456
2018-01,TR,Turkey,1.212,1.212,52.919,52.919,26.477,68.271,7.247,48.561,96.472,59.356,61.65,26.621591,37368657.79,63.16,AA,1087.557,52.646,1283.456
2018-01,ZA,South Africa,3.01,3.01,4.841,4.841,4.877,63.255,5.706,57.149,102.892,69.628,73.206,18.050682,1321932.46,100.715,BB,1190.275,52.646,1283.456
2018-01,AU,Australia,0.825,0.825,3.078,3.078,3.932,77.249,7.579,47.123,95.088,57.14,59.158,1.476688,66622487.86,93.53,BB,1065.404,52.646,1283.456
2018-01,CA,Canada,0.858,0.858,2.656,2.656,3.977,79.248,7.551,47.388,95.205,57.329,59.37,1.325247,67102217.76,34.338,A,1067.286,52.646,1283.456
2018-02,IN,India,0.98,0.98,4.599,4.599,4.634,75.621,7.446,47.799,95.642,58.027,60.156,80.597814,46689512.27,47.456,AAA,1078.274,51.036,1282.031
2018-02,CN,China,1.237,1.237,0.826,0.826,3.149,92.713,7.225,49.936,96.561,59.498,61.81,7.058703,1617072.73,99.017,BBB,1092.979,51.036,1282.031
2018-02,US,United States,1.343,1.343,3.107,3.107,3.869,86.115,7.134,50.117,96.941,60.105,62.493,0.975221,-705028.1,113.785,AA,1099.051,51.036,1282.031
2018-02,DE,Germany,1.054,1.054,2.039,2.039,3.464,89.365,7.382,48.872,95.909,58.454,60.636,0.901828,51116939.44,125.227,BB,1082.538,51.036,1282.031
2018-02,JP,Japan,1.14,1.14,1.844,1.844,3.374,87.616,7.308,49.202,96.216,58.946,61.189,145.520544,44040814.03,54.756,AA,1087.456,51.036,1282.031
2018-02,VN,Vietnam,3.517,3.517,2.599,2.599,3.689,74.371,5.271,60.185,104.704,72.526,76.467,23755.773331,7247501.25,44.27,AAA,1223.258,51.036,1282.031
2018-02,BR,Brazil,0.809,0.809,4.169,4.169,4.274,65.635,7.592,46.444,95.032,57.05,59.057,4.758673,17338223.33,74.685,BB,1068.505,51.036,1282.031
2018-02,KR,South Korea,0.8,0.8,2.782,2.782,3.824,85.885,7.6,47.451,95.0,57.001,59.001,1294.382168,-7280238.36,118.08,BBB,1068.006,51.036,1282.031
2018-02,MX,Mexico,0.963,0.963,3.45,3.45,4.319,71.712,7.46,47.516,95.583,57.932,60.049,16.981483,49001862.94,124.279,A,1077.324,51.036,1282.031
2018-02,TH,Thailand,1.677,1.677,0.1,0.1,2.744,70.071,6.849,50.933,98.131,62.009,64.635,34.605525,65548940.52,117.641,AAA,1118.09,51.036,1282.031
2018-02,PL,Poland,1.55,1.55,5.468,5.468,4.904,74.764,6.958,50.548,97.677,61.283,63.819,3.991419,39138828.36,88.148,BB,1110.832,51.036,1282.031
2018-02,TR,Turkey,1.316,1.316,53.025,53.025,26.459,68.453,7.158,49.081,96.844,59.95,62.319,26.821568,69226043.32,89.875,AAA,1097.499,51.036,1282.031
2018-02,ZA,South Africa,3.12,3.12,4.764,4.764,4.859,63.426,5.612,57.699,103.285,70.256,73.913,17.938449,40939418.19,91.433,A,1200.559,51.036,1282.031
2018-02,AU,Australia,0.858,0.858,3.037,3.037,3.914,77.315,7.551,47.288,95.205,57.329,59.37,1.488379,22957626.74,65.798,A,1071.286,51.036,1282.031
2018-02,CA,Canada,0.904,0.904,3.25,3.25,3.959,79.343,7.511,47.619,95.371,57.593,59.668,1.326808,33397945.47,44.647,BBB,1073.935,51.036,1282.031
2018-03,IN,India,0.917,0.917,4.311,4.311,4.631,75.499,7.499,47.487,95.419,57.671,59.755,81.499768,38411830.08,78.845,AAA,1078.707,49.458,1281.42
2018-03,CN,China,1.14,1.14,1.398,1.398,3.146,92.484,7.308,49.452,96.216,58.946,61.189,7.023858,-1371241.46,117.952,BB,1091.456,49.458,1281.42
2018-03,US,United States,1.237,1.237,3.032,3.032,3.866,85.882,7.225,49.586,96.561,59.498,61.81,0.979922,-17196763.64,37.129,BBB,1096.979,49.458,1281.42
2018-03,DE,Germany,0.98,0.98,1.92,1.92,3.461,89.194,7.446,48.499,95.642,58.027,60.156,0.914038,17283153.31,97.898,AAA,1082.274,49.458,1281.42
2018-03,JP,Japan,1.054,1.054,2.063,2.063,3.371,87.422,7.382,48.772,95.909,58.454,60.636,146.122851,79820709.8,66.622,BBB,1086.538,49.458,1281.42
2018-03,VN,Vietnam,3.463,3.463,2.458,2.458,3.686,74.273,5.317,59.915,104.511,72.217,76.12,24183.090419,7938483.17,66.696,AA,1224.174,49.458,1281.42
2018-03,BR,Brazil,0.8,0.8,3.398,3.398,4.271,65.62,7.6,46.401,95.0,57.001,59.001,4.826161,27626567.5,39.556,BBB,1072.006,49.458,1281.42
2018-03,KR,South Korea,0.805,0.805,2.938,2.938,3.821,85.897,7.595,47.477,95.019,57.031,59.035,1315.770174,49482731.56,109.877,BB,1072.307,49.458,1281.42
2018-03,MX,Mexico,1.035,1.035,3.726,3.726,4.316,71.844,7.399,47.874,95.839,58.342,60.51,17.019129,-18576353.29,77.45,A,1085.419,49.458,1281.42
2018-03,TH,Thailand,1.809,1.809,0.447,0.447,2.741,70.306,6.735,51.594,98.603,62.765,65.485,34.709104,41305404.75,129.471,BB,1129.647,49.458,1281.42
2018-03,PL,Poland,1.677,1.677,5.407,5.407,4.901,75.005,6.849,51.183,98.131,62.009,64.635,3.921288,43954712.65,110.237,AAA,1122.09,49.458,1281.42
2018-03,TR,Turkey,1.429,1.429,53.29,53.29,26.456,68.651,7.061,49.645,97.247,60.595,63.044,26.226183,61849588.9,128.543,AAA,1107.945,49.458,1281.42
2018-03,ZA,South Africa,3.221,3.221,5.323,5.323,4.856,63.582,5.525,58.203,103.645,70.832,74.561,18.156318,2024286.03,44.574,AA,1210.318,49.458,1281.42
2018-03,AU,Australia,0.904,0.904,2.98,2.98,3.911,77.408,7.511,47.519,95.371,57.593,59.668,1.5082,6479817.55,67.949,BBB,1077.935,49.458,1281.42
2018-03,CA,Canada,0.963,0.963,3.354,3.354,3.956,79.464,7.46,47.916,95.583,57.932,60.049,1.320603,67741051.96,36.935,BBB,1081.324,49.458,1281.42
2018-04,IN,India,0.868,0.868,4.824,4.824,4.643,75.402,7.542,47.239,95.242,57.387,59.436,81.411554,56358551.67,93.05,BBB,1079.872,47.926,1281.679
2018-04,CN,China,1.054,1.054,1.557,1.557,3.158,92.279,7.382,49.022,95.909,58.454,60.636,7.073495,-3270206.2,86.432,A,1090.538,47.926,1281.679
2018-04,US,United States,1.14,1.14,3.085,3.085,3.878,85.669,7.308,49.102,96.216,58.946,61.189,0.990303,74098042.69,124.907,BBB,1095.456,47.926,1281.679
2018-04,DE,Germany,0.917,0.917,2.242,2.242,3.473,89.05,7.499,48.187,95.419,57.671,59.755,0.89121,41482365.47,46.813,BB,1082.707,47.926,1281.679
2018-04,JP,Japan,0.98,0.98,2.093,2.093,3.383,87.255,7.446,48.399,95.642,58.027,60.156,145.512674,58423514.21,83.638,AA,1086.274,47.926,1281.679
2018-04,VN,Vietnam,3.396,3.396,2.731,2.731,3.698,74.154,5.374,59.582,104.273,71.837,75.691,23901.53629,14321008.95,32.071,AA,1224.368,47.926,1281.679
2018-04,BR,Brazil,0.805,0.805,3.562,3.562,4.283,65.629,7.595,46.427,95.019,57.031,59.035,4.877777,-18759859.88,58.657,AAA,1076.307,47.926,1281.679
2018-04,KR,South Korea,0.825,0.825,2.582,2.582,3.833,85.94,7.579,47.573,95.088,57.14,59.158,1324.19379,-9844134.45,121.418,BBB,1077.404,47.926,1281.679
2018-04,MX,Mexico,1.118,1.118,3.972,3.972,4.328,71.999,7.327,48.291,96.136,58.818,61.045,16.944831,52536138.49,96.665,A,1094.179,47.926,1281.679
2018-04,TH,Thailand,1.945,1.945,0.169,0.169,2.753,70.547,6.619,52.275,99.089,63.543,66.361,35.584547,67086064.13,56.505,A,1141.427,47.926,1281.679
2018-04,PL,Poland,1.809,1.809,5.183,5.183,4.913,75.257,6.735,51.844,98.603,62.765,65.485,3.931005,39820417.08,125.454,BB,1133.647,47.926,1281.679
2018-04,TR,Turkey,1.55,1.55,52.923,52.923,26.468,68.862,6.958,50.248,97.677,61.283,63.819,26.606416,68809805.87,44.321,AA,1118.832,47.926,1281.679
2018-04,ZA,South Africa,3.311,3.311,4.895,4.895,4.868,63.722,5.448,58.656,103.968,71.349,75.143,17.966402,78431570.85,97.825,AAA,1219.493,47.926,1281.679
2018-04,AU,Australia,0.963,0.963,3.419,3.419,3.923,77.526,7.46,47.816,95.583,57.932,60.049,1.479682,38149178.39,42.944,AA,1085.324,47.926,1281.679
2018-04,CA,Canada,1.035,1.035,3.065,3.065,3.968,79.611,7.399,48.274,95.839,58.342,60.51,1.350282,12707336.55,119.465,AAA,1089.419,47.926,1281.679
2018-05,IN,India,0.831,0.831,4.548,4.548,4.671,75.331,7.573,47.057,95.112,57.18,59.202,82.021675,5991035.6,101.811,BBB,1081.798,46.453,1282.855
2018-05,CN,China,0.98,0.98,1.383,1.383,3.186,92.102,7.446,48.649,95.642,58.027,60.156,6.98367,19927110.57,68.932,BBB,1090.274,46.453,1282.855
2018-05,US,United States,1.054,1.054,3.408,3.408,3.906,85.48,7.382,48.672,95.909,58.454,60.636,0.996455,16029704.87,50.804,A,1094.538,46.453,1282.855
2018-05,DE,Germany,0.868,0.868,2.235,2.235,3.501,88.936,7.542,47.939,95.242,57.387,59.436,0.895762,18131791.86,63.256,AAA,1083.872,46.453,1282.855
2018-05,JP,Japan,0.917,0.917,2.103,2.103,3.411,87.114,7.499,48.087,95.419,57.671,59.755,145.415453,33981435.11,56.504,A,1086.707,46.453,1282.855
2018-05,VN,Vietnam,3.318,3.318,2.541,2.541,3.726,74.012,5.442,59.189,103.992,71.388,75.186,24259.804309,65387505.72,110.457,AA,1223.879,46.453,1282.855
2018-05,BR,Brazil,0.825,0.825,4.067,4.067,4.311,65.662,7.579,46.523,95.088,57.14,59.158,4.823928,25855747.07,36.419,BBB,1081.404,46.453,1282.855
2018-05,KR,South Korea,0.858,0.858,2.882,2.882,3.861,86.013,7.551,47.738,95.205,57.329,59.37,1327.202923,26318434.22,54.107,BB,1083.286,46.453,1282.855
2018-05,MX,Mexico,1.212,1.212,3.75,3.75,4.356,72.173,7.247,48.761,96.472,59.356,61.65,17.170296,6187891.0,25.935,AA,1103.557,46.453,1282.855
2018-05,TH,Thailand,2.084,2.084,0.385,0.385,2.781,70.794,6.5,52.968,99.585,64.335,67.252,35.1949,-10114807.19,76.863,AA,1153.353,46.453,1282.855
2018-05,PL,Poland,1.945,1.945,5.349,5.349,4.941,75.515,6.619,52.525,99.089,63.543,66.361,3.928245,-13763423.9,110.49,AAA,1145.427,46.453,1282.855
2018-05,TR,Turkey,1.677,1.677,53.262,53.262,26.496,69.084,6.849,50.883,98.131,62.009,64.635,26.561436,50293242.14,32.156,AA,1130.09,46.453,1282.855
2018-05,ZA,South Africa,3.391,3.391,5.323,5.323,4.896,63.845,5.379,59.053,104.252,71.803,75.654,17.956949,20259148.83,94.897,AA,1228.035,46.453,1282.855
2018-05,AU,Australia,1.035,1.035,3.531,3.531,3.951,77.67,7.399,48.174,95.839,58.342,60.51,1.482591,-12957007.29,128.695,AA,1093.419,46.453,1282.855
2018-05,CA,Canada,1.118,1.118,3.915,3.915,3.996,79.782,7.327,48.691,96.136,58.818,61.045,1.3367,16923046.82,37.831,AA,1098.179,46.453,1282.855
2018-06,IN,India,0.809,0.809,4.712,4.712,4.714,75.287,7.592,46.944,95.032,57.05,59.057,82.715935,65242806.53,67.669,A,1084.505,45.05,1284.982
2018-06,CN,China,0.917,0.917,1.643,1.643,3.229,91.954,7.499,48.337,95.419,57.671,59.755,7.052668,-6074048.08,27.615,A,1090.707,45.05,1284.982
2018-06,US,United States,0.98,0.98,3.485,3.485,3.949,85.316,7.446,48.299,95.642,58.027,60.156,0.978888,60696868.12,115.572,BBB,1094.274,45.05,1284.982
2018-06,DE,Germany,0.831,0.831,2.362,2.362,3.544,88.852,7.573,47.757,95.112,57.18,59.202,0.916999,1115276.09,105.036,AAA,1085.798,45.05,1284.982
2018-06,JP,Japan,0.868,0.868,1.67,1.67,3.454,87.002,7.542,47.839,95.242,57.387,59.436,145.105284,23392285.38,35.929,BBB,1087.872,45.05,1284.982
2018-06,VN,Vietnam,3.228,3.228,3.318,3.318,3.769,73.851,5.519,58.741,103.672,70.875,74.61,24509.053464,70949656.24,55.549,AAA,1222.752,45.05,1284.982
2018-06,BR,Brazil,0.858,0.858,4.129,4.129,4.354,65.718,7.551,46.688,95.205,57.329,59.37,4.907792,63809381.26,68.267,AA,1087.286,45.05,1284.982
2018-06,KR,South Korea,0.904,0.904,3.028,3.028,3.904,86.116,7.511,47.969,95.371,57.593,59.668,1306.198902,51883140.67,74.572,AA,1089.935,45.05,1284.982
2018-06,MX,Mexico,1.316,1.316,3.771,3.771,4.399,72.365,7.158,49.281,96.844,59.95,62.319,17.104938,45011196.77,86.568,BBB,1113.499,45.05,1284.982
2018-06,TH,Thailand,2.224,2.224,0.669,0.669,2.824,71.042,6.38,53.668,100.084,65.135,68.151,34.899087,26766631.46,65.712,AA,1165.345,45.05,1284.982
2018-06,PL,Poland,2.084,2.084,5.838,5.838,4.984,75.779,6.5,53.218,99.585,64.335,67.252,3.896117,17019869.73,57.881,AAA,1157.353,45.05,1284.982
2018-06,TR,Turkey,1.809,1.809,53.685,53.685,26.539,69.315,6.735,51.544,98.603,62.765,65.485,26.827861,-18779869.98,119.936,AA,1141.647,45.05,1284.982
2018-06,ZA,South Africa,3.458,3.458,5.277,5.277,4.939,63.95,5.322,59.391,104.494,72.19,76.088,18.297092,-17740286.78,52.576,AA,1235.897,45.05,1284.982
2018-06,AU,Australia,1.118,1.118,3.537,3.537,3.994,77.836,7.327,48.591,96.136,58.818,61.045,1.490055,30125794.52,101.027,BBB,1102.179,45.05,1284.982
2018-06,CA,Canada,1.212,1.212,3.585,3.585,4.039,79.975,7.247,49.161,96.472,59.356,61.65,1.332559,78545158.95,60.11,AAA,1107.557,45.05,1284.982
2018-07,IN,India,0.8,0.8,5.208,5.208,4.771,75.27,7.6,46.901,95.0,57.001,59.001,81.889539,71951250.96,124.31,A,1088.006,43.73,1288.084
2018-07,CN,China,0.868,0.868,1.688,1.688,3.286,91.836,7.542,48.089,95.242,57.387,59.436,7.075999,52687583.54,83.262,A,1091.872,43.73,1288.084
2018-07,US,United States,0.917,0.917,3.562,3.562,4.006,85.178,7.499,47.987,95.419,57.671,59.755,0.978538,30482782.22,83.616,A,1094.707,43.73,1288.084
2018-07,DE,Germany,0.809,0.809,2.528,2.528,3.601,88.8,7.592,47.644,95.032,57.05,59.057,0.91584,13086994.16,110.604,AA,1088.505,43.73,1288.084
2018-07,JP,Japan,0.831,0.831,1.912,1.912,3.511,86.921,7.573,47.657,95.112,57.18,59.202,147.212139,29691659.41,92.688,BBB,1089.798,43.73,1288.084
2018-07,VN,Vietnam,3.128,3.128,2.826,2.826,3.826,73.671,5.604,58.241,103.315,70.304,73.967,24468.620811,-10929187.61,95.275,BBB,1221.038,43.73,1288.084
2018-07,BR,Brazil,0.904,0.904,3.875,3.875,4.411,65.797,7.511,46.919,95.371,57.593,59.668,4.982489,49166340.87,109.062,AA,1093.935,43.73,1288.084
2018-07,KR,South Korea,0.963,0.963,3.612,3.612,3.961,86.248,7.46,48.266,95.583,57.932,60.049,1331.39999,56240374.35,71.771,BB,1097.324,43.73,1288.084
2018-07,MX,Mexico,1.429,1.429,4.282,4.282,4.456,72.574,7.061,49.845,97.247,60.595,63.044,17.04048,-18499255.83,77.081,AAA,1123.945,43.73,1288.084
2018-07,TH,Thailand,2.363,2.363,1.072,1.072,2.881,71.29,6.26,54.366,100.583,65.932,69.049,35.084226,77442192.04,113.377,AAA,1177.324,43.73,1288.084
2018-07,PL,Poland,2.224,2.224,5.911,5.911,5.041,76.045,6.38,53.918,100.084,65.135,68.151,3.953627,75169299.01,110.858,BBB,1169.345,43.73,1288.084
2018-07,TR,Turkey,1.945,1.945,53.331,53.331,26.596,69.554,6.619,52.225,99.089,63.543,66.361,26.449631,77042850.54,92.608,BB,1153.427,43.73,1288.084
2018-07,ZA,South Africa,3.513,3.513,6.112,6.112,4.996,64.035,5.274,59.666,104.69,72.504,76.442,18.287186,62440030.18,39.669,A,1243.04,43.73,1288.084
2018-07,AU,Australia,1.212,1.212,3.794,3.794,4.051,78.024,7.247,49.061,96.472,59.356,61.65,1.492522,17516362.3,31.528,AAA,1111.557,43.73,1288.084
2018-07,CA,Canada,1.316,1.316,3.61,3.61,4.096,80.188,7.158,49.681,96.844,59.95,62.319,1.320965,7962216.78,60.719,AA,1117.499,43.73,1288.084
2018-08,IN,India,0.805,0.805,5.022,5.022,4.842,75.28,7.595,46.927,95.019,57.031,59.035,82.722265,34898439.78,123.941,AAA,1092.307,42.502,1292.171
2018-08,CN,China,0.831,0.831,2.223,2.223,3.357,91.75,7.573,47.907,95.112,57.18,59.202,6.998687,-9451324.34,128.736,AAA,1093.798,42.502,1292.171
2018-08,US,United States,0.868,0.868,3.661,3.661,4.077,85.069,7.542,47.739,95.242,57.387,59.436,0.999835,-19515754.55,55.246,AA,1095.872,42.502,1292.171
2018-08,DE,Germany,0.8,0.8,2.551,2.551,3.672,88.78,7.6,47.601,95.0,57.001,59.001,0.895727,22507610.56,122.807,AA,1092.006,42.502,1292.171
2018-08,JP,Japan,0.809,0.809,2.485,2.485,3.582,86.87,7.592,47.544,95.032,57.05,59.057,149.583737,-18179462.23,122.657,BB,1092.505,42.502,1292.171
2018-08,VN,Vietnam,3.019,3.019,3.162,3.162,3.897,73.474,5.698,57.694,102.925,69.679,73.264,24451.559566,50968117.72,112.079,BBB,1218.793,42.502,1292.171
2018-08,BR,Brazil,0.963,0.963,4.553,4.553,4.482,65.897,7.46,47.216,95.583,57.932,60.049,4.974547,3397680.45,81.939,A,1101.324,42.502,1292.171
2018-08,KR,South Korea,1.035,1.035,2.981,2.981,4.032,86.407,7.399,48.624,95.839,58.342,60.51,1308.081232,45117261.58,27.627,AA,1105.419,42.502,1292.171
2018-08,MX,Mexico,1.55,1.55,4.382,4.382,4.527,72.797,6.958,50.448,97.677,61.283,63.819,16.929804,8469393.69,113.98,BBB,1134.832,42.502,1292.171
2018-08,TH,Thailand,2.501,2.501,0.919,0.919,2.952,71.535,6.142,55.056,101.076,66.721,69.936,35.344725,-4568650.08,78.401,A,1189.21,42.502,1292.171
2018-08,PL,Poland,2.363,2.363,5.941,5.941,5.112,76.31,6.26,54.616,100.583,65.932,69.049,3.970927,37908471.39,50.744,BBB,1181.324,42.502,1292.171
2018-08,TR,Turkey,2.084,2.084,53.783,53.783,26.667,69.796,6.5,52.918,99.585,64.335,67.252,27.210587,22811514.07,63.239,BBB,1165.353,42.502,1292.171
2018-08,ZA,South Africa,3.555,3.555,5.827,5.827,5.067,64.1,5.238,59.875,104.84,72.743,76.711,18.134935,56312628.28,119.233,AA,1249.434,42.502,1292.171
2018-08,AU,Australia,1.316,1.316,3.547,3.547,4.122,78.232,7.158,49.581,96.844,59.95,62.319,1.504934,50187976.89,78.6,AAA,1121.499,42.502,1292.171
2018-08,CA,Canada,1.429,1.429,3.959,3.959,4.167,80.42,7.061,50.245,97.247,60.595,63.044,1.333376,385231.08,50.053,AAA,1127.945,42.502,1292.171
2018-09,IN,India,0.825,0.825,5.29,5.29,4.924,75.318,7.579,47.023,95.088,57.14,59.158,82.208069,2538092.23,91.716,AAA,1097.404,41.378,1297.243
2018-09,CN,China,0.809,0.809,2.229,2.229,3.439,91.696,7.592,47.794,95.032,57.05,59.057,7.07315,42733263.63,79.795,AAA,1096.505,41.378,1297.243
2018-09,US,United States,0.831,0.831,4.241,4.241,4.159,84.989,7.573,47.557,95.112,57.18,59.202,0.983376,-19793210.41,27.882,BB,1097.798,41.378,1297.243
2018-09,DE,Germany,0.805,0.805,2.575,2.575,3.754,88.792,7.595,47.627,95.019,57.031,59.035,0.923821,46303839.52,66.274,AAA,1096.307,41.378,1297.243
2018-09,JP,Japan,0.8,0.8,2.875,2.875,3.664,86.85,7.6,47.501,95.0,57.001,59.001,150.309388,59113324.8,43.759,A,1096.006,41.378,1297.243
2018-09,VN,Vietnam,2.901,2.901,3.092,3.092,3.979,73.263,5.799,57.107,102.505,69.008,72.509,24059.972356,6635948.14,116.013,BB,1216.082,41.378,1297.243
2018-09,BR,Brazil,1.035,1.035,4.48,4.48,4.564,66.019,7.399,47.574,95.839,58.342,60.51,4.938456,-6670157.79,101.546,AA,1109.419,41.378,1297.243
2018-09,KR,South Korea,1.118,1.118,3.551,3.551,4.114,86.593,7.327,49.041,96.136,58.818,61.045,1323.967748,50608516.48,82.778,BB,1114.179,41.378,1297.243
2018-09,MX,Mexico,1.677,1.677,4.672,4.672,4.609,73.032,6.849,51.083,98.131,62.009,64.635,17.238798,15640069.29,85.771,AA,1146.09,41.378,1297.243
2018-09,TH,Thailand,2.636,2.636,1.099,1.099,3.034,71.774,6.026,55.731,101.558,67.492,70.804,35.663241,22232557.05,114.976,AA,1200.923,41.378,1297.243
2018-09,PL,Poland,2.501,2.501,6.016,6.016,5.194,76.572,6.142,55.306,101.076,66.721,69.936,3.894347,62639544.0,125.722,BBB,1193.21,41.378,1297.243
2018-09,TR,Turkey,2.224,2.224,53.901,53.901,26.749,70.041,6.38,53.618,100.084,65.135,68.151,26.767122,12307952.36,58.438,AAA,1177.345,41.378,1297.243
2018-09,ZA,South Africa,3.583,3.583,6.462,6.462,5.149,64.144,5.214,60.017,104.941,72.905,76.894,18.234417,27055660.82,124.004,BB,1255.053,41.378,1297.243
2018-09,AU,Australia,1.429,1.429,3.78,3.78,4.204,78.458,7.061,50.145,97.247,60.595,63.044,1.532831,29568743.76,83.1,AAA,1131.945,41.378,1297.243
2018-09,CA,Canada,1.55,1.55,3.716,3.716,4.249,80.667,6.958,50.848,97.677,61.283,63.819,1.33637,66268731.66,97.502,BB,1138.832,41.378,1297.243
2018-10,IN,India,0.858,0.858,5.663,5.663,5.018,75.382,7.551,47.188,95.205,57.329,59.37,82.676714,36836977.55,96.794,AA,1103.286,40.366,1303.286
2018-10,CN,China,0.8,0.8,2.166,2.166,3.533,91.675,7.6,47.751,95.0,57.001,59.001,7.093982,45789124.55,50.483,BB,1100.006,40.366,1303.286
2018-10,US,United States,0.809,0.809,3.579,3.579,4.253,84.939,7.592,47.444,95.032,57.05,59.057,1.005964,3229096.92,124.843,BB,1100.505,40.366,1303.286
2018-10,DE,Germany,0.825,0.825,3.279,3.279,3.848,88.837,7.579,47.723,95.088,57.14,59.158,0.913059,71033211.15,88.664,A,1101.404,40.366,1303.286
2018-10,JP,Japan,0.805,0.805,2.256,2.256,3.758,86.862,7.595,47.527,95.019,57.031,59.035,149.13889,54459115.35,88.723,AA,1100.307,40.366,1303.286
2018-10,VN,Vietnam,2.777,2.777,3.729,3.729,4.073,73.039,5.905,56.485,102.061,68.297,71.709,24459.370158,69721690.67,45.171,AAA,1212.969,40.366,1303.286
2018-10,BR,Brazil,1.118,1.118,4.484,4.484,4.658,66.161,7.327,47.991,96.136,58.818,61.045,4.870809,9878016.01,123.512,AAA,1118.179,40.366,1303.286
2018-10,KR,South Korea,1.212,1.212,3.766,3.766,4.208,86.802,7.247,49.511,96.472,59.356,61.65,1338.510496,49975167.77,70.194,AA,1123.557,40.366,1303.286
2018-10,MX,Mexico,1.809,1.809,4.911,4.911,4.703,73.276,6.735,51.744,98.603,62.765,65.485,17.126424,-6764935.44,91.9,A,1157.647,40.366,1303.286
2018-10,TH,Thailand,2.767,2.767,1.035,1.035,3.128,72.006,5.914,56.384,102.024,68.239,71.644,35.329038,32063899.36,99.376,BB,1212.388,40.366,1303.286
2018-10,PL,Poland,2.636,2.636,6.424,6.424,5.288,76.829,6.026,55.981,101.558,67.492,70.804,3.950881,77448989.81,53.18,AAA,1204.923,40.366,1303.286
2018-10,TR,Turkey,2.363,2.363,54.148,54.148,26.843,70.286,6.26,54.316,100.583,65.932,69.049,26.71557,-3691714.51,89.289,AA,1189.324,40.366,1303.286
2018-10,ZA,South Africa,3.598,3.598,6.231,6.231,5.243,64.167,5.202,60.09,104.993,72.988,76.987,18.510902,74423475.44,125.866,AA,1259.883,40.366,1303.286
2018-10,AU,Australia,1.55,1.55,4.082,4.082,4.298,78.699,6.958,50.748,97.677,61.283,63.819,1.51363,26456669.5,48.16,AA,1142.832,40.366,1303.286
2018-10,CA,Canada,1.677,1.677,4.048,4.048,4.343,80.927,6.849,51.483,98.131,62.009,64.635,1.331546,7100801.85,120.728,BB,1150.09,40.366,1303.286
2018-11,IN,India,0.904,0.904,5.439,5.439,5.122,75.473,7.511,47.419,95.371,57.593,59.668,83.241701,63762057.13,74.124,AAA,1109.935,39.475,1310.275
2018-11,CN,China,0.805,0.805,2.467,2.467,3.637,91.688,7.595,47.777,95.019,57.031,59.035,7.061207,58246283.27,28.568,BBB,1104.307,39.475,1310.275
2018-11,US,United States,0.8,0.8,4.32,4.32,4.357,84.92,7.6,47.401,95.0,57.001,59.001,1.004444,71150561.63,128.254,BBB,1104.006,39.475,1310.275
2018-11,DE,Germany,0.858,0.858,3.225,3.225,3.952,88.912,7.551,47.888,95.205,57.329,59.37,0.924346,66761032.11,94.2,A,1107.286,39.475,1310.275
2018-11,JP,Japan,0.825,0.825,3.09,3.09,3.862,86.905,7.579,47.623,95.088,57.14,59.158,149.146955,72767550.74,96.399,BB,1105.404,39.475,1310.275
2018-11,VN,Vietnam,2.647,2.647,3.772,3.772,4.177,72.804,6.017,55.834,101.595,67.553,70.872,24453.433136,1109612.81,114.141,AA,1209.528,39.475,1310.275
2018-11,BR,Brazil,1.212,1.212,4.577,4.577,4.762,66.321,7.247,48.461,96.472,59.356,61.65,4.92367,57977213.37,47.232,BB,1127.557,39.475,1310.275
2018-11,KR,South Korea,1.316,1.316,3.807,3.807,4.312,87.034,7.158,50.031,96.844,59.95,62.319,1329.569911,29323922.06,45.825,BBB,1133.499,39.475,1310.275
2018-11,MX,Mexico,1.945,1.945,5.31,5.31,4.807,73.528,6.619,52.425,99.089,63.543,66.361,17.189078,-15840355.26,87.355,A,1169.427,39.475,1310.275
2018-11,TH,Thailand,2.892,2.892,1.208,1.208,3.232,72.228,5.807,57.009,102.471,68.953,72.447,35.797742,-5417219.79,115.434,BBB,1223.529,39.475,1310.275
2018-11,PL,Poland,2.767,2.767,6.118,6.118,5.392,77.077,5.914,56.634,102.024,68.239,71.644,3.962324,36606312.94,111.367,BB,1216.388,39.475,1310.275
2018-11,TR,Turkey,2.501,2.501,54.056,54.056,26.947,70.527,6.142,55.006,101.076,66.721,69.936,27.163205,-17790337.12,107.911,AAA,1201.21,39.475,1310.275
2018-11,ZA,South Africa,3.599,3.599,6.302,6.302,5.347,64.168,5.201,60.093,104.995,72.992,76.99,18.300867,9136438.87,104.768,AA,1263.915,39.475,1310.275
2018-11,AU,Australia,1.677,1.677,3.861,3.861,4.402,78.953,6.849,51.383,98.131,62.009,64.635,1.542896,47537235.85,62.147,BBB,1154.09,39.475,1310.275
2018-11,CA,Canada,1.809,1.809,4.291,4.291,4.447,81.198,6.735,52.144,98.603,62.765,65.485,1.342094,-4951050.27,111.279,BBB,1161.647,39.475,1310.275
2018-12,IN,India,0.963,0.963,5.608,5.608,5.233,75.588,7.46,47.716,95.583,57.932,60.049,83.340829,4284587.36,60.101,BB,1117.324,38.712,1318.174
2018-12,CN,China,0.825,0.825,2.604,2.604,3.748,91.733,7.579,47.873,95.088,57.14,59.158,7.113545,-14553678.88,72.299,BBB,1109.404,38.712,1318.174
2018-12,US,United States,0.805,0.805,3.745,3.745,4.468,84.932,7.595,47.427,95.019,57.031,59.035,0.994883,59762825.15,115.599,BBB,1108.307,38.712,1318.174
2018-12,DE,Germany,0.904,0.904,3.179,3.179,4.063,89.019,7.511,48.119,95.371,57.593,59.668,0.914458,28328236.77,126.283,AA,1113.935,38.712,1318.174
2018-12,JP,Japan,0.858,0.858,2.944,2.944,3.973,86.979,7.551,47.788,95.205,57.329,59.37,148.664035,-7922263.83,122.679,A,1111.286,38.712,1318.174
2018-12,VN,Vietnam,2.512,2.512,3.381,3.381,4.288,72.562,6.133,55.16,101.114,66.783,70.006,24391.219955,50511129.52,98.305,AAA,1205.831,38.712,1318.174
2018-12,BR,Brazil,1.316,1.316,5.205,5.205,4.873,66.498,7.158,48.981,96.844,59.95,62.319,4.965635,52948863.99,126.691,AA,1137.499,38.712,1318.174
2018-12,KR,South Korea,1.429,1.429,4.062,4.062,4.423,87.285,7.061,50.595,97.247,60.595,63.044,1361.026723,31450624.47,28.679,AAA,1143.945,38.712,1318.174
2018-12,MX,Mexico,2.084,2.084,5.047,5.047,4.918,73.785,6.5,53.118,99.585,64.335,67.252,16.982918,74790350.39,30.009,A,1181.353,38.712,1318.174
2018-12,TH,Thailand,3.01,3.01,1.369,1.369,3.343,72.437,5.706,57.599,102.892,69.628,73.206,35.865404,1427792.26,35.753,AA,1234.275,38.712,1318.174
2018-12,PL,Poland,2.892,2.892,6.254,6.254,5.503,77.314,5.807,57.259,102.471,68.953,72.447,4.054468,-1369618.39,73.67,AA,1227.529,38.712,1318.174
2018-12,TR,Turkey,2.636,2.636,53.403,53.403,27.058,70.763,6.026,55.681,101.558,67.492,70.804,26.925835,64718379.95,52.476,AA,1212.923,38.712,1318.174
2018-12,ZA,South Africa,3.585,3.585,6.263,6.263,5.458,64.147,5.213,60.026,104.947,72.915,76.904,18.649739,25300851.96,32.855,AA,1267.149,38.712,1318.174
2018-12,AU,Australia,1.809,1.809,4.139,4.139,4.513,79.218,6.735,52.044,98.603,62.765,65.485,1.535888,-6634061.91,117.605,BB,1165.647,38.712,1318.174
2018-12,CA,Canada,1.945,1.945,4.401,4.401,4.558,81.477,6.619,52.825,99.089,63.543,66.361,1.364587,52700865.16,72.486,AAA,1173.427,38.712,1318.174
2019-01,IN,India,1.035,1.035,6.208,6.208,5.351,75.728,7.399,48.074,95.839,58.342,60.51,83.188383,39914971.97,103.45,AA,1125.419,38.084,1326.934
2019-01,CN,China,0.858,0.858,2.965,2.965,3.866,91.812,7.551,48.038,95.205,57.329,59.37,7.095288,-18029493.58,71.39,BB,1115.286,38.084,1326.934
2019-01,US,United States,0.825,0.825,4.312,4.312,4.586,84.974,7.579,47.523,95.088,57.14,59.158,1.005477,56915264.14,124.885,AA,1113.404,38.084,1326.934
2019-01,DE,Germany,0.963,0.963,3.212,3.212,4.181,89.155,7.46,48.416,95.583,57.932,60.049,0.926493,38653672.21,40.322,BB,1121.324,38.084,1326.934
2019-01,JP,Japan,0.904,0.904,2.972,2.972,4.091,87.084,7.511,48.019,95.371,57.593,59.668,149.692262,52513666.83,100.533,AA,1117.935,38.084,1326.934
2019-01,VN,Vietnam,2.374,2.374,4.036,4.036,4.406,72.314,6.251,54.471,100.622,65.996,69.12,24847.480153,28768422.12,114.76,BB,1201.956,38.084,1326.934
2019-01,BR,Brazil,1.429,1.429,5.369,5.369,4.991,66.689,7.061,49.545,97.247,60.595,63.044,4.969319,15627827.5,60.772,BB,1147.945,38.084,1326.934
2019-01,KR,South Korea,1.55,1.55,4.535,4.535,4.541,87.553,6.958,51.198,97.677,61.283,63.819,1336.706003,-994937.44,29.805,AA,1154.832,38.084,1326.934
2019-01,MX,Mexico,2.224,2.224,5.316,5.316,5.036,74.044,6.38,53.818,100.084,65.135,68.151,17.304413,-6493283.22,90.123,A,1193.345,38.084,1326.934
2019-01,TH,Thailand,3.12,3.12,1.878,1.878,3.461,72.633,5.612,58.149,103.285,70.256,73.913,35.640042,26371629.4,85.255,AA,1244.559,38.084,1326.934
2019-01,PL,Poland,3.01,3.01,6.223,6.223,5.621,77.539,5.706,57.849,102.892,69.628,73.206,4.049096,77447486.54,72.407,A,1238.275,38.084,1326.934
2019-01,TR,Turkey,2.767,2.767,53.969,53.969,27.176,70.992,5.914,56.334,102.024,68.239,71.644,26.994954,66761472.94,77.494,AAA,1224.388,38.084,1326.934
2019-01,ZA,South Africa,3.558,3.558,6.624,6.624,5.576,64.105,5.236,59.889,104.849,72.759,76.729,18.460523,22143560.39,91.445,AAA,1269.591,38.084,1326.934
2019-01,AU,Australia,1.945,1.945,4.767,4.767,4.631,79.49,6.619,52.725,99.089,63.543,66.361,1.520471,42734062.55,94.648,BBB,1177.427,38.084,1326.934
2019-01,CA,Canada,2.084,2.084,4.638,4.638,4.676,81.762,6.5,53.518,99.585,64.335,67.252,1.373401,79744902.07,58.449,BBB,1185.353,38.084,1326.934
2019-02,IN,India,1.118,1.118,5.944,5.944,5.472,75.89,7.327,48.491,96.136,58.818,61.045,83.243085,29515052.26,30.21,BB,1134.179,37.595,1336.496
2019-02,CN,China,0.904,0.904,3.045,3.045,3.987,91.922,7.511,48.269,95.371,57.593,59.668,7.195605,52028215.28,56.334,AA,1121.935,37.595,1336.496
2019-02,US,United States,0.858,0.858,4.652,4.652,4.707,85.047,7.551,47.688,95.205,57.329,59.37,1.002904,-19287225.96,119.402,AAA,1119.286,37.595,1336.496
2019-02,DE,Germany,1.035,1.035,3.292,3.292,4.302,89.32,7.399,48.774,95.839,58.342,60.51,0.925415,41214130.47,38.361,BBB,1129.419,37.595,1336.496
2019-02,JP,Japan,0.963,0.963,3.51,3.51,4.212,87.217,7.46,48.316,95.583,57.932,60.049,150.121467,58822707.47,72.481,AA,1125.324,37.595,1336.496
2019-02,VN,Vietnam,2.235,2.235,4.097,4.097,4.527,72.062,6.37,53.773,100.124,65.198,68.223,25058.832267,50297500.48,53.22,AA,1197.982,37.595,1336.496
2019-02,BR,Brazil,1.55,1.55,5.326,5.326,5.112,66.894,6.958,50.148,97.677,61.283,63.819,5.032401,69040295.61,65.643,BB,1158.832,37.595,1336.496
2019-02,KR,South Korea,1.677,1.677,4.243,4.243,4.662,87.835,6.849,51.833,98.131,62.009,64.635,1330.295147,-5383764.92,127.134,A,1166.09,37.595,1336.496
2019-02,MX,Mexico,2.363,2.363,5.637,5.637,5.157,74.302,6.26,54.516,100.583,65.932,69.049,17.456616,77436975.49,105.161,BBB,1205.324,37.595,1336.496
2019-02,TH,Thailand,3.221,3.221,1.833,1.833,3.582,72.811,5.525,58.653,103.645,70.832,74.561,36.258518,2177333.88,49.895,AAA,1254.318,37.595,1336.496
2019-02,PL,Poland,3.12,3.12,6.628,6.628,5.742,77.748,5.612,58.399,103.285,70.256,73.913,4.015263,56392072.02,87.694,AAA,1248.559,37.595,1336.496
2019-02,TR,Turkey,2.892,2.892,54.494,54.494,27.297,71.211,5.807,56.959,102.471,68.953,72.447,27.197007,-40458.67,61.883,BB,1235.529,37.595,1336.496
2019-02,ZA,South Africa,3.517,3.517,6.434,6.434,5.697,64.041,5.271,59.685,104.704,72.526,76.467,18.738586,-14018065.16,114.197,BBB,1271.258,37.595,1336.496
2019-02,AU,Australia,2.084,2.084,4.509,4.509,4.752,79.767,6.5,53.418,99.585,64.335,67.252,1.557219,37711085.9,84.434,A,1189.353,37.595,1336.496
2019-02,CA,Canada,2.224,2.224,4.064,4.064,4.797,82.048,6.38,54.218,100.084,65.135,68.151,1.363079,-6329375.03,48.451,AAA,1197.345,37.595,1336.496
2019-03,IN,India,1.212,1.212,6.41,6.41,5.597,76.074,7.247,48.961,96.472,59.356,61.65,84.06825,-8342752.08,129.11,BB,1143.557,37.25,1346.792
2019-03,CN,China,0.963,0.963,2.573,2.573,4.112,92.063,7.46,48.566,95.583,57.932,60.049,7.119985,62341409.63,56.529,BBB,1129.324,37.25,1346.792
2019-03,US,United States,0.904,0.904,4.644,4.644,4.832,85.148,7.511,47.919,95.371,57.593,59.668,1.002305,-12976212.18,52.069,AAA,1125.935,37.25,1346.792
2019-03,DE,Germany,1.118,1.118,3.952,3.952,4.427,89.512,7.327,49.191,96.136,58.818,61.045,0.942011,56600063.78,129.962,AA,1138.179,37.25,1346.792
2019-03,JP,Japan,1.035,1.035,3.624,3.624,4.337,87.378,7.399,48.674,95.839,58.342,60.51,150.632863,17094600.51,91.769,BBB,1133.419,37.25,1346.792
2019-03,VN,Vietnam,2.095,2.095,4.06,4.06,4.652,71.811,6.49,53.074,99.624,64.399,67.324,24726.420504,73894902.67,91.555,BB,1193.988,37.25,1346.792
2019-03,BR,Brazil,1.677,1.677,5.177,5.177,5.237,67.11,6.849,50.783,98.131,62.009,64.635,4.937599,52329942.43,98.853,BBB,1170.09,37.25,1346.792
2019-03,KR,South Korea,1.809,1.809,4.16,4.16,4.787,88.13,6.735,52.494,98.603,62.765,65.485,1339.733584,-8192383.68,56.944,AA,1177.647,37.25,1346.792
2019-03,MX,Mexico,2.501,2.501,5.683,5.683,5.282,74.557,6.142,55.206,101.076,66.721,69.936,17.44863,23341803.48,52.684,BBB,1217.21,37.25,1346.792
2019-03,TH,Thailand,3.311,3.311,2.084,2.084,3.707,72.972,5.448,59.106,103.968,71.349,75.143,36.022082,52527375.0,99.398,A,1263.493,37.25,1346.792
2019-03,PL,Poland,3.221,3.221,6.952,6.952,5.867,77.939,5.525,58.903,103.645,70.832,74.561,4.024002,-3376087.51,101.342,BB,1258.318,37.25,1346.792
2019-03,TR,Turkey,3.01,3.01,54.744,54.744,27.422,71.417,5.706,57.549,102.892,69.628,73.206,27.349127,30108948.54,73.563,AA,1246.275,37.25,1346.792
2019-03,ZA,South Africa,3.463,3.463,6.621,6.621,5.822,63.958,5.317,59.415,104.511,72.217,76.12,18.457286,-6572073.54,74.9,AA,1272.174,37.25,1346.792
2019-03,AU,Australia,2.224,2.224,4.789,4.789,4.877,80.047,6.38,54.118,100.084,65.135,68.151,1.533297,53353269.72,43.877,A,1201.345,37.25,1346.792
2019-03,CA,Canada,2.363,2.363,4.745,4.745,4.922,82.334,6.26,54.916,100.583,65.932,69.049,1.349415,62214988.79,121.175,BB,1209.324,37.25,1346.792
2019-04,IN,India,1.316,1.316,5.685,5.685,5.722,76.277,7.158,49.481,96.844,59.95,62.319,84.797691,-4748771.7,47.025,BBB,1153.499,37.052,1357.744
2019-04,CN,China,1.035,1.035,2.787,2.787,4.237,92.233,7.399,48.924,95.839,58.342,60.51,7.259572,74067209.54,70.815,AA,1137.419,37.052,1357.744
2019-04,US,United States,0.963,0.963,4.188,4.188,4.957,85.279,7.46,48.216,95.583,57.932,60.049,1.018076,79645328.73,106.438,A,1133.324,37.052,1357.744
2019-04,DE,Germany,1.212,1.212,3.722,3.722,4.552,89.728,7.247,49.661,96.472,59.356,61.65,0.925702,10413038.46,78.633,AA,1147.557,37.052,1357.744
2019-04,JP,Japan,1.118,1.118,3.409,3.409,4.462,87.566,7.327,49.091,96.136,58.818,61.045,151.46668,-7812591.92,50.332,AAA,1142.179,37.052,1357.744
2019-04,VN,Vietnam,1.956,1.956,4.384,4.384,4.777,71.561,6.609,52.38,99.128,63.605,66.431,24985.089039,51556228.22,121.143,AAA,1190.054,37.052,1357.744
2019-04,BR,Brazil,1.809,1.809,5.322,5.322,5.362,67.335,6.735,51.444,98.603,62.765,65.485,5.081745,56478567.17,121.773,BB,1181.647,37.052,1357.744
2019-04,KR,South Korea,1.945,1.945,4.358,4.358,4.912,88.433,6.619,53.175,99.089,63.543,66.361,1336.902936,74414610.17,90.155,AAA,1189.427,37.052,1357.744
2019-04,MX,Mexico,2.636,2.636,5.633,5.633,5.407,74.807,6.026,55.881,101.558,67.492,70.804,17.43214,13268566.65,129.472,BB,1228.923,37.052,1357.744
2019-04,TH,Thailand,3.391,3.391,2.111,2.111,3.832,73.113,5.379,59.503,104.252,71.803,75.654,36.222744,49491451.39,43.82,AAA,1272.035,37.052,1357.744
2019-04,PL,Poland,3.311,3.311,6.837,6.837,5.992,78.111,5.448,59.356,103.968,71.349,75.143,4.081688,-16991550.43,124.424,BB,1267.493,37.052,1357.744
2019-04,TR,Turkey,3.12,3.12,55.159,55.159,27.547,71.61,5.612,58.099,103.285,70.256,73.913,27.292882,72255187.79,62.101,BBB,1256.559,37.052,1357.744
2019-04,ZA,South Africa,3.396,3.396,6.772,6.772,5.947,63.854,5.374,59.082,104.273,71.837,75.691,18.851134,43594013.6,110.539,AA,1272.368,37.052,1357.744
2019-04,AU,Australia,2.363,2.363,4.854,4.854,5.002,80.326,6.26,54.816,100.583,65.932,69.049,1.52973,-19040542.06,95.394,A,1213.324,37.052,1357.744
2019-04,CA,Canada,2.501,2.501,4.873,4.873,5.047,82.617,6.142,55.606,101.076,66.721,69.936,1.377268,19491384.4,107.61,AA,1221.21,37.052,1357.744
2019-05,IN,India,1.429,1.429,6.257,6.257,5.845,76.497,7.061,50.045,97.247,60.595,63.044,85.105624,76151033.21,41.669,AAA,1163.945,37.002,1369.267
2019-05,CN,China,1.118,1.118,2.954,2.954,4.36,92.431,7.327,49.341,96.136,58.818,61.045,7.211755,4469454.69,75.202,AA,1146.179,37.002,1369.267
2019-05,US,United States,1.035,1.035,5.437,5.437,5.08,85.437,7.399,48.574,95.839,58.342,60.51,1.033234,13116184.52,66.397,AA,1141.419,37.002,1369.267
2019-05,DE,Germany,1.316,1.316,3.891,3.891,4.675,89.967,7.158,50.181,96.844,59.95,62.319,0.935219,10245433.67,41.311,A,1157.499,37.002,1369.267
2019-05,JP,Japan,1.212,1.212,3.131,3.131,4.585,87.778,7.247,49.561,96.472,59.356,61.65,149.055963,7723862.23,55.883,BB,1151.557,37.002,1369.267
2019-05,VN,Vietnam,1.82,1.82,4.109,4.109,4.9,71.315,6.726,51.698,98.641,62.826,65.554,24893.788233,66035044.25,76.588,BB,1186.259,37.002,1369.267
2019-05,BR,Brazil,1.945,1.945,5.25,5.25,5.485,67.566,6.619,52.125,99.089,63.543,66.361,5.011094,-13494173.41,124.441,BBB,1193.427,37.002,1369.267
2019-05,KR,South Korea,2.084,2.084,4.705,4.705,5.035,88.741,6.5,53.868,99.585,64.335,67.252,1358.390122,21233955.32,68.979,A,1201.353,37.002,1369.267
2019-05,MX,Mexico,2.767,2.767,6.042,6.042,5.53,75.049,5.914,56.534,102.024,68.239,71.644,17.52807,49292606.62,80.478,BBB,1240.388,37.002,1369.267
2019-05,TH,Thailand,3.458,3.458,2.312,2.312,3.955,73.233,5.322,59.841,104.494,72.19,76.088,36.574161,16285852.93,75.248,BB,1279.897,37.002,1369.267
2019-05,PL,Poland,3.391,3.391,7.002,7.002,6.115,78.262,5.379,59.753,104.252,71.803,75.654,4.052541,53246390.79,112.665,BB,1276.035,37.002,1369.267
2019-05,TR,Turkey,3.221,3.221,54.904,54.904,27.67,71.786,5.525,58.603,103.645,70.832,74.561,27.695752,-19283166.75,73.857,AA,1266.318,37.002,1369.267
2019-05,ZA,South Africa,3.318,3.318,6.655,6.655,6.07,63.733,5.442,58.689,103.992,71.388,75.186,18.648269,26387800.58,26.537,BB,1271.879,37.002,1369.267
2019-05,AU,Australia,2.501,2.501,4.71,4.71,5.125,80.602,6.142,55.506,101.076,66.721,69.936,1.543337,37977396.09,119.563,AAA,1225.21,37.002,1369.267
2019-05,CA,Canada,2.636,2.636,4.654,4.654,5.17,82.894,6.026,56.281,101.558,67.492,70.804,1.3769,4633720.16,105.652,BBB,1232.923,37.002,1369.267
2019-06,IN,India,1.55,1.55,6.575,6.575,5.965,76.732,6.958,50.648,97.677,61.283,63.819,85.068049,77020755.86,111.576,BB,1174.832,37.101,1381.267
2019-06,CN,China,1.212,1.212,2.947,2.947,4.48,92.654,7.247,49.811,96.472,59.356,61.65,7.262182,68768152.01,48.397,BB,1155.557,37.101,1381.267
2019-06,US,United States,1.118,1.118,5.12,5.12,5.2,85.62,7.327,48.991,96.136,58.818,61.045,1.019224,-16462288.87,89.369,BB,1150.179,37.101,1381.267
2019-06,DE,Germany,1.429,1.429,4.146,4.146,4.795,90.227,7.061,50.745,97.247,60.595,63.044,0.927197,16071723.61,99.382,AA,1167.945,37.101,1381.267
2019-06,JP,Japan,1.316,1.316,3.634,3.634,4.705,88.012,7.158,50.081,96.844,59.95,62.319,150.100906,27733403.51,114.083,AA,1161.499,37.101,1381.267
2019-06,VN,Vietnam,1.687,1.687,4.623,4.623,5.02,71.076,6.84,51.035,98.168,62.068,64.702,24934.486262,45590274.1,124.907,BBB,1182.682,37.101,1381.267
2019-06,BR,Brazil,2.084,2.084,5.873,5.873,5.605,67.802,6.5,52.818,99.585,64.335,67.252,5.041278,35404792.2,35.48,BBB,1205.353,37.101,1381.267
2019-06,KR,South Korea,2.224,2.224,4.613,4.613,5.155,89.052,6.38,54.568,100.084,65.135,68.151,1355.06244,62210487.09,63.547,AA,1213.345,37.101,1381.267
2019-06,MX,Mexico,2.892,2.892,5.583,5.583,5.65,75.28,5.807,57.159,102.471,68.953,72.447,17.525826,29420174.17,41.869,AA,1251.529,37.101,1381.267
2019-06,TH,Thailand,3.513,3.513,2.636,2.636,4.075,73.331,5.274,60.116,104.69,72.504,76.442,35.989122,24351489.53,65.137,AA,1287.04,37.101,1381.267
2019-06,PL,Poland,3.458,3.458,7.016,7.016,6.235,78.391,5.322,60.091,104.494,72.19,76.088,4.025312,287712.45,99.649,BB,1283.897,37.101,1381.267
2019-06,TR,Turkey,3.311,3.311,55.013,55.013,27.79,71.944,5.448,59.056,103.968,71.349,75.143,27.354844,19870317.83,38.962,AAA,1275.493,37.101,1381.267
2019-06,ZA,South Africa,3.228,3.228,7.367,7.367,6.19,63.594,5.519,58.241,103.672,70.875,74.61,18.921347,17713358.22,32.999,BB,1270.752,37.101,1381.267
2019-06,AU,Australia,2.636,2.636,4.792,4.792,5.245,80.872,6.026,56.181,101.558,67.492,70.804,1.533544,-7191292.95,128.64,AA,1236.923,37.101,1381.267
2019-06,CA,Canada,2.767,2.767,5.344,5.344,5.29,83.162,5.914,56.934,102.024,68.239,71.644,1.37379,41897662.63,82.956,AA,1244.388,37.101,1381.267
2019-07,IN,India,1.677,1.677,6.747,6.747,6.08,76.979,6.849,51.283,98.131,62.009,64.635,85.193627,2155382.4,116.719,BB,1186.09,37.347,1393.647
2019-07,CN,China,1.316,1.316,3.093,3.093,4.595,92.901,7.158,50.331,96.844,59.95,62.319,7.236655,53832096.38,60.632,BBB,1165.499,37.347,1393.647
2019-07,US,United States,1.212,1.212,4.651,4.651,5.315,85.827,7.247,49.461,96.472,59.356,61.65,1.012223,33957779.49,77.081,AAA,1159.557,37.347,1393.647
2019-07,DE,Germany,1.55,1.55,3.788,3.788,4.91,90.504,6.958,51.348,97.677,61.283,63.819,0.936916,52891203.07,38.713,BB,1178.832,37.347,1393.647
2019-07,JP,Japan,1.429,1.429,3.655,3.655,4.82,88.265,7.061,50.645,97.247,60.595,63.044,150.387424,10978.71,55.076,A,1171.945,37.347,1393.647
2019-07,VN,Vietnam,1.559,1.559,4.326,4.326,5.135,70.847,6.949,50.397,97.712,61.34,63.882,25116.072674,29970474.16,38.646,BBB,1179.397,37.347,1393.647
2019-07,BR,Brazil,2.224,2.224,5.451,5.451,5.72,68.04,6.38,53.518,100.084,65.135,68.151,5.030884,55007094.42,30.449,BB,1217.345,37.347,1393.647
2019-07,KR,South Korea,2.363,2.363,4.596,4.596,5.27,89.363,6.26,55.266,100.583,65.932,69.049,1343.701006,24179002.1,33.255,A,1225.324,37.347,1393.647
2019-07,MX,Mexico,3.01,3.01,6.058,6.058,5.765,75.498,5.706,57.749,102.892,69.628,73.206,17.467167,51849317.77,45.665,AA,1262.275,37.347,1393.647
2019-07,TH,Thailand,3.555,3.555,2.001,2.001,4.19,73.405,5.238,60.325,104.84,72.743,76.711,35.817148,45081810.65,27.315,A,1293.434,37.347,1393.647
2019-07,PL,Poland,3.513,3.513,7.313,7.313,6.35,78.495,5.274,60.366,104.69,72.504,76.442,4.120822,-3469531.68,71.338,BB,1291.04,37.347,1393.647
2019-07,TR,Turkey,3.391,3.391,54.736,54.736,27.905,72.084,5.379,59.453,104.252,71.803,75.654,27.769925,28197937.25,129.522,A,1284.035,37.347,1393.647
2019-07,ZA,South Africa,3.128,3.128,6.64,6.64,6.305,63.439,5.604,57.741,103.315,70.304,73.967,18.86593,35682278.83,82.769,BB,1269.038,37.347,1393.647
2019-07,AU,Australia,2.767,2.767,5.1,5.1,5.36,81.134,5.914,56.834,102.024,68.239,71.644,1.565857,63849959.27,106.378,AAA,1248.388,37.347,1393.647
2019-07,CA,Canada,2.892,2.892,4.826,4.826,5.405,83.418,5.807,57.559,102.471,68.953,72.447,1.392936,-2191666.3,56.654,BBB,1255.529,37.347,1393.647
2019-08,IN,India,1.809,1.809,6.787,6.787,6.188,77.237,6.735,51.944,98.603,62.765,65.485,85.037327,-5788868.17,102.756,AA,1197.647,37.739,1406.302
2019-08,CN,China,1.429,1.429,3.007,3.007,4.703,93.169,7.061,50.895,97.247,60.595,63.044,7.228779,49904317.77,88.175,AAA,1175.945,37.739,1406.302
2019-08,US,United States,1.316,1.316,5.173,5.173,5.423,86.056,7.158,49.981,96.844,59.95,62.319,1.03786,31854164.03,60.879,AA,1169.499,37.739,1406.302
2019-08,DE,Germany,1.677,1.677,4.43,4.43,5.018,90.796,6.849,51.983,98.131,62.009,64.635,0.951516,-7872285.55,100.438,BBB,1190.09,37.739,1406.302
2019-08,JP,Japan,1.55,1.55,3.864,3.864,4.928,88.537,6.958,51.248,97.677,61.283,63.819,151.813014,-8311210.39,34.792,AA,1182.832,37.739,1406.302
2019-08,VN,Vietnam,1.438,1.438,4.268,4.268,5.243,70.629,7.053,49.792,97.28,60.648,63.104,25090.733275,38679368.31,102.701,A,1176.478,37.739,1406.302
2019-08,BR,Brazil,2.363,2.363,6.389,6.389,5.828,68.277,6.26,54.216,100.583,65.932,69.049,5.026522,56185044.59,118.805,A,1229.324,37.739,1406.302
2019-08,KR,South Korea,2.501,2.501,4.448,4.448,5.378,89.67,6.142,55.956,101.076,66.721,69.936,1354.252238,1726562.14,42.243,AAA,1237.21,37.739,1406.302
2019-08,MX,Mexico,3.12,3.12,5.555,5.555,5.873,75.702,5.612,58.299,103.285,70.256,73.913,17.836517,47637701.34,93.812,A,1272.559,37.739,1406.302
2019-08,TH,Thailand,3.583,3.583,2.735,2.735,4.298,73.456,5.214,60.467,104.941,72.905,76.894,36.352469,17766587.81,79.793,AAA,1299.053,37.739,1406.302
2019-08,PL,Poland,3.555,3.555,7.342,7.342,6.458,78.575,5.238,60.575,104.84,72.743,76.711,4.101064,25027198.04,32.721,AA,1297.434,37.739,1406.302
2019-08,TR,Turkey,3.458,3.458,54.95,54.95,28.013,72.202,5.322,59.791,104.494,72.19,76.088,27.88727,74202995.95,44.613,BB,1291.897,37.739,1406.302
2019-08,ZA,South Africa,3.019,3.019,7.112,7.112,6.413,63.269,5.698,57.194,102.925,69.679,73.264,18.983973,-7680448.99,124.901,AAA,1266.793,37.739,1406.302
2019-08,AU,Australia,2.892,2.892,5.088,5.088,5.468,81.384,5.807,57.459,102.471,68.953,72.447,1.555155,74282780.45,39.531,A,1259.529,37.739,1406.302
2019-08,CA,Canada,3.01,3.01,4.989,4.989,5.513,83.66,5.706,58.149,102.892,69.628,73.206,1.396635,57603451.77,106.05,AAA,1266.275,37.739,1406.302
2019-09,IN,India,1.945,1.945,6.42,6.42,6.287,77.503,6.619,52.625,99.089,63.543,66.361,85.019015,12652662.32,28.201,AAA,1209.427,38.274,1419.126
2019-09,CN,China,1.55,1.55,3.048,3.048,4.802,93.455,6.958,51.498,97.677,61.283,63.819,7.266538,-19370789.19,39.983,AA,1186.832,38.274,1419.126
2019-09,US,United States,1.429,1.429,4.674,4.674,5.522,86.304,7.061,50.545,97.247,60.595,63.044,1.026791,28660686.95,114.81,BB,1179.945,38.274,1419.126
2019-09,DE,Germany,1.809,1.809,4.21,4.21,5.117,91.1,6.735,52.644,98.603,62.765,65.485,0.934317,61549672.81,129.531,BBB,1201.647,38.274,1419.126
2019-09,JP,Japan,1.677,1.677,3.545,3.545,5.027,88.822,6.849,51.883,98.131,62.009,64.635,151.741023,10693591.1,66.724,BB,1194.09,38.274,1419.126
2019-09,VN,Vietnam,1.325,1.325,3.922,3.922,5.342,70.425,7.15,49.225,96.875,59.999,62.374,25133.990849,-16155218.56,93.239,A,1173.994,38.274,1419.126
2019-09,BR,Brazil,2.501,2.501,5.831,5.831,5.927,68.512,6.142,54.906,101.076,66.721,69.936,5.116869,9255369.15,61.158,AAA,1241.21,38.274,1419.126
2019-09,KR,South Korea,2.636,2.636,4.192,4.192,5.477,89.97,6.026,56.631,101.558,67.492,70.804,1365.175383,47994749.14,101.237,BB,1248.923,38.274,1419.126
2019-09,MX,Mexico,3.221,3.221,5.607,5.607,5.972,75.888,5.525,58.803,103.645,70.832,74.561,17.42455,5956282.77,82.969,A,1282.318,38.274,1419.126
2019-09,TH,Thailand,3.598,3.598,2.283,2.283,4.397,73.481,5.202,60.54,104.993,72.988,76.987,36.087185,70098132.58,48.534,AAA,1303.883,38.274,1419.126
2019-09,PL,Poland,3.583,3.583,7.039,7.039,6.557,78.629,5.214,60.717,104.941,72.905,76.894,4.144696,-9221435.59,86.077,AAA,1303.053,38.274,1419.126
2019-09,TR,Turkey,3.513,3.513,54.825,54.825,28.112,72.298,5.274,60.066,104.69,72.504,76.442,27.545045,53299260.28,123.962,A,1299.04,38.274,1419.126
2019-09,ZA,South Africa,2.901,2.901,6.527,6.527,6.512,63.087,5.799,56.607,102.505,69.008,72.509,18.93544,49351257.68,27.356,BB,1264.082,38.274,1419.126
2019-09,AU,Australia,3.01,3.01,5.484,5.484,5.567,81.62,5.706,58.049,102.892,69.628,73.206,1.542811,-1918434.35,102.979,AA,1270.275,38.274,1419.126
2019-09,CA,Canada,3.12,3.12,4.811,4.811,5.612,83.886,5.612,58.699,103.285,70.256,73.913,1.413296,11583161.08,27.371,AA,1276.559,38.274,1419.126
2019-10,IN,India,2.084,2.084,6.504,6.504,6.376,77.773,6.5,53.318,99.585,64.335,67.252,86.598869,25326367.75,127.865,BBB,1221.353,38.947,1432.01
2019-10,CN,China,1.677,1.677,3.207,3.207,4.891,93.757,6.849,52.133,98.131,62.009,64.635,7.2568,74938855.9,33.611,A,1198.09,38.947,1432.01
2019-10,US,United States,1.55,1.55,4.417,4.417,5.611,86.569,6.958,51.148,97.677,61.283,63.819,1.032523,70750635.42,81.86,AAA,1190.832,38.947,1432.01
2019-10,DE,Germany,1.945,1.945,3.552,3.552,5.206,91.413,6.619,53.325,99.089,63.543,66.361,0.940608,4712134.57,68.684,AA,1213.427,38.947,1432.01
2019-10,JP,Japan,1.809,1.809,3.667,3.667,5.116,89.12,6.735,52.544,98.603,62.765,65.485,153.713699,17733138.79,35.755,BB,1205.647,38.947,1432.01
2019-10,VN,Vietnam,1.22,1.22,4.288,4.288,5.431,70.236,7.24,48.701,96.501,59.401,61.701,24861.246174,67169301.14,99.394,AA,1172.01,38.947,1432.01
2019-10,BR,Brazil,2.636,2.636,5.302,5.302,6.016,68.741,6.026,55.581,101.558,67.492,70.804,4.979565,-17596455.54,115.183,AA,1252.923,38.947,1432.01
2019-10,KR,South Korea,2.767,2.767,4.881,4.881,5.566,90.261,5.914,57.284,102.024,68.239,71.644,1366.646839,9581938.32,75.547,A,1260.388,38.947,1432.01
2019-10,MX,Mexico,3.311,3.311,6.088,6.088,6.061,76.056,5.448,59.256,103.968,71.349,75.143,17.558161,-5307373.02,73.253,BBB,1291.493,38.947,1432.01
2019-10,TH,Thailand,3.599,3.599,2.23,2.23,4.486,73.482,5.201,60.543,104.995,72.992,76.99,35.958481,-14348541.58,82.916,A,1307.915,38.947,1432.01
2019-10,PL,Poland,3.598,3.598,7.381,7.381,6.646,78.656,5.202,60.79,104.993,72.988,76.987,4.058425,16423436.6,77.735,A,1307.883,38.947,1432.01
2019-10,TR,Turkey,3.555,3.555,54.691,54.691,28.201,72.371,5.238,60.275,104.84,72.743,76.711,27.711608,52414633.68,73.729,BB,1305.434,38.947,1432.01
2019-10,ZA,South Africa,2.777,2.777,6.832,6.832,6.601,62.894,5.905,55.985,102.061,68.297,71.709,18.967451,77277556.76,74.402,BBB,1260.969,38.947,1432.01
2019-10,AU,Australia,3.12,3.12,5.032,5.032,5.656,81.84,5.612,58.599,103.285,70.256,73.913,1.55557,10081706.45,56.836,AA,1280.559,38.947,1432.01
2019-10,CA,Canada,3.221,3.221,5.016,5.016,5.701,84.092,5.525,59.203,103.645,70.832,74.561,1.38322,64658468.19,84.145,AAA,1286.318,38.947,1432.01
2019-11,IN,India,2.224,2.224,6.212,6.212,6.453,78.046,6.38,54.018,100.084,65.135,68.151,84.036111,-4791675.78,88.008,BBB,1233.345,39.753,1444.845
2019-11,CN,China,1.809,1.809,3.246,3.246,4.968,94.071,6.735,52.794,98.603,62.765,65.485,7.292857,-8037567.0,119.699,AAA,1209.647,39.753,1444.845
2019-11,US,United States,1.677,1.677,4.925,4.925,5.688,86.848,6.849,51.783,98.131,62.009,64.635,1.026509,-1213236.31,101.354,AAA,1202.09,39.753,1444.845
2019-11,DE,Germany,2.084,2.084,3.913,3.913,5.283,91.732,6.5,54.018,99.585,64.335,67.252,0.934267,59763513.28,88.741,BBB,1225.353,39.753,1444.845
2019-11,JP,Japan,1.945,1.945,3.736,3.736,5.193,89.426,6.619,53.225,99.089,63.543,66.361,153.570446,-15734229.1,68.31,AA,1217.427,39.753,1444.845
2019-11,VN,Vietnam,1.125,1.125,4.546,4.546,5.508,70.065,7.321,48.226,96.162,58.859,61.091,25359.662236,57823497.63,89.572,AA,1170.585,39.753,1444.845
2019-11,BR,Brazil,2.767,2.767,5.183,5.183,6.093,68.964,5.914,56.234,102.024,68.239,71.644,5.061025,16578193.1,67.602,AAA,1264.388,39.753,1444.845
2019-11,KR,South Korea,2.892,2.892,4.925,4.925,5.643,90.539,5.807,57.909,102.471,68.953,72.447,1370.485203,42112683.9,79.995,A,1271.529,39.753,1444.845
2019-11,MX,Mexico,3.391,3.391,5.503,5.503,6.138,76.203,5.379,59.653,104.252,71.803,75.654,17.51257,63888659.55,58.075,AAA,1300.035,39.753,1444.845
2019-11,TH,Thailand,3.585,3.585,2.352,2.352,4.563,73.459,5.213,60.476,104.947,72.915,76.904,36.387898,-18751268.48,60.355,BB,1311.149,39.753,1444.845
2019-11,PL,Poland,3.599,3.599,7.311,7.311,6.723,78.657,5.201,60.793,104.995,72.992,76.99,4.085186,67316268.77,54.103,BBB,1311.915,39.753,1444.845
2019-11,TR,Turkey,3.583,3.583,55.012,55.012,28.278,72.421,5.214,60.417,104.941,72.905,76.894,28.003468,-12733275.4,44.288,BB,1311.053,39.753,1444.845
2019-11,ZA,South Africa,2.647,2.647,7.119,7.119,6.678,62.692,6.017,55.334,101.595,67.553,70.872,18.929238,26505034.71,85.727,A,1257.528,39.753,1444.845
2019-11,AU,Australia,3.221,3.221,4.482,4.482,5.733,82.041,5.525,59.103,103.645,70.832,74.561,1.560732,70622420.83,125.062,AA,1290.318,39.753,1444.845
2019-11,CA,Canada,3.311,3.311,5.387,5.387,5.778,84.278,5.448,59.656,103.968,71.349,75.143,1.385662,65160517.92,111.784,AAA,1295.493,39.753,1444.845
2019-12,IN,India,2.363,2.363,5.994,5.994,6.517,78.318,6.26,54.716,100.583,65.932,69.049,85.982328,38060009.76,74.877,BB,1245.324,40.684,1457.521
2019-12,CN,China,1.945,1.945,3.108,3.108,5.032,94.394,6.619,53.475,99.089,63.543,66.361,7.215792,18606269.85,128.839,BB,1221.427,40.684,1457.521
2019-12,US,United States,1.809,1.809,4.703,4.703,5.752,87.139,6.735,52.444,98.603,62.765,65.485,1.030685,37872962.4,117.993,AAA,1213.647,40.684,1457.521
2019-12,DE,Germany,2.224,2.224,3.737,3.737,5.347,92.054,6.38,54.718,100.084,65.135,68.151,0.947275,37743328.4,66.81,AAA,1237.345,40.684,1457.521
2019-12,JP,Japan,2.084,2.084,3.062,3.062,5.257,89.738,6.5,53.918,99.585,64.335,67.252,152.629181,-11817170.95,120.924,BBB,1229.353,40.684,1457.521
2019-12,VN,Vietnam,1.041,1.041,4.141,4.141,5.572,69.914,7.393,47.805,95.861,58.377,60.55,25074.042811,60100793.24,27.907,AA,1169.774,40.684,1457.521
2019-12,BR,Brazil,2.892,2.892,5.619,5.619,6.157,69.176,5.807,56.859,102.471,68.953,72.447,5.117337,-11637625.19,107.619,A,1275.529,40.684,1457.521
2019-12,KR,South Korea,3.01,3.01,4.685,4.685,5.707,90.802,5.706,58.499,102.892,69.628,73.206,1359.379545,20133582.51,108.286,AA,1282.275,40.684,1457.521
2019-12,MX,Mexico,3.458,3.458,6.012,6.012,6.202,76.328,5.322,59.991,104.494,72.19,76.088,17.733657,18004821.94,103.852,BBB,1307.897,40.684,1457.521
2019-12,TH,Thailand,3.558,3.558,2.448,2.448,4.627,73.41,5.236,60.339,104.849,72.759,76.729,36.624569,31547294.14,64.098,A,1313.591,40.684,1457.521
2019-12,PL,Poland,3.585,3.585,7.29,7.29,6.787,78.632,5.213,60.726,104.947,72.915,76.904,4.123781,-1787215.83,68.015,AAA,1315.149,40.684,1457.521
2019-12,TR,Turkey,3.598,3.598,54.833,54.833,28.342,72.446,5.202,60.49,104.993,72.988,76.987,27.871506,45779022.78,114.771,AAA,1315.883,40.684,1457.521
2019-12,ZA,South Africa,2.512,2.512,6.795,6.795,6.742,62.484,6.133,54.66,101.114,66.783,70.006,19.019834,11553710.49,84.199,AA,1253.831,40.684,1457.521
2019-12,AU,Australia,3.311,3.311,5.075,5.075,5.797,82.222,5.448,59.556,103.968,71.349,75.143,1.566539,-9168433.56,57.564,A,1299.493,40.684,1457.521
2019-12,CA,Canada,3.391,3.391,4.889,4.889,5.842,84.441,5.379,60.053,104.252,71.803,75.654,1.397168,-16980147.94,52.555,AAA,1304.035,40.684,1457.521
2020-01,IN,India,0.601,0.601,6.264,6.264,6.568,78.587,8.342,55.406,101.076,66.721,69.936,87.274149,-16884511.26,42.034,BB,1257.21,41.734,1469.932
2020-01,CN,China,0.184,0.184,2.732,2.732,5.083,94.724,8.7,54.168,99.585,64.335,67.252,7.322166,65027641.43,52.701,AA,1233.353,41.734,1469.932
2020-01,US,United States,0.045,0.045,4.514,4.514,5.803,87.439,8.819,53.125,99.089,63.543,66.361,1.027616,33842274.48,31.677,BB,1225.427,41.734,1469.932
2020-01,DE,Germany,0.463,0.463,3.324,3.324,5.398,92.375,8.46,55.416,100.583,65.932,69.049,0.954349,19483820.15,96.701,AA,1249.324,41.734,1469.932
2020-01,JP,Japan,0.324,0.324,3.692,3.692,5.308,90.053,8.58,54.618,100.084,65.135,68.151,153.433293,41905969.0,112.17,BBB,1241.345,41.734,1469.932
2020-01,VN,Vietnam,-0.932,-0.932,4.327,4.327,5.623,69.783,9.656,47.442,95.602,57.962,60.083,25017.244804,17245652.5,94.015,BB,1169.624,41.734,1469.932
2020-01,BR,Brazil,1.11,1.11,5.494,5.494,6.208,69.377,7.906,57.449,102.892,69.628,73.206,5.068149,39160033.95,118.521,BBB,1286.275,41.734,1469.932
2020-01,KR,South Korea,1.22,1.22,4.704,4.704,5.758,91.047,7.812,59.049,103.285,70.256,73.913,1370.962624,59372181.85,97.35,AAA,1292.559,41.734,1469.932
2020-01,MX,Mexico,1.613,1.613,5.716,5.716,6.253,76.429,7.474,60.266,104.69,72.504,76.442,17.814112,48418185.11,58.082,A,1315.04,41.734,1469.932
2020-01,TH,Thailand,1.617,1.617,2.224,2.224,4.678,73.338,7.471,60.135,104.704,72.526,76.467,36.85721,39307621.49,103.588,AA,1315.258,41.734,1469.932
2020-01,PL,Poland,1.658,1.658,6.858,6.858,6.838,78.58,7.436,60.589,104.849,72.759,76.729,4.110239,31655208.96,31.086,BB,1317.591,41.734,1469.932
2020-01,TR,Turkey,1.699,1.699,54.378,54.378,28.393,72.447,7.401,60.493,104.995,72.992,76.99,27.42195,34730818.97,72.148,AAA,1319.915,41.734,1469.932
2020-01,ZA,South Africa,0.474,0.474,7.191,7.191,6.793,62.27,8.451,53.971,100.622,65.996,69.12,19.307889,57221246.63,60.962,AA,1249.956,41.734,1469.932
2020-01,AU,Australia,1.491,1.491,4.332,4.332,5.848,82.381,7.579,59.953,104.252,71.803,75.654,1.563966,17558006.2,100.63,AAA,1308.035,41.734,1469.932
2020-01,CA,Canada,1.558,1.558,5.061,5.061,5.893,84.579,7.522,60.391,104.494,72.19,76.088,1.392706,807137.81,63.875,A,1311.897,41.734,1469.932
2020-02,IN,India,0.736,0.736,6.668,6.668,6.604,78.851,8.226,56.081,101.558,67.492,70.804,84.827984,-12246411.21,89.607,AAA,1268.923,42.893,1481.974
2020-02,CN,China,0.324,0.324,2.811,2.811,5.119,95.056,8.58,54.868,100.084,65.135,68.151,7.285113,19596541.88,65.036,BB,1245.345,42.893,1481.974
2020-02,US,United States,0.184,0.184,4.353,4.353,5.839,87.744,8.7,53.818,99.585,64.335,67.252,1.02885,-5444001.31,34.919,BBB,1237.353,42.893,1481.974
2020-02,DE,Germany,0.601,0.601,3.298,3.298,5.434,92.693,8.342,56.106,101.076,66.721,69.936,0.937043,59618551.4,120.097,BBB,1261.21,42.893,1481.974
2020-02,JP,Japan,0.463,0.463,3.761,3.761,5.344,90.367,8.46,55.316,100.583,65.932,69.049,152.589696,64241151.96,61.235,BBB,1253.324,42.893,1481.974
2020-02,VN,Vietnam,-0.992,-0.992,3.649,3.649,5.659,69.675,9.707,47.141,95.386,57.618,59.695,24795.584029,-10513074.62,86.592,AAA,1170.178,42.893,1481.974
2020-02,BR,Brazil,1.22,1.22,5.517,5.517,6.244,69.564,7.812,57.999,103.285,70.256,73.913,5.193088,74070602.25,54.24,BBB,1296.559,42.893,1481.974
2020-02,KR,South Korea,1.321,1.321,4.142,4.142,5.794,91.271,7.725,59.553,103.645,70.832,74.561,1355.725502,15675092.94,99.31,BBB,1302.318,42.893,1481.974
2020-02,MX,Mexico,1.655,1.655,5.072,5.072,6.289,76.507,7.438,60.475,104.84,72.743,76.711,17.670622,-15347333.35,70.556,AA,1321.434,42.893,1481.974
2020-02,TH,Thailand,1.563,1.563,2.307,2.307,4.714,73.242,7.517,59.865,104.511,72.217,76.12,36.561144,7576917.98,91.393,A,1316.174,42.893,1481.974
2020-02,PL,Poland,1.617,1.617,6.878,6.878,6.874,78.502,7.471,60.385,104.704,72.526,76.467,4.156358,47381808.24,120.052,AA,1319.258,42.893,1481.974
2020-02,TR,Turkey,1.685,1.685,54.199,54.199,28.429,72.424,7.413,60.426,104.947,72.915,76.904,27.733122,72321156.25,78.283,BBB,1323.149,42.893,1481.974
2020-02,ZA,South Africa,0.335,0.335,6.854,6.854,6.829,62.054,8.57,53.273,100.124,65.198,68.223,19.214895,77768741.72,75.089,BB,1245.982,42.893,1481.974
2020-02,AU,Australia,1.558,1.558,4.195,4.195,5.884,82.516,7.522,60.291,104.494,72.19,76.088,1.575893,-8896630.55,129.769,BBB,1315.897,42.893,1481.974
2020-02,CA,Canada,1.613,1.613,4.168,4.168,5.929,84.692,7.474,60.666,104.69,72.504,76.442,1.399331,53182683.31,98.323,AA,1319.04,42.893,1481.974
2020-03,IN,India,0.867,0.867,6.043,6.043,6.625,79.105,8.114,56.734,102.024,68.239,71.644,86.068291,28654328.2,115.419,A,1280.388,44.152,1493.547
2020-03,CN,China,0.463,0.463,2.232,2.232,5.14,95.388,8.46,55.566,100.583,65.932,69.049,7.341205,51361497.56,94.68,AAA,1257.324,44.152,1493.547
2020-03,US,United States,0.324,0.324,4.215,4.215,5.86,88.052,8.58,54.518,100.084,65.135,68.151,1.024403,33165109.67,53.975,BB,1249.345,44.152,1493.547
2020-03,DE,Germany,0.736,0.736,3.259,3.259,5.455,93.003,8.226,56.781,101.558,67.492,70.804,0.930669,2379544.1,54.303,A,1272.923,44.152,1493.547
2020-03,JP,Japan,0.601,0.601,3.41,3.41,5.365,90.678,8.342,56.006,101.076,66.721,69.936,153.363921,36214000.78,83.233,BBB,1265.21,44.152,1493.547
2020-03,VN,Vietnam,-1.039,-1.039,4.117,4.117,5.68,69.589,9.748,46.904,95.217,57.347,59.39,25257.605785,29640810.73,114.843,AA,1171.469,44.152,1493.547
2020-03,BR,Brazil,1.321,1.321,4.782,4.782,6.265,69.735,7.725,58.503,103.645,70.832,74.561,5.13383,44378237.98,97.957,BBB,1306.318,44.152,1493.547
2020-03,KR,South Korea,1.411,1.411,4.089,4.089,5.815,91.472,7.648,60.006,103.968,71.349,75.143,1369.690774,-6313886.65,80.49,BBB,1311.493,44.152,1493.547
2020-03,MX,Mexico,1.683,1.683,5.122,5.122,6.31,76.559,7.414,60.617,104.941,72.905,76.894,17.575292,48583534.94,99.746,AAA,1327.053,44.152,1493.547
2020-03,TH,Thailand,1.496,1.496,1.698,1.698,4.735,73.124,7.574,59.532,104.273,71.837,75.691,36.98324,60491974.79,123.932,AAA,1316.368,44.152,1493.547
2020-03,PL,Poland,1.563,1.563,6.168,6.168,6.895,78.4,7.517,60.115,104.511,72.217,76.12,4.069809,-4282865.11,58.457,AAA,1320.174,44.152,1493.547
2020-03,TR,Turkey,1.658,1.658,54.536,54.536,28.45,72.376,7.436,60.289,104.849,72.759,76.729,27.754468,46759161.71,64.726,AAA,1325.591,44.152,1493.547
2020-03,ZA,South Africa,0.195,0.195,6.547,6.547,6.85,61.837,8.69,52.574,99.624,64.399,67.324,18.772854,10684282.59,68.352,BB,1241.988,44.152,1493.547
2020-03,AU,Australia,1.613,1.613,4.151,4.151,5.905,82.626,7.474,60.566,104.69,72.504,76.442,1.568333,12984191.65,36.245,A,1323.04,44.152,1493.547
2020-03,CA,Canada,1.655,1.655,4.353,4.353,5.95,84.778,7.438,60.875,104.84,72.743,76.711,1.38763,67448476.58,111.244,AAA,1325.434,44.152,1493.547
2020-04,IN,India,0.992,0.992,5.796,5.796,6.63,79.349,8.007,57.359,102.471,68.953,72.447,85.288628,9186554.96,105.426,A,1291.529,45.501,1504.559
2020-04,CN,China,0.601,0.601,2.584,2.584,5.145,95.715,8.342,56.256,101.076,66.721,69.936,7.308856,69040481.27,128.639,BB,1269.21,45.501,1504.559
2020-04,US,United States,0.463,0.463,4.522,4.522,5.865,88.359,8.46,55.216,100.583,65.932,69.049,1.037418,8951462.86,43.744,A,1261.324,45.501,1504.559
2020-04,DE,Germany,0.867,0.867,3.393,3.393,5.46,93.304,8.114,57.434,102.024,68.239,71.644,0.947493,-13970824.88,101.631,AA,1284.388,45.501,1504.559
2020-04,JP,Japan,0.736,0.736,3.015,3.015,5.37,90.981,8.226,56.681,101.558,67.492,70.804,151.611264,15953927.17,38.759,BB,1276.923,45.501,1504.559
2020-04,VN,Vietnam,-1.073,-1.073,3.701,3.701,5.685,69.528,9.777,46.733,95.095,57.153,59.172,25251.464603,-1903490.98,109.845,A,1173.525,45.501,1504.559
2020-04,BR,Brazil,1.411,1.411,5.402,5.402,6.27,69.889,7.648,58.956,103.968,71.349,75.143,5.08928,44880631.87,75.568,A,1315.493,45.501,1504.559
2020-04,KR,South Korea,1.491,1.491,4.159,4.159,5.82,91.649,7.579,60.403,104.252,71.803,75.654,1389.715759,17652821.87,54.492,AA,1320.035,45.501,1504.559
2020-04,MX,Mexico,1.698,1.698,4.797,4.797,6.315,76.586,7.402,60.69,104.993,72.988,76.987,17.738989,4803747.66,112.708,A,1331.883,45.501,1504.559
2020-04,TH,Thailand,1.418,1.418,1.767,1.767,4.74,72.984,7.642,59.139,103.992,71.388,75.186,37.027128,-2847999.53,113.822,BBB,1315.879,45.501,1504.559
2020-04,PL,Poland,1.496,1.496,6.316,6.316,6.9,78.273,7.574,59.782,104.273,71.837,75.691,4.118603,71521709.57,99.855,BBB,1320.368,45.501,1504.559
2020-04,TR,Turkey,1.617,1.617,54.201,54.201,28.455,72.305,7.471,60.085,104.704,72.526,76.467,28.36911,-5312697.66,72.897,AA,1327.258,45.501,1504.559
2020-04,ZA,South Africa,0.056,0.056,5.958,5.958,6.855,61.622,8.809,51.88,99.128,63.605,66.431,19.055027,50937179.88,84.962,BB,1238.054,45.501,1504.559
2020-04,AU,Australia,1.655,1.655,4.215,4.215,5.91,82.71,7.438,60.775,104.84,72.743,76.711,1.556804,39246904.78,122.965,BBB,1329.434,45.501,1504.559
2020-04,CA,Canada,1.683,1.683,3.993,3.993,5.955,84.836,7.414,61.017,104.941,72.905,76.894,1.396947,34395709.42,74.778,AA,1331.053,45.501,1504.559
2020-05,IN,India,1.11,1.11,5.326,5.326,6.619,79.579,7.906,57.949,102.892,69.628,73.206,84.952365,-15858066.59,86.626,BBB,1302.275,46.928,1514.922
2020-05,CN,China,0.736,0.736,2.559,2.559,5.134,96.036,8.226,56.931,101.558,67.492,70.804,7.426225,75714595.87,59.561,A,1280.923,46.928,1514.922
2020-05,US,United States,0.601,0.601,4.134,4.134,5.854,88.663,8.342,55.906,101.076,66.721,69.936,1.024215,-11023521.83,25.927,BBB,1273.21,46.928,1514.922
2020-05,DE,Germany,0.992,0.992,2.615,2.615,5.449,93.591,8.007,58.059,102.471,68.953,72.447,0.950976,36443299.4,67.883,A,1295.529,46.928,1514.922
2020-05,JP,Japan,0.867,0.867,2.99,2.99,5.359,91.275,8.114,57.334,102.024,68.239,71.644,154.372662,7463009.44,106.589,BBB,1288.388,46.928,1514.922
2020-05,VN,Vietnam,-1.094,-1.094,3.466,3.466,5.674,69.492,9.795,46.632,95.023,57.037,59.041,25281.786558,35432235.51,56.136,AAA,1176.365,46.928,1514.922
2020-05,BR,Brazil,1.491,1.491,4.883,4.883,6.259,70.024,7.579,59.353,104.252,71.803,75.654,5.103824,-2622668.49,102.383,BB,1324.035,46.928,1514.922
2020-05,KR,South Korea,1.558,1.558,3.599,3.599,5.809,91.799,7.522,60.741,104.494,72.19,76.088,1373.790825,32557198.0,120.08,BBB,1327.897,46.928,1514.922
2020-05,MX,Mexico,1.699,1.699,5.349,5.349,6.304,76.587,7.401,60.693,104.995,72.992,76.99,17.729827,59270824.65,121.915,BB,1335.915,46.928,1514.922
2020-05,TH,Thailand,1.328,1.328,1.577,1.577,4.729,72.825,7.719,58.691,103.672,70.875,74.61,36.400475,62186259.15,99.183,BBB,1314.752,46.928,1514.922
2020-05,PL,Poland,1.418,1.418,5.99,5.99,6.889,78.124,7.642,59.389,103.992,71.388,75.186,4.113403,61874878.15,73.497,BBB,1319.879,46.928,1514.922
2020-05,TR,Turkey,1.563,1.563,53.932,53.932,28.444,72.21,7.517,59.815,104.511,72.217,76.12,27.713712,60448254.3,37.407,AAA,1328.174,46.928,1514.922
2020-05,ZA,South Africa,-0.08,-0.08,6.029,6.029,6.844,61.41,8.926,51.198,98.641,62.826,65.554,18.950935,14310653.59,82.802,A,1234.259,46.928,1514.922
2020-05,AU,Australia,1.683,1.683,4.305,4.305,5.899,82.767,7.414,60.917,104.941,72.905,76.894,1.574906,26069936.99,96.287,BB,1335.053,46.928,1514.922
2020-05,CA,Canada,1.698,1.698,4.525,4.525,5.944,84.866,7.402,61.09,104.993,72.988,76.987,1.399598,53368485.81,113.325,AAA,1335.883,46.928,1514.922
2020-06,IN,India,1.22,1.22,5.322,5.322,6.593,79.794,7.812,58.499,103.285,70.256,73.913,86.676639,47608964.26,102.286,AAA,1312.559,48.422,1524.559
2020-06,CN,China,0.867,0.867,2.372,2.372,5.108,96.346,8.114,57.584,102.024,68.239,71.644,7.270144,27740574.47,63.707,AAA,1292.388,48.422,1524.559
2020-06,US,United States,0.736,0.736,3.885,3.885,5.828,88.96,8.226,56.581,101.558,67.492,70.804,1.034831,22003072.58,70.848,BBB,1284.923,48.422,1524.559
2020-06,DE,Germany,1.11,1.11,2.959,2.959,5.423,93.863,7.906,58.649,102.892,69.628,73.206,0.958685,35946060.84,68.988,A,1306.275,48.422,1524.559
2020-06,JP,Japan,0.992,0.992,2.642,2.642,5.333,91.556,8.007,57.959,102.471,68.953,72.447,151.819503,22707858.09,27.224,BB,1299.529,48.422,1524.559
2020-06,VN,Vietnam,-1.1,-1.1,3.428,3.428,5.648,69.48,9.8,46.6,95.0,57.0,59.0,25212.386438,10113823.93,115.376,AAA,1180.001,48.422,1524.559
2020-06,BR,Brazil,1.558,1.558,5.065,5.065,6.233,70.139,7.522,59.691,104.494,72.19,76.088,5.125944,-19774219.65,64.369,AA,1331.897,48.422,1524.559
2020-06,KR,South Korea,1.613,1.613,3.719,3.719,5.783,91.922,7.474,61.016,104.69,72.504,76.442,1372.121592,-1274955.78,113.67,AA,1335.04,48.422,1524.559
2020-06,MX,Mexico,1.685,1.685,4.873,4.873,6.278,76.562,7.413,60.626,104.947,72.915,76.904,17.64678,69361003.32,51.034,BB,1339.149,48.422,1524.559
2020-06,TH,Thailand,1.228,1.228,1.286,1.286,4.703,72.647,7.804,58.191,103.315,70.304,73.967,36.771464,-6535558.66,38.272,BBB,1313.038,48.422,1524.559
2020-06,PL,Poland,1.328,1.328,6.149,6.149,6.863,77.953,7.719,58.941,103.672,70.875,74.61,4.126199,-2483089.25,54.299,AAA,1318.752,48.422,1524.559
2020-06,TR,Turkey,1.496,1.496,54.287,54.287,28.418,72.094,7.574,59.482,104.273,71.837,75.691,27.719023,34967356.67,103.589,BBB,1328.368,48.422,1524.559
2020-06,ZA,South Africa,-0.213,-0.213,6.234,6.234,6.818,61.205,9.04,50.535,98.168,62.068,64.702,19.252414,34026585.31,77.456,AAA,1230.682,48.422,1524.559
2020-06,AU,Australia,1.698,1.698,3.756,3.756,5.873,82.796,7.402,60.99,104.993,72.988,76.987,1.56805,62466796.39,69.095,A,1339.883,48.422,1524.559
2020-06,CA,Canada,1.699,1.699,4.086,4.086,5.918,84.867,7.401,61.093,104.995,72.992,76.99,1.378809,-18142898.37,37.491,BB,1339.915,48.422,1524.559
2020-07,IN,India,1.321,1.321,5.38,5.38,6.553,79.99,7.725,59.003,103.645,70.832,74.561,85.671637,55326830.9,114.089,AAA,1322.318,49.971,1533.4
2020-07,CN,China,0.992,0.992,2.124,2.124,5.068,96.643,8.007,58.209,102.471,68.953,72.447,7.276751,7278732.67,62.606,BB,1303.529,49.971,1533.4
2020-07,US,United States,0.867,0.867,3.721,3.721,5.788,89.247,8.114,57.234,102.024,68.239,71.644,1.037664,77834335.35,118.935,BBB,1296.388,49.971,1533.4
2020-07,DE,Germany,1.22,1.22,2.724,2.724,5.383,94.115,7.812,59.199,103.285,70.256,73.913,0.959985,30841800.06,76.141,AAA,1316.559,49.971,1533.4
2020-07,JP,Japan,1.11,1.11,2.623,2.623,5.293,91.822,7.906,58.549,102.892,69.628,73.206,154.488688,-18485318.09,90.563,AA,1310.275,49.971,1533.4
2020-07,VN,Vietnam,-1.092,-1.092,3.379,3.379,5.608,69.494,9.793,46.638,95.027,57.044,59.049,25314.316645,79643518.36,88.913,BB,1184.436,49.971,1533.4
2020-07,BR,Brazil,1.613,1.613,4.823,4.823,6.193,70.232,7.474,59.966,104.69,72.504,76.442,5.20988,16311705.23,58.574,AA,1339.04,49.971,1533.4
2020-07,KR,South Korea,1.655,1.655,3.595,3.595,5.743,92.015,7.438,61.225,104.84,72.743,76.711,1375.814181,40673967.56,41.806,AA,1341.434,49.971,1533.4
2020-07,MX,Mexico,1.658,1.658,4.478,4.478,6.238,76.512,7.436,60.489,104.849,72.759,76.729,17.755227,64809396.92,68.051,BBB,1341.591,49.971,1533.4
2020-07,TH,Thailand,1.119,1.119,0.845,0.845,4.663,72.454,7.898,57.644,102.925,69.679,73.264,36.389037,60768708.46,57.388,BB,1310.793,49.971,1533.4
2020-07,PL,Poland,1.228,1.228,6.046,6.046,6.823,77.763,7.804,58.441,103.315,70.304,73.967,4.156051,56303595.0,45.374,BBB,1317.038,49.971,1533.4
2020-07,TR,Turkey,1.418,1.418,54.162,54.162,28.378,71.956,7.642,59.089,103.992,71.388,75.186,27.819128,46109998.39,42.076,BBB,1327.879,49.971,1533.4
2020-07,ZA,South Africa,-0.341,-0.341,5.633,5.633,6.778,61.007,9.149,49.897,97.712,61.34,63.882,19.124108,70121201.22,98.732,BBB,1227.397,49.971,1533.4
2020-07,AU,Australia,1.699,1.699,3.833,3.833,5.833,82.797,7.401,60.993,104.995,72.992,76.99,1.572903,12292182.02,58.415,AA,1343.915,49.971,1533.4
2020-07,CA,Canada,1.685,1.685,3.689,3.689,5.878,84.839,7.413,61.026,104.947,72.915,76.904,1.390763,-18627816.82,113.78,AAA,1343.149,49.971,1533.4
2020-08,IN,India,1.411,1.411,5.524,5.524,6.497,80.167,7.648,59.456,103.968,71.349,75.143,85.54717,66567687.38,114.331,BBB,1331.493,51.56,1541.384
2020-08,CN,China,1.11,1.11,2.266,2.266,5.012,96.923,7.906,58.799,102.892,69.628,73.206,7.338404,35675443.28,98.919,BBB,1314.275,51.56,1541.384
2020-08,US,United States,0.992,0.992,3.62,3.62,5.732,89.522,8.007,57.859,102.471,68.953,72.447,1.03565,41490136.38,41.609,A,1307.529,51.56,1541.384
2020-08,DE,Germany,1.321,1.321,2.694,2.694,5.327,94.347,7.725,59.703,103.645,70.832,74.561,0.956741,15007880.95,83.854,BBB,1326.318,51.56,1541.384
2020-08,JP,Japan,1.22,1.22,2.259,2.259,5.237,92.07,7.812,59.099,103.285,70.256,73.913,153.975757,5903077.02,65.932,AA,1320.559,51.56,1541.384
2020-08,VN,Vietnam,-1.071,-1.071,3.841,3.841,5.552,69.532,9.775,46.746,95.104,57.167,59.187,25295.847093,10839836.55,29.689,BB,1189.666,51.56,1541.384
2020-08,BR,Brazil,1.655,1.655,4.487,4.487,6.137,70.304,7.438,60.175,104.84,72.743,76.711,5.089053,-6827945.02,115.086,A,1345.434,51.56,1541.384
2020-08,KR,South Korea,1.683,1.683,3.947,3.947,5.687,92.078,7.414,61.367,104.941,72.905,76.894,1363.395404,72460912.55,76.655,BBB,1347.053,51.56,1541.384
2020-08,MX,Mexico,1.617,1.617,4.095,4.095,6.182,76.436,7.471,60.285,104.704,72.526,76.467,17.91174,24043783.68,54.942,AA,1343.258,51.56,1541.384
2020-08,TH,Thailand,1.001,1.001,1.089,1.089,4.607,72.245,7.999,57.057,102.505,69.008,72.509,37.15814,4838044.51,128.226,BBB,1308.082,51.56,1541.384
2020-08,PL,Poland,1.119,1.119,6.135,6.135,6.767,77.556,7.898,57.894,102.925,69.679,73.264,4.185143,65267435.71,57.672,AA,1314.793,51.56,1541.384
2020-08,TR,Turkey,1.328,1.328,53.6,53.6,28.322,71.799,7.719,58.641,103.672,70.875,74.61,27.904977,24649853.74,99.231,BBB,1326.752,51.56,1541.384
2020-08,ZA,South Africa,-0.462,-0.462,6.209,6.209,6.722,60.819,9.253,49.292,97.28,60.648,63.104,19.234325,59159708.1,123.069,A,1224.478,51.56,1541.384
2020-08,AU,Australia,1.685,1.685,3.802,3.802,5.777,82.77,7.413,60.926,104.947,72.915,76.904,1.578091,-17046318.42,74.105,AAA,1347.149,51.56,1541.384
2020-08,CA,Canada,1.658,1.658,3.825,3.825,5.822,84.784,7.436,60.889,104.849,72.759,76.729,1.417871,-138277.11,40.422,BB,1345.591,51.56,1541.384
2020-09,IN,India,1.491,1.491,5.295,5.295,6.428,80.322,7.579,59.853,104.252,71.803,75.654,85.978109,5252543.17,38.523,BBB,1340.035,53.179,1548.464
2020-09,CN,China,1.22,1.22,2.165,2.165,4.943,97.184,7.812,59.349,103.285,70.256,73.913,7.31183,12114754.7,126.199,AAA,1324.559,53.179,1548.464
2020-09,US,United States,1.11,1.11,3.77,3.77,5.663,89.782,7.906,58.449,102.892,69.628,73.206,1.038231,16193148.6,115.49,BB,1318.275,53.179,1548.464
2020-09,DE,Germany,1.411,1.411,2.382,2.382,5.258,94.556,7.648,60.156,103.968,71.349,75.143,0.935255,49220799.3,33.884,BBB,1335.493,53.179,1548.464
2020-09,JP,Japan,1.321,1.321,2.386,2.386,5.168,92.296,7.725,59.603,103.645,70.832,74.561,152.369266,-2685382.65,85.674,AAA,1330.318,53.179,1548.464
2020-09,VN,Vietnam,-1.036,-1.036,3.178,3.178,5.483,69.596,9.745,46.922,95.23,57.368,59.414,25595.804129,36924623.26,51.186,A,1195.678,53.179,1548.464
2020-09,BR,Brazil,1.683,1.683,4.514,4.514,6.068,70.352,7.414,60.317,104.941,72.905,76.894,5.144774,22274285.03,50.082,A,1351.053,53.179,1548.464
2020-09,KR,South Korea,1.698,1.698,3.408,3.408,5.618,92.11,7.402,61.44,104.993,72.988,76.987,1360.168671,29304681.38,93.16,A,1351.883,53.179,1548.464
2020-09,MX,Mexico,1.563,1.563,4.403,4.403,6.113,76.337,7.517,60.015,104.511,72.217,76.12,17.630948,-3197551.03,51.559,BBB,1344.174,53.179,1548.464
2020-09,TH,Thailand,0.877,0.877,0.867,0.867,4.538,72.024,8.105,56.435,102.061,68.297,71.709,36.305714,7508768.82,105.144,AAA,1304.969,53.179,1548.464
2020-09,PL,Poland,1.001,1.001,5.799,5.799,6.698,77.333,7.999,57.307,102.505,69.008,72.509,4.190105,28295238.37,47.058,A,1312.082,53.179,1548.464
2020-09,TR,Turkey,1.228,1.228,53.495,53.495,28.253,71.624,7.804,58.141,103.315,70.304,73.967,27.723896,32236773.36,92.586,BB,1325.038,53.179,1548.464
2020-09,ZA,South Africa,-0.575,-0.575,5.633,5.633,6.653,60.644,9.35,48.725,96.875,59.999,62.374,19.115172,-3277880.88,73.663,AAA,1221.994,53.179,1548.464
2020-09,AU,Australia,1.658,1.658,3.517,3.517,5.708,82.716,7.436,60.789,104.849,72.759,76.729,1.583922,31800414.64,83.459,BB,1349.591,53.179,1548.464
2020-09,CA,Canada,1.617,1.617,3.544,3.544,5.753,84.7,7.471,60.685,104.704,72.526,76.467,1.413648,63461448.08,92.389,BB,1347.258,53.179,1548.464
2020-10,IN,India,1.558,1.558,4.989,4.989,6.347,80.453,7.522,60.191,104.494,72.19,76.088,85.87568,62528577.32,121.096,A,1347.897,54.812,1554.601
2020-10,CN,China,1.321,1.321,1.488,1.488,4.862,97.424,7.725,59.853,103.645,70.832,74.561,7.473895,40527291.12,76.423,AA,1334.318,54.812,1554.601
2020-10,US,United States,1.22,1.22,3.102,3.102,5.582,90.024,7.812,58.999,103.285,70.256,73.913,1.028899,55466420.85,94.871,AAA,1328.559,54.812,1554.601
2020-10,DE,Germany,1.491,1.491,2.556,2.556,5.177,94.738,7.579,60.553,104.252,71.803,75.654,0.960008,-11720375.81,30.641,BB,1344.035,54.812,1554.601
2020-10,JP,Japan,1.411,1.411,2.131,2.131,5.087,92.5,7.648,60.056,103.968,71.349,75.143,154.359875,59633709.34,29.076,A,1339.493,54.812,1554.601
2020-10,VN,Vietnam,-0.987,-0.987,2.578,2.578,5.402,69.683,9.703,47.165,95.403,57.645,59.726,25422.866484,27583077.45,119.481,BB,1202.454,54.812,1554.601
2020-10,BR,Brazil,1.698,1.698,4.238,4.238,5.987,70.377,7.402,60.39,104.993,72.988,76.987,5.070218,43534186.91,98.443,AAA,1355.883,54.812,1554.601
2020-10,KR,South Korea,1.699,1.699,2.994,2.994,5.537,92.112,7.401,61.443,104.995,72.992,76.99,1350.880511,68256433.54,129.037,AA,1355.915,54.812,1554.601
2020-10,MX,Mexico,1.496,1.496,4.1,4.1,6.032,76.213,7.574,59.682,104.273,71.837,75.691,17.95922,-14191052.69,37.52,BBB,1344.368,54.812,1554.601
2020-10,TH,Thailand,0.747,0.747,1.074,1.074,4.457,71.793,8.217,55.784,101.595,67.553,70.872,36.624917,24209144.79,57.148,BB,1301.528,54.812,1554.601
2020-10,PL,Poland,0.877,0.877,5.521,5.521,6.617,77.096,8.105,56.685,102.061,68.297,71.709,4.060763,21525638.25,30.758,AA,1308.969,54.812,1554.601
2020-10,TR,Turkey,1.119,1.119,53.153,53.153,28.172,71.433,7.898,57.594,102.925,69.679,73.264,27.679822,30098680.42,85.769,BBB,1322.793,54.812,1554.601
2020-10,ZA,South Africa,-0.68,-0.68,5.841,5.841,6.572,60.481,9.44,48.201,96.501,59.401,61.701,19.193254,69368261.47,112.438,A,1220.01,54.812,1554.601
2020-10,AU,Australia,1.617,1.617,3.397,3.397,5.627,82.634,7.471,60.585,104.704,72.526,76.467,1.577407,40865538.38,117.988,AA,1351.258,54.812,1554.601
2020-10,CA,Canada,1.563,1.563,3.526,3.526,5.672,84.589,7.517,60.415,104.511,72.217,76.12,1.380191,69183628.14,84.305,AAA,1348.174,54.812,1554.601
2020-11,IN,India,1.613,1.613,5.487,5.487,6.255,80.561,7.474,60.466,104.69,72.504,76.442,85.709311,62979749.24,102.797,AAA,1355.04,56.447,1559.768
2020-11,CN,China,1.411,1.411,1.369,1.369,4.77,97.639,7.648,60.306,103.968,71.349,75.143,7.369919,49656652.73,98.031,BB,1343.493,56.447,1559.768
2020-11,US,United States,1.321,1.321,3.01,3.01,5.49,90.245,7.725,59.503,103.645,70.832,74.561,1.033257,12558601.36,75.491,BB,1338.318,56.447,1559.768
2020-11,DE,Germany,1.558,1.558,1.594,1.594,5.085,94.894,7.522,60.891,104.494,72.19,76.088,0.945827,38208425.18,25.721,AAA,1351.897,56.447,1559.768
2020-11,JP,Japan,1.491,1.491,1.984,1.984,4.995,92.679,7.579,60.453,104.252,71.803,75.654,154.236783,12809717.28,53.046,BBB,1348.035,56.447,1559.768
2020-11,VN,Vietnam,-0.926,-0.926,2.531,2.531,5.31,69.794,9.651,47.472,95.623,57.996,60.121,25381.031178,30063702.64,78.857,BB,1209.964,56.447,1559.768
2020-11,BR,Brazil,1.699,1.699,4.22,4.22,5.895,70.377,7.401,60.393,104.995,72.992,76.99,5.115018,72678243.06,112.443,AAA,1359.915,56.447,1559.768
2020-11,KR,South Korea,1.685,1.685,3.195,3.195,5.445,92.082,7.413,61.376,104.947,72.915,76.904,1369.587189,4884118.97,65.625,AA,1359.149,56.447,1559.768
2020-11,MX,Mexico,1.418,1.418,3.978,3.978,5.94,76.068,7.642,59.289,103.992,71.388,75.186,17.863308,-3335307.96,30.236,BB,1343.879,56.447,1559.768
2020-11,TH,Thailand,0.612,0.612,0.588,0.588,4.365,71.554,8.333,55.11,101.114,66.783,70.006,36.472705,45898490.69,80.085,BB,1297.831,56.447,1559.768
2020-11,PL,Poland,0.747,0.747,5.102,5.102,6.525,76.849,8.217,56.034,101.595,67.553,70.872,4.167864,22476693.39,86.713,BBB,1305.528,56.447,1559.768
2020-11,TR,Turkey,1.001,1.001,53.107,53.107,28.08,71.228,7.999,57.007,102.505,69.008,72.509,27.723951,14431461.34,99.832,BBB,1320.082,56.447,1559.768
2020-11,ZA,South Africa,-0.775,-0.775,5.286,5.286,6.48,60.334,9.521,47.726,96.162,58.859,61.091,19.191292,-15479258.28,73.744,A,1218.585,56.447,1559.768
2020-11,AU,Australia,1.563,1.563,3.616,3.616,5.535,82.526,7.517,60.315,104.511,72.217,76.12,1.551314,4195765.71,119.626,BB,1352.174,56.447,1559.768
2020-11,CA,Canada,1.496,1.496,3.491,3.491,5.58,84.453,7.574,60.082,104.273,71.837,75.691,1.378747,25298622.9,56.43,AAA,1348.368,56.447,1559.768
2020-12,IN,India,1.655,1.655,4.918,4.918,6.152,80.642,7.438,60.675,104.84,72.743,76.711,85.616624,44249355.16,74.539,BBB,1361.434,58.069,1563.951
2020-12,CN,China,1.491,1.491,1.81,1.81,4.667,97.828,7.579,60.703,104.252,71.803,75.654,7.400051,-18601818.2,122.437,BB,1352.035,58.069,1563.951
2020-12,US,United States,1.411,1.411,3.329,3.329,5.387,90.444,7.648,59.956,103.968,71.349,75.143,1.027643,50226334.08,67.59,AAA,1347.493,58.069,1563.951
2020-12,DE,Germany,1.613,1.613,1.733,1.733,4.982,95.02,7.474,61.166,104.69,72.504,76.442,0.957765,79272005.06,121.735,AAA,1359.04,58.069,1563.951
2020-12,JP,Japan,1.558,1.558,1.881,1.881,4.892,92.831,7.522,60.791,104.494,72.19,76.088,153.496153,77033341.42,94.069,BB,1355.897,58.069,1563.951
2020-12,VN,Vietnam,-0.852,-0.852,2.885,2.885,5.207,69.926,9.587,47.84,95.886,58.417,60.595,25571.448651,35654602.39,83.478,BB,1218.174,58.069,1563.951
2020-12,BR,Brazil,1.685,1.685,3.631,3.631,5.792,70.355,7.413,60.326,104.947,72.915,76.904,5.027394,9458270.29,33.659,AAA,1363.149,58.069,1563.951
2020-12,KR,South Korea,1.658,1.658,3.15,3.15,5.342,92.021,7.436,61.239,104.849,72.759,76.729,1374.285882,5374817.47,29.826,AAA,1361.591,58.069,1563.951
2020-12,MX,Mexico,1.328,1.328,4.085,4.085,5.837,75.902,7.719,58.841,103.672,70.875,74.61,17.624586,9905092.21,41.875,AAA,1342.752,58.069,1563.951
2020-12,TH,Thailand,0.474,0.474,0.404,0.404,4.262,71.309,8.451,54.421,100.622,65.996,69.12,36.631892,9228843.33,52.389,BB,1293.956,58.069,1563.951
2020-12,PL,Poland,0.612,0.612,4.844,4.844,6.422,76.593,8.333,55.36,101.114,66.783,70.006,4.160935,43847558.8,127.026,A,1301.831,58.069,1563.951
2020-12,TR,Turkey,0.877,0.877,53.095,53.095,27.977,71.01,8.105,56.385,102.061,68.297,71.709,28.176149,32355332.27,43.832,AAA,1316.969,58.069,1563.951
2020-12,ZA,South Africa,-0.859,-0.859,5.205,5.205,6.377,60.204,9.593,47.305,95.861,58.377,60.55,19.495767,66145531.87,51.086,BBB,1217.774,58.069,1563.951
2020-12,AU,Australia,1.496,1.496,3.033,3.033,5.432,82.393,7.574,59.982,104.273,71.837,75.691,1.580437,11538429.96,36.362,BB,1352.368,58.069,1563.951
2020-12,CA,Canada,1.418,1.418,3.422,3.422,5.477,84.292,7.642,59.689,103.992,71.388,75.186,1.397833,13645170.85,32.406,A,1347.879,58.069,1563.951
2021-01,IN,India,3.583,3.583,4.52,4.52,6.042,80.698,5.214,60.817,104.941,72.905,76.894,84.425825,-11557164.45,25.707,BBB,1367.053,59.667,1567.149
2021-01,CN,China,3.458,3.458,1.22,1.22,4.557,97.988,5.322,61.041,104.494,72.19,76.088,7.460357,-14451455.57,31.82,AA,1359.897,59.667,1567.149
2021-01,US,United States,3.391,3.391,3.002,3.002,5.277,90.619,5.379,60.353,104.252,71.803,75.654,1.039717,37734337.06,38.549,BB,1356.035,59.667,1567.149
2021-01,DE,Germany,3.555,3.555,2.117,2.117,4.872,95.117,5.238,61.375,104.84,72.743,76.711,0.955035,52532641.45,117.638,A,1365.434,59.667,1567.149
2021-01,JP,Japan,3.513,3.513,1.664,1.664,4.782,92.955,5.274,61.066,104.69,72.504,76.442,155.055211,-9984885.35,73.46,BBB,1363.04,59.667,1567.149
2021-01,VN,Vietnam,1.133,1.133,2.399,2.399,5.097,70.08,7.314,48.266,96.19,58.904,61.142,25563.617342,-12407224.11,51.274,AAA,1227.041,59.667,1567.149
2021-01,BR,Brazil,3.558,3.558,3.864,3.864,5.682,70.308,5.236,60.189,104.849,72.759,76.729,5.163122,-4101352.7,119.03,BBB,1365.591,59.667,1567.149
2021-01,KR,South Korea,3.517,3.517,2.778,2.778,5.232,91.93,5.271,61.035,104.704,72.526,76.467,1370.98312,-2929013.31,99.827,BBB,1363.258,59.667,1567.149
2021-01,MX,Mexico,3.128,3.128,4.048,4.048,5.727,75.717,5.604,58.341,103.315,70.304,73.967,17.865348,38670078.65,60.709,AA,1341.038,59.667,1567.149
2021-01,TH,Thailand,2.235,2.235,0.538,0.538,4.152,71.062,6.37,53.723,100.124,65.198,68.223,36.33838,66844288.89,99.153,A,1289.982,59.667,1567.149
2021-01,PL,Poland,2.374,2.374,5.29,5.29,6.312,76.331,6.251,54.671,100.622,65.996,69.12,4.167188,54523473.67,115.345,AA,1297.956,59.667,1567.149
2021-01,TR,Turkey,2.647,2.647,52.702,52.702,27.867,70.782,6.017,55.734,101.595,67.553,70.872,27.855755,56520501.88,88.936,A,1313.528,59.667,1567.149
2021-01,ZA,South Africa,0.968,0.968,5.045,5.045,6.267,60.091,7.456,46.942,95.602,57.962,60.083,19.17242,76444284.22,106.955,BB,1217.624,59.667,1567.149
2021-01,AU,Australia,3.318,3.318,2.719,2.719,5.322,82.236,5.442,59.589,103.992,71.388,75.186,1.574049,66936001.31,85.602,AAA,1351.879,59.667,1567.149
2021-01,CA,Canada,3.228,3.228,3.084,3.084,5.367,84.108,5.519,59.241,103.672,70.875,74.61,1.387603,5451598.31,58.46,AAA,1346.752,59.667,1567.149
2021-02,IN,India,3.598,3.598,4.462,4.462,5.925,80.726,5.202,60.89,104.993,72.988,76.987,86.003558,53754347.86,85.598,A,1371.883,61.226,1569.37
2021-02,CN,China,3.513,3.513,1.291,1.291,4.44,98.119,5.274,61.316,104.69,72.504,76.442,7.427081,51059325.69,82.397,AAA,1367.04,61.226,1569.37
2021-02,US,United States,3.458,3.458,2.758,2.758,5.16,90.768,5.322,60.691,104.494,72.19,76.088,1.037688,62817165.35,68.791,AA,1363.897,61.226,1569.37
2021-02,DE,Germany,3.583,3.583,1.754,1.754,4.755,95.182,5.214,61.517,104.941,72.905,76.894,0.943574,-3742024.09,80.541,AAA,1371.053,61.226,1569.37
2021-02,JP,Japan,3.555,3.555,2.109,2.109,4.665,93.049,5.238,61.275,104.84,72.743,76.711,154.659732,8041271.31,85.105,BB,1369.434,61.226,1569.37
2021-02,VN,Vietnam,1.229,1.229,2.166,2.166,4.98,70.252,7.232,48.745,96.532,59.452,61.758,25623.019262,19919024.65,35.253,BB,1236.518,61.226,1569.37
2021-02,BR,Brazil,3.517,3.517,3.584,3.584,5.565,70.239,5.271,59.985,104.704,72.526,76.467,5.10812,51929773.22,115.839,AA,1367.258,61.226,1569.37
2021-02,KR,South Korea,3.463,3.463,2.398,2.398,5.115,91.81,5.317,60.765,104.511,72.217,76.12,1379.153825,50046139.16,111.978,AAA,1364.174,61.226,1569.37
2021-02,MX,Mexico,3.019,3.019,3.384,3.384,5.61,75.515,5.698,57.794,102.925,69.679,73.264,17.809097,71721144.33,89.414,BBB,1338.793,61.226,1569.37
2021-02,TH,Thailand,2.095,2.095,0.208,0.208,4.035,70.813,6.49,53.024,99.624,64.399,67.324,36.305416,-19868775.71,68.607,AAA,1285.988,61.226,1569.37
2021-02,PL,Poland,2.235,2.235,5.38,5.38,6.195,76.066,6.37,53.973,100.124,65.198,68.223,4.101358,-11954898.58,129.963,A,1293.982,61.226,1569.37
2021-02,TR,Turkey,2.512,2.512,52.491,52.491,27.75,70.546,6.133,55.06,101.114,66.783,70.006,27.656598,27977868.56,95.416,AAA,1309.831,61.226,1569.37
2021-02,ZA,South Africa,0.908,0.908,5.153,5.153,6.15,59.998,7.507,46.641,95.386,57.618,59.695,18.949804,23160897.88,99.181,A,1218.178,61.226,1569.37
2021-02,AU,Australia,3.228,3.228,2.681,2.681,5.205,82.056,5.519,59.141,103.672,70.875,74.61,1.574446,57942199.98,86.453,BBB,1350.752,61.226,1569.37
2021-02,CA,Canada,3.128,3.128,3.323,3.323,5.25,83.903,5.604,58.741,103.315,70.304,73.967,1.407677,6712857.07,76.281,A,1345.038,61.226,1569.37
2021-03,IN,India,3.599,3.599,4.376,4.376,5.804,80.727,5.201,60.893,104.995,72.992,76.99,85.190905,69085095.72,47.601,BB,1375.915,62.733,1570.637
2021-03,CN,China,3.555,3.555,1.359,1.359,4.319,98.218,5.238,61.525,104.84,72.743,76.711,7.28621,-16336897.23,103.312,AAA,1373.434,62.733,1570.637
2021-03,US,United States,3.513,3.513,3.031,3.031,5.039,90.889,5.274,60.966,104.69,72.504,76.442,1.034066,17654942.69,68.626,BB,1371.04,62.733,1570.637
2021-03,DE,Germany,3.598,3.598,1.921,1.921,4.634,95.215,5.202,61.59,104.993,72.988,76.987,0.947606,5340723.2,126.56,A,1375.883,62.733,1570.637
2021-03,JP,Japan,3.583,3.583,1.558,1.558,4.544,93.113,5.214,61.417,104.941,72.905,76.894,154.000325,-19148141.6,129.467,BB,1375.053,62.733,1570.637
2021-03,VN,Vietnam,1.335,1.335,2.696,2.696,4.859,70.442,7.142,49.273,96.909,60.055,62.437,25024.244496,4065031.14,28.41,BB,1246.549,62.733,1570.637
2021-03,BR,Brazil,3.463,3.463,4.021,4.021,5.444,70.147,5.317,59.715,104.511,72.217,76.12,5.046341,24002243.33,48.501,A,1368.174,62.733,1570.637
2021-03,KR,South Korea,3.396,3.396,2.693,2.693,4.994,91.662,5.374,60.432,104.273,71.837,75.691,1388.942389,-9960288.6,26.079,BB,1364.368,62.733,1570.637
2021-03,MX,Mexico,2.901,2.901,4.012,4.012,5.489,75.298,5.799,57.207,102.505,69.008,72.509,17.709243,-10581246.47,55.191,AA,1336.082,62.733,1570.637
2021-03,TH,Thailand,1.956,1.956,0.576,0.576,3.914,70.567,6.609,52.33,99.128,63.605,66.431,36.351516,39719793.91,103.23,AA,1282.054,62.733,1570.637
2021-03,PL,Poland,2.095,2.095,4.56,4.56,6.074,75.8,6.49,53.274,99.624,64.399,67.324,4.154582,15007638.27,84.701,BB,1289.988,62.733,1570.637
2021-03,TR,Turkey,2.374,2.374,52.802,52.802,27.629,70.305,6.251,54.371,100.622,65.996,69.12,28.114416,70539922.58,42.672,A,1305.956,62.733,1570.637
2021-03,ZA,South Africa,0.861,0.861,4.703,4.703,6.029,59.924,7.548,46.404,95.217,57.347,59.39,19.040366,16169589.11,90.25,BBB,1219.469,62.733,1570.637
2021-03,AU,Australia,3.128,3.128,2.848,2.848,5.084,81.856,5.604,58.641,103.315,70.304,73.967,1.588219,28031606.56,125.111,BB,1349.038,62.733,1570.637
2021-03,CA,Canada,3.019,3.019,3.024,3.024,5.129,83.679,5.698,58.194,102.925,69.679,73.264,1.39199,77303267.86,75.433,BBB,1342.793,62.733,1570.637
2021-04,IN,India,3.585,3.585,4.455,4.455,5.68,80.701,5.213,60.826,104.947,72.915,76.904,85.35407,62527609.97,109.86,A,1379.149,64.177,1570.984
2021-04,CN,China,3.583,3.583,0.688,0.688,4.195,98.286,5.214,61.667,104.941,72.905,76.894,7.315458,62361207.91,95.819,AA,1379.053,64.177,1570.984
2021-04,US,United States,3.555,3.555,3.304,3.304,4.915,90.981,5.238,61.175,104.84,72.743,76.711,1.040462,20662896.28,127.512,AAA,1377.434,64.177,1570.984
2021-04,DE,Germany,3.599,3.599,1.644,1.644,4.51,95.217,5.201,61.593,104.995,72.992,76.99,0.956293,70690941.16,87.906,BBB,1379.915,64.177,1570.984
2021-04,JP,Japan,3.598,3.598,1.665,1.665,4.42,93.145,5.202,61.49,104.993,72.988,76.987,153.429696,-16182870.26,125.313,AA,1379.883,64.177,1570.984
2021-04,VN,Vietnam,1.449,1.449,2.278,2.278,4.735,70.648,7.044,49.844,97.317,60.707,63.171,25358.749556,16047461.79,125.597,AA,1257.074,64.177,1570.984
2021-04,BR,Brazil,3.396,3.396,3.926,3.926,5.32,70.034,5.374,59.382,104.273,71.837,75.691,5.038734,79333556.28,58.726,BB,1368.368,64.177,1570.984
2021-04,KR,South Korea,3.318,3.318,2.532,2.532,4.87,91.487,5.442,60.039,103.992,71.388,75.186,1353.047525,30431148.49,69.9,AAA,1363.879,64.177,1570.984
2021-04,MX,Mexico,2.777,2.777,4.006,4.006,5.365,75.067,5.905,56.585,102.061,68.297,71.709,17.922952,23210567.29,47.455,A,1332.969,64.177,1570.984
2021-04,TH,Thailand,1.82,1.82,0.1,0.1,3.79,70.325,6.726,51.648,98.641,62.826,65.554,36.608238,52881933.42,28.352,A,1278.259,64.177,1570.984
2021-04,PL,Poland,1.956,1.956,5.069,5.069,5.95,75.536,6.609,52.58,99.128,63.605,66.431,4.155604,49818726.52,106.498,AAA,1286.054,64.177,1570.984
2021-04,TR,Turkey,2.235,2.235,52.558,52.558,27.505,70.061,6.37,53.673,100.124,65.198,68.223,27.567431,50216111.49,46.433,A,1301.982,64.177,1570.984
2021-04,ZA,South Africa,0.827,0.827,4.931,4.931,5.905,59.871,7.577,46.233,95.095,57.153,59.172,18.861445,70473797.68,127.215,BB,1221.525,64.177,1570.984
2021-04,AU,Australia,3.019,3.019,2.554,2.554,4.96,81.638,5.698,58.094,102.925,69.679,73.264,1.562251,-4877405.96,70.06,AA,1346.793,64.177,1570.984
2021-04,CA,Canada,2.901,2.901,3.403,3.403,5.005,83.438,5.799,57.607,102.505,69.008,72.509,1.385854,59912331.9,102.526,AA,1340.082,64.177,1570.984
2021-05,IN,India,3.558,3.558,4.895,4.895,5.555,80.648,5.236,60.689,104.849,72.759,76.729,85.381674,-16824054.83,60.379,AA,1381.591,65.545,1570.455
2021-05,CN,China,3.598,3.598,0.894,0.894,4.07,98.32,5.202,61.74,104.993,72.988,76.987,7.280656,17599215.79,89.994,AA,1383.883,65.545,1570.455
2021-05,US,United States,3.583,3.583,2.433,2.433,4.79,91.044,5.214,61.317,104.941,72.905,76.894,1.032125,-5510923.58,48.23,AAA,1383.053,65.545,1570.455
2021-05,DE,Germany,3.585,3.585,1.545,1.545,4.385,95.186,5.213,61.526,104.947,72.915,76.904,0.947756,29283254.62,48.34,BB,1383.149,65.545,1570.455
2021-05,JP,Japan,3.599,3.599,0.759,0.759,4.295,93.147,5.201,61.493,104.995,72.992,76.99,153.033361,67093124.59,66.705,AA,1383.915,65.545,1570.455
2021-05,VN,Vietnam,1.57,1.57,1.853,1.853,4.61,70.867,6.94,50.452,97.752,61.403,63.953,25332.978236,34193889.43,115.881,A,1268.028,65.545,1570.455
2021-05,BR,Brazil,3.318,3.318,3.545,3.545,5.195,69.9,5.442,58.989,103.992,71.388,75.186,5.032369,44835853.63,83.497,AAA,1367.879,65.545,1570.455
2021-05,KR,South Korea,3.228,3.228,2.333,2.333,4.745,91.288,5.519,59.591,103.672,70.875,74.61,1367.357037,77309983.52,58.985,BBB,1362.752,65.545,1570.455
2021-05,MX,Mexico,2.647,2.647,3.606,3.606,5.24,74.826,6.017,55.934,101.595,67.553,70.872,17.949048,35789469.47,54.344,BBB,1329.528,65.545,1570.455
2021-05,TH,Thailand,1.687,1.687,0.298,0.298,3.665,70.089,6.84,50.985,98.168,62.068,64.702,36.579166,72387619.64,102.403,AA,1274.682,65.545,1570.455
2021-05,PL,Poland,1.82,1.82,4.92,4.92,5.825,75.277,6.726,51.898,98.641,62.826,65.554,4.1641,38522323.47,79.637,BB,1282.259,65.545,1570.455
2021-05,TR,Turkey,2.095,2.095,53.257,53.257,27.38,69.816,6.49,52.974,99.624,64.399,67.324,27.680712,24153888.35,126.311,BB,1297.988,65.545,1570.455
2021-05,ZA,South Africa,0.806,0.806,4.851,4.851,5.78,59.84,7.595,46.132,95.023,57.037,59.041,19.097573,61804993.16,101.981,BBB,1224.365,65.545,1570.455
2021-05,AU,Australia,2.901,2.901,2.878,2.878,4.835,81.403,5.799,57.507,102.505,69.008,72.509,1.561416,74819935.64,49.339,AA,1344.082,65.545,1570.455
2021-05,CA,Canada,2.777,2.777,2.755,2.755,4.88,83.183,5.905,56.985,102.061,68.297,71.709,1.387593,72990250.9,30.919,BBB,1336.969,65.545,1570.455
2021-06,IN,India,3.517,3.517,4.564,4.564,5.431,80.568,5.271,60.485,104.704,72.526,76.467,84.755604,64141758.88,56.527,BB,1383.258,66.826,1569.106
2021-06,CN,China,3.599,3.599,1.41,1.41,3.946,98.321,5.201,61.743,104.995,72.992,76.99,7.346019,10549366.27,118.56,BB,1387.915,66.826,1569.106
2021-06,US,United States,3.598,3.598,2.735,2.735,4.666,91.076,5.202,61.39,104.993,72.988,76.987,1.024842,47007791.65,54.221,AA,1387.883,66.826,1569.106
2021-06,DE,Germany,3.558,3.558,1.715,1.715,4.261,95.123,5.236,61.389,104.849,72.759,76.729,0.94555,20822424.22,108.396,BB,1385.591,66.826,1569.106
2021-06,JP,Japan,3.585,3.585,1.319,1.319,4.171,93.116,5.213,61.426,104.947,72.915,76.904,153.418891,24624317.63,65.886,BBB,1387.149,66.826,1569.106
2021-06,VN,Vietnam,1.698,1.698,2.162,2.162,4.486,71.097,6.83,51.092,98.209,62.134,64.776,25367.381676,19056772.28,54.086,AA,1279.342,66.826,1569.106
2021-06,BR,Brazil,3.228,3.228,3.387,3.387,5.071,69.748,5.519,58.541,103.672,70.875,74.61,5.124073,-15841653.72,105.76,AA,1366.752,66.826,1569.106
2021-06,KR,South Korea,3.128,3.128,2.489,2.489,4.621,91.065,5.604,59.091,103.315,70.304,73.967,1380.401531,-17621795.48,123.911,AA,1361.038,66.826,1569.106
2021-06,MX,Mexico,2.512,2.512,3.374,3.374,5.116,74.577,6.133,55.26,101.114,66.783,70.006,17.558714,8005600.31,114.62,AAA,1325.831,66.826,1569.106
2021-06,TH,Thailand,1.559,1.559,0.1,0.1,3.541,69.863,6.949,50.347,97.712,61.34,63.882,36.509467,13392406.2,57.819,A,1271.397,66.826,1569.106
2021-06,PL,Poland,1.687,1.687,4.898,4.898,5.701,75.025,6.84,51.235,98.168,62.068,64.702,4.146435,19447272.6,29.145,AA,1278.682,66.826,1569.106
2021-06,TR,Turkey,1.956,1.956,52.645,52.645,27.256,69.573,6.609,52.28,99.128,63.605,66.431,27.788598,17857852.6,115.187,BB,1294.054,66.826,1569.106
2021-06,ZA,South Africa,0.8,0.8,4.446,4.446,5.656,59.83,7.6,46.1,95.0,57.0,59.0,19.147395,42189176.2,94.131,BBB,1228.001,66.826,1569.106
2021-06,AU,Australia,2.777,2.777,2.802,2.802,4.711,81.154,5.905,56.885,102.061,68.297,71.709,1.584763,64740286.33,30.88,A,1340.969,66.826,1569.106
2021-06,CA,Canada,2.647,2.647,2.84,2.84,4.756,82.916,6.017,56.334,101.595,67.553,70.872,1.385401,69213666.03,103.784,A,1333.528,66.826,1569.106
2021-07,IN,India,3.463,3.463,4.561,4.561,5.31,80.463,5.317,60.215,104.511,72.217,76.12,84.66192,32301959.46,107.296,AAA,1384.174,68.009,1567.004
2021-07,CN,China,3.585,3.585,0.644,0.644,3.825,98.29,5.213,61.676,104.947,72.915,76.904,7.35294,54676764.39,50.489,BB,1391.149,68.009,1567.004
2021-07,US,United States,3.599,3.599,2.402,2.402,4.545,91.077,5.201,61.393,104.995,72.992,76.99,1.017161,11822717.23,98.863,AAA,1391.915,68.009,1567.004
2021-07,DE,Germany,3.517,3.517,1.94,1.94,4.14,95.029,5.271,61.185,104.704,72.526,76.467,0.944887,44146761.83,80.655,AAA,1387.258,68.009,1567.004
2021-07,JP,Japan,3.558,3.558,1.374,1.374,4.05,93.055,5.236,61.289,104.849,72.759,76.729,153.701636,27056410.12,42.074,A,1389.591,68.009,1567.004
2021-07,VN,Vietnam,1.831,1.831,2.211,2.211,4.365,71.337,6.716,51.757,98.684,62.894,65.631,25406.628569,66094420.28,100.016,AA,1290.941,68.009,1567.004
2021-07,BR,Brazil,3.128,3.128,3.189,3.189,4.95,69.578,5.604,58.041,103.315,70.304,73.967,5.120629,60955777.02,111.597,BBB,1365.038,68.009,1567.004
2021-07,KR,South Korea,3.019,3.019,2.818,2.818,4.5,90.822,5.698,58.544,102.925,69.679,73.264,1351.585631,37985087.28,27.062,AAA,1358.793,68.009,1567.004
2021-07,MX,Mexico,2.374,2.374,3.525,3.525,4.995,74.322,6.251,54.571,100.622,65.996,69.12,17.728104,-6660152.49,124.96,AAA,1321.956,68.009,1567.004
2021-07,TH,Thailand,1.438,1.438,0.1,0.1,3.42,69.648,7.053,49.742,97.28,60.648,63.104,36.552663,17951723.78,32.413,A,1268.478,68.009,1567.004
2021-07,PL,Poland,1.559,1.559,5.011,5.011,5.58,74.783,6.949,50.597,97.712,61.34,63.882,4.069077,60149433.23,43.389,A,1275.397,68.009,1567.004
2021-07,TR,Turkey,1.82,1.82,52.262,52.262,27.135,69.334,6.726,51.598,98.641,62.826,65.554,27.611912,23539640.67,86.892,BBB,1290.259,68.009,1567.004
2021-07,ZA,South Africa,0.808,0.808,4.863,4.863,5.535,59.842,7.593,46.138,95.027,57.044,59.049,19.063814,561512.97,73.815,A,1232.436,68.009,1567.004
2021-07,AU,Australia,2.647,2.647,2.371,2.371,4.59,80.893,6.017,56.234,101.595,67.553,70.872,1.546142,47064695.15,46.055,BB,1337.528,68.009,1567.004
2021-07,CA,Canada,2.512,2.512,2.48,2.48,4.635,82.64,6.133,55.66,101.114,66.783,70.006,1.383106,26753622.54,40.88,AA,1329.831,68.009,1567.004
2021-08,IN,India,3.396,3.396,4.517,4.517,5.195,80.333,5.374,59.882,104.273,71.837,75.691,85.926554,69467078.76,109.176,AAA,1384.368,69.085,1564.224
2021-08,CN,China,3.558,3.558,0.834,0.834,3.71,98.225,5.236,61.539,104.849,72.759,76.729,7.341994,54385489.46,74.525,AAA,1393.591,69.085,1564.224
2021-08,US,United States,3.585,3.585,2.736,2.736,4.43,91.047,5.213,61.326,104.947,72.915,76.904,1.004876,47184256.17,32.484,AA,1395.149,69.085,1564.224
2021-08,DE,Germany,3.463,3.463,2.006,2.006,4.025,94.905,5.317,60.915,104.511,72.217,76.12,0.931962,46976514.49,60.702,BB,1388.174,69.085,1564.224
2021-08,JP,Japan,3.517,3.517,1.656,1.656,3.935,92.963,5.271,61.085,104.704,72.526,76.467,151.787019,-3544854.23,59.288,BBB,1391.258,69.085,1564.224
2021-08,VN,Vietnam,1.968,1.968,2.23,2.23,4.25,71.583,6.599,52.441,99.172,63.675,66.51,24936.484313,32791146.02,94.719,A,1302.752,69.085,1564.224
2021-08,BR,Brazil,3.019,3.019,3.502,3.502,4.835,69.392,5.698,57.494,102.925,69.679,73.264,5.061892,7525076.26,108.378,AA,1362.793,69.085,1564.224
2021-08,KR,South Korea,2.901,2.901,3.09,3.09,4.385,90.561,5.799,57.957,102.505,69.008,72.509,1357.814992,11304385.52,30.768,A,1356.082,69.085,1564.224
2021-08,MX,Mexico,2.235,2.235,3.768,3.768,4.88,74.064,6.37,53.873,100.124,65.198,68.223,17.523953,78292871.01,105.159,BBB,1317.982,69.085,1564.224
2021-08,TH,Thailand,1.325,1.325,0.405,0.405,3.305,69.447,7.15,49.175,96.875,59.999,62.374,36.399528,36088904.06,127.538,A,1265.994,69.085,1564.224
2021-08,PL,Poland,1.438,1.438,4.772,4.772,5.465,74.553,7.053,49.992,97.28,60.648,63.104,4.062612,31509357.33,109.698,A,1272.478,69.085,1564.224
2021-08,TR,Turkey,1.687,1.687,52.325,52.325,27.02,69.102,6.84,50.935,98.168,62.068,64.702,27.665124,75657713.57,98.316,A,1286.682,69.085,1564.224
2021-08,ZA,South Africa,0.829,0.829,5.224,5.224,5.42,59.875,7.575,46.246,95.104,57.167,59.187,18.9533,56800487.94,108.228,A,1237.666,69.085,1564.224
2021-08,AU,Australia,2.512,2.512,2.753,2.753,4.475,80.624,6.133,55.56,101.114,66.783,70.006,1.551761,-23518.56,64.249,AAA,1333.831,69.085,1564.224
2021-08,CA,Canada,2.374,2.374,3.074,3.074,4.52,82.357,6.251,54.971,100.622,65.996,69.12,1.371942,12385179.92,92.074,BB,1325.956,69.085,1564.224
2021-09,IN,India,3.318,3.318,4.445,4.445,5.086,80.18,5.442,59.489,103.992,71.388,75.186,85.806476,-3709357.62,31.383,BBB,1383.879,70.044,1560.848
2021-09,CN,China,3.517,3.517,1.328,1.328,3.601,98.128,5.271,61.335,104.704,72.526,76.467,7.205612,-2182271.22,96.542,BB,1395.258,70.044,1560.848
2021-09,US,United States,3.558,3.558,2.64,2.64,4.321,90.987,5.236,61.189,104.849,72.759,76.729,1.009693,-8269941.33,109.812,AA,1397.591,70.044,1560.848
2021-09,DE,Germany,3.396,3.396,1.563,1.563,3.916,94.752,5.374,60.582,104.273,71.837,75.691,0.941085,11780723.87,127.188,BBB,1388.368,70.044,1560.848
2021-09,JP,Japan,3.463,3.463,1.0,1.0,3.826,92.842,5.317,60.815,104.511,72.217,76.12,153.795294,33837796.85,128.124,AAA,1392.174,70.044,1560.848
2021-09,VN,Vietnam,2.107,2.107,2.714,2.714,4.141,71.833,6.48,53.136,99.668,64.469,67.403,25135.145331,2181785.84,36.189,A,1314.694,70.044,1560.848
2021-09,BR,Brazil,2.901,2.901,3.463,3.463,4.726,69.192,5.799,56.907,102.505,69.008,72.509,5.08021,19469806.28,114.65,BBB,1360.082,70.044,1560.848
2021-09,KR,South Korea,2.777,2.777,2.818,2.818,4.276,90.284,5.905,57.335,102.061,68.297,71.709,1363.64794,57049715.36,78.673,BBB,1352.969,70.044,1560.848
2021-09,MX,Mexico,2.095,2.095,3.873,3.873,4.771,73.805,6.49,53.174,99.624,64.399,67.324,17.332873,22981215.09,61.522,AAA,1313.988,70.044,1560.848
2021-09,TH,Thailand,1.22,1.22,0.1,0.1,3.196,69.261,7.24,48.651,96.501,59.401,61.701,35.954582,3365482.11,57.406,BBB,1264.01,70.044,1560.848
2021-09,PL,Poland,1.325,1.325,5.175,5.175,5.356,74.337,7.15,49.425,96.875,59.999,62.374,4.069973,68738425.17,128.837,BB,1269.994,70.044,1560.848
2021-09,TR,Turkey,1.559,1.559,52.911,52.911,26.911,68.879,6.949,50.297,97.712,61.34,63.882,27.68334,21776175.62,90.705,BBB,1283.397,70.044,1560.848
2021-09,ZA,South Africa,0.864,0.864,4.866,4.866,5.311,59.93,7.545,46.422,95.23,57.368,59.414,18.85612,58598704.71,65.643,BB,1243.678,70.044,1560.848
2021-09,AU,Australia,2.374,2.374,2.482,2.482,4.366,80.348,6.251,54.871,100.622,65.996,69.12,1.561884,60408403.82,58.124,AA,1329.956,70.044,1560.848
2021-09,CA,Canada,2.235,2.235,2.871,2.871,4.411,82.071,6.37,54.273,100.124,65.198,68.223,1.403545,23047629.02,112.949,BB,1321.982,70.044,1560.848
2021-10,IN,India,3.228,3.228,4.625,4.625,4.986,80.005,5.519,59.041,103.672,70.875,74.61,85.022332,32390599.54,127.169,BB,1382.752,70.879,1556.969
2021-10,CN,China,3.463,3.463,0.966,0.966,3.501,98.0,5.317,61.065,104.511,72.217,76.12,7.207815,32635045.75,27.719,BB,1396.174,70.879,1556.969
2021-10,US,United States,3.517,3.517,2.97,2.97,4.221,90.897,5.271,60.985,104.704,72.526,76.467,1.030286,-1824735.81,103.614,BB,1399.258,70.879,1556.969
2021-10,DE,Germany,3.318,3.318,2.318,2.318,3.816,94.571,5.442,60.189,103.992,71.388,75.186,0.940691,-2046560.12,67.606,AA,1387.879,70.879,1556.969
2021-10,JP,Japan,3.396,3.396,1.82,1.82,3.726,92.692,5.374,60.482,104.273,71.837,75.691,151.85332,31436019.46,56.113,A,1392.368,70.879,1556.969
2021-10,VN,Vietnam,2.247,2.247,2.582,2.582,4.041,72.085,6.36,53.835,100.168,65.269,68.303,25143.296403,-3978518.66,69.074,BB,1326.69,70.879,1556.969
2021-10,BR,Brazil,2.777,2.777,3.874,3.874,4.626,68.981,5.905,56.285,102.061,68.297,71.709,5.03783,75592898.34,62.658,AA,1356.969,70.879,1556.969
2021-10,KR,South Korea,2.647,2.647,2.64,2.64,4.176,89.994,6.017,56.684,101.595,67.553,70.872,1338.419282,64684634.27,80.684,AA,1349.528,70.879,1556.969
2021-10,MX,Mexico,1.956,1.956,3.848,3.848,4.671,73.548,6.609,52.48,99.128,63.605,66.431,17.618213,45829655.36,29.805,A,1310.054,70.879,1556.969
2021-10,TH,Thailand,1.125,1.125,0.192,0.192,3.096,69.092,7.321,48.176,96.162,58.859,61.091,36.255835,-4014493.14,110.34,A,1262.585,70.879,1556.969
2021-10,PL,Poland,1.22,1.22,5.07,5.07,5.256,74.138,7.24,48.901,96.501,59.401,61.701,4.076428,61375349.93,105.185,AA,1268.01,70.879,1556.969
2021-10,TR,Turkey,1.438,1.438,53.001,53.001,26.811,68.667,7.053,49.692,97.28,60.648,63.104,27.304164,48214769.5,54.831,A,1280.478,70.879,1556.969
2021-10,ZA,South Africa,0.913,0.913,5.125,5.125,5.211,60.005,7.503,46.665,95.403,57.645,59.726,18.78347,53917963.27,54.022,A,1250.454,70.879,1556.969
2021-10,AU,Australia,2.235,2.235,2.918,2.918,4.266,80.069,6.37,54.173,100.124,65.198,68.223,1.554034,38024339.15,81.314,BB,1325.982,70.879,1556.969
2021-10,CA,Canada,2.095,2.095,2.994,2.994,4.311,81.784,6.49,53.574,99.624,64.399,67.324,1.383174,36622144.41,101.375,A,1317.988,70.879,1556.969
2021-11,IN,India,3.128,3.128,4.542,4.542,4.895,79.81,5.604,58.541,103.315,70.304,73.967,84.541266,8730886.82,35.941,AAA,1381.038,71.583,1552.684
2021-11,CN,China,3.396,3.396,1.546,1.546,3.41,97.842,5.374,60.732,104.273,71.837,75.691,7.297991,-11813485.36,56.228,BB,1396.368,71.583,1552.684
2021-11,US,United States,3.463,3.463,2.598,2.598,4.13,90.779,5.317,60.715,104.511,72.217,76.12,1.013423,-17489603.29,35.647,BB,1400.174,71.583,1552.684
2021-11,DE,Germany,3.228,3.228,1.889,1.889,3.725,94.365,5.519,59.741,103.672,70.875,74.61,0.934549,21765724.25,95.932,BB,1386.752,71.583,1552.684
2021-11,JP,Japan,3.318,3.318,1.447,1.447,3.635,92.515,5.442,60.089,103.992,71.388,75.186,150.524828,51341804.24,127.583,BBB,1391.879,71.583,1552.684
2021-11,VN,Vietnam,2.387,2.387,2.389,2.389,3.95,72.336,6.24,54.533,100.666,66.066,69.199,25413.429791,7271592.75,104.178,AAA,1338.659,71.583,1552.684
2021-11,BR,Brazil,2.647,2.647,3.988,3.988,4.535,68.759,6.017,55.634,101.595,67.553,70.872,5.056649,26293594.94,78.219,AA,1353.528,71.583,1552.684
2021-11,KR,South Korea,2.512,2.512,2.876,2.876,4.085,89.694,6.133,56.01,101.114,66.783,70.006,1353.808596,-2389031.29,54.591,BB,1345.831,71.583,1552.684
2021-11,MX,Mexico,1.82,1.82,3.666,3.666,4.58,73.296,6.726,51.798,98.641,62.826,65.554,17.426496,69619863.19,105.006,AAA,1306.259,71.583,1552.684
2021-11,TH,Thailand,1.041,1.041,0.35,0.35,3.005,68.943,7.393,47.755,95.861,58.377,60.55,35.94955,42781948.85,41.37,BB,1261.774,71.583,1552.684
2021-11,PL,Poland,1.125,1.125,5.268,5.268,5.165,73.958,7.321,48.426,96.162,58.859,61.091,4.099827,68843315.38,98.026,BBB,1266.585,71.583,1552.684
2021-11,TR,Turkey,1.325,1.325,53.15,53.15,26.72,68.469,7.15,49.125,96.875,59.999,62.374,27.327947,64166332.84,94.402,A,1277.994,71.583,1552.684
2021-11,ZA,South Africa,0.974,0.974,4.941,4.941,5.12,60.1,7.451,46.972,95.623,57.996,60.121,18.97094,3969776.28,112.153,AA,1257.964,71.583,1552.684
2021-11,AU,Australia,2.095,2.095,3.46,3.46,4.175,79.79,6.49,53.474,99.624,64.399,67.324,1.550347,-16847277.84,70.344,BBB,1321.988,71.583,1552.684
2021-11,CA,Canada,1.956,1.956,3.027,3.027,4.22,81.5,6.609,52.88,99.128,63.605,66.431,1.37702,-14217440.22,29.972,AAA,1314.054,71.583,1552.684
2021-12,IN,India,3.019,3.019,4.809,4.809,4.816,79.597,5.698,57.994,102.925,69.679,73.264,83.877171,19031365.16,120.036,AAA,1378.793,72.15,1548.094
2021-12,CN,China,3.318,3.318,1.069,1.069,3.331,97.655,5.442,60.339,103.992,71.388,75.186,7.091937,69223873.08,129.787,BBB,1395.879,72.15,1548.094
2021-12,US,United States,3.396,3.396,2.814,2.814,4.051,90.632,5.374,60.382,104.273,71.837,75.691,1.023547,6303778.71,49.82,BB,1400.368,72.15,1548.094
2021-12,DE,Germany,3.128,3.128,2.123,2.123,3.646,94.135,5.604,59.241,103.315,70.304,73.967,0.945429,8599296.07,67.915,A,1385.038,72.15,1548.094
2021-12,JP,Japan,3.228,3.228,1.987,1.987,3.556,92.313,5.519,59.641,103.672,70.875,74.61,151.789532,51933048.07,112.262,A,1390.752,72.15,1548.094
2021-12,VN,Vietnam,2.524,2.524,3.144,3.144,3.871,72.583,6.122,55.221,101.158,66.852,70.084,24917.813457,69959539.18,58.779,A,1350.521,72.15,1548.094
2021-12,BR,Brazil,2.512,2.512,3.578,3.578,4.456,68.53,6.133,54.96,101.114,66.783,70.006,5.041917,67717022.65,110.308,AA,1349.831,72.15,1548.094
2021-12,KR,South Korea,2.374,2.374,2.636,2.636,4.006,89.388,6.251,55.321,100.622,65.996,69.12,1353.59554,32685729.96,74.117,BBB,1341.956,72.15,1548.094
2021-12,MX,Mexico,1.687,1.687,3.982,3.982,4.501,73.051,6.84,51.135,98.168,62.068,64.702,17.424423,-14045020.57,105.412,BBB,1302.682,72.15,1548.094
2021-12,TH,Thailand,0.968,0.968,0.414,0.414,2.926,68.814,7.456,47.392,95.602,57.962,60.083,35.651698,13518796.77,116.979,BB,1261.624,72.15,1548.094
2021-12,PL,Poland,1.041,1.041,5.08,5.08,5.086,73.798,7.393,48.005,95.861,58.377,60.55,4.019247,17448813.55,38.308,BBB,1265.774,72.15,1548.094
2021-12,TR,Turkey,1.22,1.22,52.924,52.924,26.641,68.285,7.24,48.601,96.501,59.401,61.701,27.638006,-16295161.75,33.23,AA,1276.01,72.15,1548.094
2021-12,ZA,South Africa,1.048,1.048,5.17,5.17,5.041,60.214,7.387,47.34,95.886,58.417,60.595,18.953494,14813287.35,35.237,AA,1266.174,72.15,1548.094
2021-12,AU,Australia,1.956,1.956,2.703,2.703,4.096,79.512,6.609,52.78,99.128,63.605,66.431,1.541801,65790236.51,58.026,BB,1318.054,72.15,1548.094
2021-12,CA,Canada,1.82,1.82,2.936,2.936,4.141,81.22,6.726,52.198,98.641,62.826,65.554,1.379891,50856931.29,40.879,BB,1310.259,72.15,1548.094
2022-01,IN,India,2.901,2.901,5.133,5.133,4.75,79.368,5.799,57.407,102.505,69.008,72.509,84.036102,43822389.08,59.691,BB,1376.082,97.575,1543.305
2022-01,CN,China,3.228,3.228,1.53,1.53,3.265,97.442,5.519,59.891,103.672,70.875,74.61,7.18576,27933586.6,87.412,AAA,1394.752,97.575,1543.305
2022-01,US,United States,3.318,3.318,2.803,2.803,3.985,90.459,5.442,59.989,103.992,71.388,75.186,1.004508,-8745369.93,37.368,AA,1399.879,97.575,1543.305
2022-01,DE,Germany,3.019,3.019,2.204,2.204,3.58,93.883,5.698,58.694,102.925,69.679,73.264,0.924151,56349633.3,34.308,BB,1382.793,97.575,1543.305
2022-01,JP,Japan,3.128,3.128,2.232,2.232,3.49,92.088,5.604,59.141,103.315,70.304,73.967,150.038177,63178901.24,52.632,AA,1389.038,97.575,1543.305
2022-01,VN,Vietnam,2.658,2.658,2.684,2.684,3.805,72.825,6.007,55.892,101.637,67.62,70.947,24560.361083,79498259.81,97.382,AAA,1362.198,97.575,1543.305
2022-01,BR,Brazil,2.374,2.374,4.215,4.215,4.39,68.296,6.251,54.271,100.622,65.996,69.12,5.013079,-14993908.48,96.8,AA,1345.956,97.575,1543.305
2022-01,KR,South Korea,2.235,2.235,3.327,3.327,3.94,89.077,6.37,54.623,100.124,65.198,68.223,1338.58679,-14053223.0,67.164,AAA,1337.982,97.575,1543.305
2022-01,MX,Mexico,1.559,1.559,4.323,4.323,4.435,72.815,6.949,50.497,97.712,61.34,63.882,17.365173,67480131.91,83.118,AA,1299.397,97.575,1543.305
2022-01,TH,Thailand,0.908,0.908,0.617,0.617,2.86,68.707,7.507,47.091,95.386,57.618,59.695,36.263187,30117234.25,65.339,BB,1262.178,97.575,1543.305
2022-01,PL,Poland,0.968,0.968,5.364,5.364,5.02,73.66,7.456,47.642,95.602,57.962,60.083,4.011584,13482427.27,48.751,BB,1265.624,97.575,1543.305
2022-01,TR,Turkey,1.125,1.125,53.175,53.175,26.575,68.119,7.321,48.126,96.162,58.859,61.091,27.110159,24505016.66,70.058,A,1274.585,97.575,1543.305
2022-01,ZA,South Africa,1.133,1.133,5.371,5.371,4.975,60.346,7.314,47.766,96.19,58.904,61.142,18.527003,74418445.67,103.793,A,1275.041,97.575,1543.305
2022-01,AU,Australia,1.82,1.82,3.515,3.515,4.03,79.239,6.726,52.098,98.641,62.826,65.554,1.550177,-16393480.52,97.749,BBB,1314.259,97.575,1543.305
2022-01,CA,Canada,1.687,1.687,3.042,3.042,4.075,80.948,6.84,51.535,98.168,62.068,64.702,1.359343,11709289.45,88.316,A,1306.682,97.575,1543.305
2022-02,IN,India,2.777,2.777,5.173,5.173,4.698,79.125,5.905,56.785,102.061,68.297,71.709,85.295882,29758701.03,95.244,BB,1372.969,97.856,1538.427
2022-02,CN,China,3.128,3.128,1.271,1.271,3.213,97.204,5.604,59.391,103.315,70.304,73.967,7.192878,-9083034.59,48.642,AA,1393.038,97.856,1538.427
2022-02,US,United States,3.228,3.228,3.947,3.947,3.933,90.262,5.519,59.541,103.672,70.875,74.61,1.018838,-14009998.63,57.067,BBB,1398.752,97.856,1538.427
2022-02,DE,Germany,2.901,2.901,1.983,1.983,3.528,93.613,5.799,58.107,102.505,69.008,72.509,0.935145,-17886088.05,80.331,BB,1380.082,97.856,1538.427
2022-02,JP,Japan,3.019,3.019,2.465,2.465,3.438,91.842,5.698,58.594,102.925,69.679,73.264,149.595539,44435056.81,105.634,BB,1386.793,97.856,1538.427
2022-02,VN,Vietnam,2.788,2.788,2.57,2.57,3.753,73.059,5.896,56.541,102.101,68.361,71.782,24877.674008,33206491.81,41.098,AAA,1373.613,97.856,1538.427
2022-02,BR,Brazil,2.235,2.235,3.811,3.811,4.338,68.059,6.37,53.573,100.124,65.198,68.223,4.975455,28057604.39,70.077,BBB,1341.982,97.856,1538.427
2022-02,KR,South Korea,2.095,2.095,3.098,3.098,3.888,88.766,6.49,53.924,99.624,64.399,67.324,1324.016934,20277919.02,34.867,A,1333.988,97.856,1538.427
2022-02,MX,Mexico,1.438,1.438,4.528,4.528,4.383,72.591,7.053,49.892,97.28,60.648,63.104,17.408986,28338181.53,93.665,AA,1296.478,97.856,1538.427
2022-02,TH,Thailand,0.861,0.861,0.938,0.938,2.808,68.623,7.548,46.854,95.217,57.347,59.39,36.053791,46099904.36,83.078,A,1263.469,97.856,1538.427
2022-02,PL,Poland,0.908,0.908,5.697,5.697,4.968,73.545,7.507,47.341,95.386,57.618,59.695,4.103964,-14426016.63,119.213,AAA,1266.178,97.856,1538.427
2022-02,TR,Turkey,1.041,1.041,53.52,53.52,26.523,67.972,7.393,47.705,95.861,58.377,60.55,27.505378,35743292.56,40.293,AAA,1273.774,97.856,1538.427
2022-02,ZA,South Africa,1.229,1.229,5.217,5.217,4.923,60.495,7.232,48.245,96.532,59.452,61.758,18.690554,-2544872.63,101.303,A,1284.518,97.856,1538.427
2022-02,AU,Australia,1.687,1.687,3.073,3.073,3.978,78.974,6.84,51.435,98.168,62.068,64.702,1.533974,78350852.12,70.982,AAA,1310.682,97.856,1538.427
2022-02,CA,Canada,1.559,1.559,3.694,3.694,4.023,80.687,6.949,50.897,97.712,61.34,63.882,1.349679,-17804631.38,119.164,AA,1303.397,97.856,1538.427
2022-03,IN,India,2.647,2.647,5.199,5.199,4.66,78.871,6.017,56.134,101.595,67.553,70.872,83.858539,52238365.37,83.036,BB,1369.528,97.988,1533.568
2022-03,CN,China,3.019,3.019,1.79,1.79,3.175,96.945,5.698,58.844,102.925,69.679,73.264,7.24887,79617703.89,111.23,A,1390.793,97.988,1533.568
2022-03,US,United States,3.128,3.128,3.775,3.775,3.895,90.042,5.604,59.041,103.315,70.304,73.967,1.015518,78183905.13,98.37,BB,1397.038,97.988,1533.568
2022-03,DE,Germany,2.777,2.777,2.354,2.354,3.49,93.327,5.905,57.485,102.061,68.297,71.709,0.934662,57945673.59,72.93,AAA,1376.969,97.988,1533.568
2022-03,JP,Japan,2.901,2.901,1.903,1.903,3.4,91.578,5.799,58.007,102.505,69.008,72.509,151.436178,34311287.8,66.029,BBB,1384.082,97.988,1533.568
2022-03,VN,Vietnam,2.912,2.912,3.169,3.169,3.715,73.282,5.79,57.161,102.543,69.069,72.578,24699.902245,14237714.65,80.857,AA,1384.693,97.988,1533.568
2022-03,BR,Brazil,2.095,2.095,4.368,4.368,4.3,67.821,6.49,52.874,99.624,64.399,67.324,4.940347,71390728.0,105.317,BBB,1337.988,97.988,1533.568
2022-03,KR,South Korea,1.956,1.956,3.288,3.288,3.85,88.457,6.609,53.23,99.128,63.605,66.431,1334.595954,60926526.13,64.606,BBB,1330.054,97.988,1533.568
2022-03,MX,Mexico,1.325,1.325,4.348,4.348,4.345,72.381,7.15,49.325,96.875,59.999,62.374,17.337674,17238014.34,91.28,AAA,1293.994,97.988,1533.568
2022-03,TH,Thailand,0.827,0.827,0.959,0.959,2.77,68.562,7.577,46.683,95.095,57.153,59.172,35.688185,32137198.66,78.088,BB,1265.525,97.988,1533.568
2022-03,PL,Poland,0.861,0.861,5.357,5.357,4.93,73.455,7.548,47.104,95.217,57.347,59.39,4.03275,12370825.0,55.397,BB,1267.469,97.988,1533.568
2022-03,TR,Turkey,0.968,0.968,54.092,54.092,26.485,67.845,7.456,47.342,95.602,57.962,60.083,27.067581,-15807330.17,57.336,AA,1273.624,97.988,1533.568
2022-03,ZA,South Africa,1.335,1.335,5.417,5.417,4.885,60.659,7.142,48.773,96.909,60.055,62.437,18.619394,18468036.46,29.0,AAA,1294.549,97.988,1533.568
2022-03,AU,Australia,1.559,1.559,3.511,3.511,3.94,78.719,6.949,50.797,97.712,61.34,63.882,1.536042,55401362.71,63.504,BBB,1307.397,97.988,1533.568
2022-03,CA,Canada,1.438,1.438,3.337,3.337,3.985,80.439,7.053,50.292,97.28,60.648,63.104,1.360982,79764880.05,58.7,BB,1300.478,97.988,1533.568
2022-04,IN,India,2.512,2.512,4.983,4.983,4.637,78.608,6.133,55.46,101.114,66.783,70.006,83.874599,74992540.18,44.115,AA,1365.831,97.973,1528.837
2022-04,CN,China,2.901,2.901,1.884,1.884,3.152,96.666,5.799,58.257,102.505,69.008,72.509,7.148272,51574435.8,44.898,A,1388.082,97.973,1528.837
2022-04,US,United States,3.019,3.019,3.278,3.278,3.872,89.802,5.698,58.494,102.925,69.679,73.264,1.0053,2817518.65,118.69,A,1394.793,97.973,1528.837
2022-04,DE,Germany,2.647,2.647,2.654,2.654,3.467,93.027,6.017,56.834,101.595,67.553,70.872,0.922397,50073892.25,66.353,BBB,1373.528,97.973,1528.837
2022-04,JP,Japan,2.777,2.777,2.009,2.009,3.377,91.298,5.905,57.385,102.061,68.297,71.709,150.514634,20707746.56,61.767,AAA,1380.969,97.973,1528.837
2022-04,VN,Vietnam,3.029,3.029,3.189,3.189,3.692,73.492,5.69,57.745,102.96,69.737,73.329,24750.249791,75565499.75,27.559,BB,1395.366,97.973,1528.837
2022-04,BR,Brazil,1.956,1.956,4.977,4.977,4.277,67.585,6.609,52.18,99.128,63.605,66.431,4.952294,41979354.39,69.499,BBB,1334.054,97.973,1528.837
2022-04,KR,South Korea,1.82,1.82,3.419,3.419,3.827,88.153,6.726,52.548,98.641,62.826,65.554,1345.756331,41932476.75,80.553,BB,1326.259,97.973,1528.837
2022-04,MX,Mexico,1.22,1.22,4.611,4.611,4.322,72.187,7.24,48.801,96.501,59.401,61.701,17.228578,17196718.75,33.957,AAA,1292.01,97.973,1528.837
2022-04,TH,Thailand,0.806,0.806,1.05,1.05,2.747,68.526,7.595,46.582,95.023,57.037,59.041,35.651372,56491599.05,124.877,BB,1268.365,97.973,1528.837
2022-04,PL,Poland,0.827,0.827,6.273,6.273,4.907,73.391,7.577,46.933,95.095,57.153,59.172,4.026056,-2837693.66,39.663,BBB,1269.525,97.973,1528.837
2022-04,TR,Turkey,0.908,0.908,53.916,53.916,26.462,67.739,7.507,47.041,95.386,57.618,59.695,26.966289,58359865.2,45.954,AA,1274.178,97.973,1528.837
2022-04,ZA,South Africa,1.449,1.449,5.661,5.661,4.862,60.836,7.044,49.344,97.317,60.707,63.171,18.78471,72791972.78,68.069,BBB,1305.074,97.973,1528.837
2022-04,AU,Australia,1.438,1.438,4.045,4.045,3.917,78.477,7.053,50.192,97.28,60.648,63.104,1.53151,-5889942.3,50.583,BB,1304.478,97.973,1528.837
2022-04,CA,Canada,1.325,1.325,3.455,3.455,3.962,80.206,7.15,49.725,96.875,59.999,62.374,1.352018,15809899.56,80.653,AA,1297.994,97.973,1528.837
2022-05,IN,India,2.374,2.374,5.834,5.834,4.63,78.34,6.251,54.771,100.622,65.996,69.12,82.950408,27533377.35,90.213,AA,1361.956,97.808,1524.343
2022-05,CN,China,2.777,2.777,2.237,2.237,3.145,96.37,5.905,57.635,102.061,68.297,71.709,7.184095,75443095.88,103.255,BBB,1384.969,97.808,1524.343
2022-05,US,United States,2.901,2.901,3.722,3.722,3.865,89.543,5.799,57.907,102.505,69.008,72.509,0.998162,-15309781.2,101.304,AA,1392.082,97.808,1524.343
2022-05,DE,Germany,2.512,2.512,2.693,2.693,3.46,92.718,6.133,56.16,101.114,66.783,70.006,0.907592,30019911.48,128.355,BB,1369.831,97.808,1524.343
2022-05,JP,Japan,2.647,2.647,2.327,2.327,3.37,91.005,6.017,56.734,101.595,67.553,70.872,149.008881,59254022.97,127.211,AA,1377.528,97.808,1524.343
2022-05,VN,Vietnam,3.137,3.137,3.199,3.199,3.685,73.687,5.597,58.287,103.348,70.357,74.026,24871.665925,67298135.31,96.678,A,1405.566,97.808,1524.343
2022-05,BR,Brazil,1.82,1.82,4.52,4.52,4.27,67.353,6.726,51.498,98.641,62.826,65.554,5.013154,22806880.98,51.288,BBB,1330.259,97.808,1524.343
2022-05,KR,South Korea,1.687,1.687,3.829,3.829,3.82,87.858,6.84,51.885,98.168,62.068,64.702,1346.477176,9128894.55,87.258,BBB,1322.682,97.808,1524.343
2022-05,MX,Mexico,1.125,1.125,4.49,4.49,4.315,72.012,7.321,48.326,96.162,58.859,61.091,17.242412,-6977311.27,47.534,AAA,1290.585,97.808,1524.343
2022-05,TH,Thailand,0.8,0.8,1.368,1.368,2.74,68.515,7.6,46.55,95.0,57.0,59.0,35.774444,59004004.52,30.711,AAA,1272.001,97.808,1524.343
2022-05,PL,Poland,0.806,0.806,5.626,5.626,4.9,73.352,7.595,46.832,95.023,57.037,59.041,3.992946,48780835.61,103.579,BBB,1272.365,97.808,1524.343
2022-05,TR,Turkey,0.861,0.861,53.675,53.675,26.455,67.656,7.548,46.804,95.217,57.347,59.39,27.10967,-1990086.05,25.426,AA,1275.469,97.808,1524.343
2022-05,ZA,South Africa,1.57,1.57,5.935,5.935,4.855,61.024,6.94,49.952,97.752,61.403,63.953,18.567655,58013121.45,25.967,BBB,1316.028,97.808,1524.343
2022-05,AU,Australia,1.325,1.325,3.875,3.875,3.91,78.25,7.15,49.625,96.875,59.999,62.374,1.51051,42267415.04,94.025,A,1301.994,97.808,1524.343
2022-05,CA,Canada,1.22,1.22,3.804,3.804,3.955,79.991,7.24,49.201,96.501,59.401,61.701,1.348155,54024666.24,110.527,BBB,1296.01,97.808,1524.343
2022-06,IN,India,2.235,2.235,5.345,5.345,4.638,78.068,6.37,54.073,100.124,65.198,68.223,83.320178,74439268.01,59.856,BBB,1357.982,97.497,1520.19
2022-06,CN,China,2.647,2.647,2.794,2.794,3.153,96.061,6.017,56.984,101.595,67.553,70.872,7.122009,72015267.38,35.829,AA,1381.528,97.497,1520.19
2022-06,US,United States,2.777,2.777,4.376,4.376,3.873,89.269,5.905,57.285,102.061,68.297,71.709,1.012263,24873157.29,35.603,BB,1388.969,97.497,1520.19
2022-06,DE,Germany,2.374,2.374,3.021,3.021,3.468,92.401,6.251,55.471,100.622,65.996,69.12,0.922075,32056797.8,50.646,A,1365.956,97.497,1520.19
2022-06,JP,Japan,2.512,2.512,2.516,2.516,3.378,90.702,6.133,56.06,101.114,66.783,70.006,149.787088,35981136.78,83.44,BBB,1373.831,97.497,1520.19
2022-06,VN,Vietnam,3.237,3.237,3.45,3.45,3.693,73.866,5.512,58.783,103.702,70.923,74.663,24820.333332,47889086.38,95.955,AA,1415.23,97.497,1520.19
2022-06,BR,Brazil,1.687,1.687,4.527,4.527,4.278,67.128,6.84,50.835,98.168,62.068,64.702,4.96343,45159176.17,80.732,BBB,1326.682,97.497,1520.19
2022-06,KR,South Korea,1.559,1.559,3.838,3.838,3.828,87.575,6.949,51.247,97.712,61.34,63.882,1331.585107,52721405.66,64.281,BB,1319.397,97.497,1520.19
2022-06,MX,Mexico,1.041,1.041,5.058,5.058,4.323,71.856,7.393,47.905,95.861,58.377,60.55,16.897301,10015595.2,97.49,BB,1289.774,97.497,1520.19
2022-06,TH,Thailand,0.808,0.808,1.338,1.338,2.748,68.529,7.593,46.588,95.027,57.044,59.049,35.055814,5623500.27,36.547,AAA,1276.436,97.497,1520.19
2022-06,PL,Poland,0.8,0.8,6.166,6.166,4.908,73.34,7.6,46.8,95.0,57.0,59.0,4.0531,53897530.89,25.365,BB,1276.001,97.497,1520.19
2022-06,TR,Turkey,0.827,0.827,54.158,54.158,26.463,67.597,7.577,46.633,95.095,57.153,59.172,26.883013,26533755.14,85.517,AAA,1277.525,97.497,1520.19
2022-06,ZA,South Africa,1.698,1.698,5.883,5.883,4.863,61.223,6.83,50.592,98.209,62.134,64.776,18.161838,21018382.52,83.374,AA,1327.342,97.497,1520.19
2022-06,AU,Australia,1.22,1.22,4.068,4.068,3.918,78.04,7.24,49.101,96.501,59.401,61.701,1.535853,23297604.67,29.704,AAA,1300.01,97.497,1520.19
2022-06,CA,Canada,1.125,1.125,3.915,3.915,3.963,79.797,7.321,48.726,96.162,58.859,61.091,1.331006,55221202.6,28.26,A,1294.585,97.497,1520.19
2022-07,IN,India,2.095,2.095,6.086,6.086,4.662,77.795,6.49,53.374,99.624,64.399,67.324,82.647419,5240654.18,33.798,BBB,1353.988,97.041,1516.478
2022-07,CN,China,2.512,2.512,2.564,2.564,3.177,95.741,6.133,56.31,101.114,66.783,70.006,7.149243,-11996869.57,98.107,AA,1377.831,97.041,1516.478
2022-07,US,United States,2.647,2.647,3.702,3.702,3.897,88.983,6.017,56.634,101.595,67.553,70.872,1.006711,-17721065.84,48.812,A,1385.528,97.041,1516.478
2022-07,DE,Germany,2.235,2.235,3.368,3.368,3.492,92.08,6.37,54.773,100.124,65.198,68.223,0.926795,68964764.81,128.952,A,1361.982,97.041,1516.478
2022-07,JP,Japan,2.374,2.374,2.106,2.106,3.402,90.392,6.251,55.371,100.622,65.996,69.12,148.147527,53932567.19,25.624,A,1369.956,97.041,1516.478
2022-07,VN,Vietnam,3.325,3.325,3.887,3.887,3.717,74.026,5.435,59.226,104.019,71.43,75.234,24573.955303,48284364.44,29.856,A,1424.303,97.041,1516.478
2022-07,BR,Brazil,1.559,1.559,4.832,4.832,4.302,66.911,6.949,50.197,97.712,61.34,63.882,4.849549,-19876765.28,70.08,BB,1323.397,97.041,1516.478
2022-07,KR,South Korea,1.438,1.438,3.711,3.711,3.852,87.305,7.053,50.642,97.28,60.648,63.104,1313.367448,122857.16,123.202,AA,1316.478,97.041,1516.478
2022-07,MX,Mexico,0.968,0.968,5.055,5.055,4.347,71.722,7.456,47.542,95.602,57.962,60.083,17.069846,9240231.54,59.656,A,1289.624,97.041,1516.478
2022-07,TH,Thailand,0.829,0.829,1.738,1.738,2.772,68.567,7.575,46.696,95.104,57.167,59.187,35.063885,67457992.12,119.591,AA,1281.666,97.041,1516.478
2022-07,PL,Poland,0.808,0.808,6.369,6.369,4.932,73.354,7.593,46.838,95.027,57.044,59.049,3.99924,24666263.87,41.776,A,1280.436,97.041,1516.478
2022-07,TR,Turkey,0.806,0.806,54.121,54.121,26.487,67.561,7.595,46.532,95.023,57.037,59.041,26.935105,6034739.01,37.3,AAA,1280.365,97.041,1516.478
2022-07,ZA,South Africa,1.831,1.831,6.283,6.283,4.887,61.429,6.716,51.257,98.684,62.894,65.631,18.562694,57725857.45,96.223,BBB,1338.941,97.041,1516.478
2022-07,AU,Australia,1.125,1.125,3.677,3.677,3.942,77.85,7.321,48.626,96.162,58.859,61.091,1.539295,79687782.58,71.375,AAA,1298.585,97.041,1516.478
2022-07,CA,Canada,1.041,1.041,4.36,4.36,3.987,79.624,7.393,48.305,95.861,58.377,60.55,1.366208,25567088.27,45.684,BB,1293.774,97.041,1516.478
2022-08,IN,India,1.956,1.956,5.898,5.898,4.701,77.524,6.609,52.68,99.128,63.605,66.431,82.670585,58708141.72,47.965,A,1350.054,96.445,1513.304
2022-08,CN,China,2.374,2.374,2.681,2.681,3.216,95.414,6.251,55.621,100.622,65.996,69.12,7.050985,1557520.31,99.026,AAA,1373.956,96.445,1513.304
2022-08,US,United States,2.512,2.512,4.573,4.573,3.936,88.687,6.133,55.96,101.114,66.783,70.006,1.003392,28850455.85,37.175,AAA,1381.831,96.445,1513.304
2022-08,DE,Germany,2.095,2.095,2.966,2.966,3.531,91.758,6.49,54.074,99.624,64.399,67.324,0.91049,54795202.08,79.416,A,1357.988,96.445,1513.304
2022-08,JP,Japan,2.235,2.235,3.259,3.259,3.441,90.078,6.37,54.673,100.124,65.198,68.223,149.172098,225930.42,28.805,AAA,1365.982,96.445,1513.304
2022-08,VN,Vietnam,3.403,3.403,3.977,3.977,3.756,74.165,5.369,59.614,104.296,71.873,75.732,24278.606491,28146783.98,119.332,BB,1432.733,96.445,1513.304
2022-08,BR,Brazil,1.438,1.438,4.837,4.837,4.341,66.705,7.053,49.592,97.28,60.648,63.104,4.903478,11426356.46,25.952,A,1320.478,96.445,1513.304
2022-08,KR,South Korea,1.325,1.325,4.225,4.225,3.891,87.053,7.15,50.075,96.875,59.999,62.374,1332.43171,75235423.76,96.264,BBB,1313.994,96.445,1513.304
2022-08,MX,Mexico,0.908,0.908,5.066,5.066,4.386,71.61,7.507,47.241,95.386,57.618,59.695,16.85303,36265475.89,52.692,BBB,1290.178,96.445,1513.304
2022-08,TH,Thailand,0.864,0.864,1.39,1.39,2.811,68.629,7.545,46.872,95.23,57.368,59.414,35.002776,-2854238.32,66.13,BB,1287.678,96.445,1513.304
2022-08,PL,Poland,0.829,0.829,6.054,6.054,4.971,73.395,7.575,46.946,95.104,57.167,59.187,3.975692,6223841.89,95.773,AA,1285.666,96.445,1513.304
2022-08,TR,Turkey,0.8,0.8,54.84,54.84,26.526,67.55,7.6,46.5,95.0,57.0,59.0,26.814014,35097636.52,121.698,AAA,1284.001,96.445,1513.304
2022-08,ZA,South Africa,1.968,1.968,6.095,6.095,4.926,61.641,6.599,51.941,99.172,63.675,66.51,18.312671,7161326.81,38.616,AA,1350.752,96.445,1513.304
2022-08,AU,Australia,1.041,1.041,3.728,3.728,3.981,77.682,7.393,48.205,95.861,58.377,60.55,1.505575,-9352924.99,111.942,AA,1297.774,96.445,1513.304
2022-08,CA,Canada,0.968,0.968,4.413,4.413,4.026,79.475,7.456,47.942,95.602,57.962,60.083,1.342394,-8595903.98,47.803,BBB,1293.624,96.445,1513.304
2022-09,IN,India,1.82,1.82,5.949,5.949,4.755,77.258,6.726,51.998,98.641,62.826,65.554,83.052268,-3353898.33,79.695,AA,1346.259,95.712,1510.754
2022-09,CN,China,2.235,2.235,3.017,3.017,3.27,95.082,6.37,54.923,100.124,65.198,68.223,7.021126,67712131.89,43.084,BB,1369.982,95.712,1510.754
2022-09,US,United States,2.374,2.374,4.557,4.557,3.99,88.383,6.251,55.271,100.622,65.996,69.12,0.993761,51741497.93,87.366,BB,1377.956,95.712,1510.754
2022-09,DE,Germany,1.956,1.956,3.61,3.61,3.585,91.439,6.609,53.38,99.128,63.605,66.431,0.920324,2234972.62,124.183,AAA,1354.054,95.712,1510.754
2022-09,JP,Japan,2.095,2.095,2.927,2.927,3.495,89.763,6.49,53.974,99.624,64.399,67.324,147.143604,50119705.55,116.073,BB,1361.988,95.712,1510.754
2022-09,VN,Vietnam,3.468,3.468,4.293,4.293,3.81,74.283,5.313,59.942,104.53,72.248,76.154,24254.326042,-7295804.19,82.12,A,1440.476,95.712,1510.754
2022-09,BR,Brazil,1.325,1.325,5.525,5.525,4.395,66.512,7.15,49.025,96.875,59.999,62.374,4.9223,-18397417.02,78.647,BBB,1317.994,95.712,1510.754
2022-09,KR,South Korea,1.22,1.22,4.345,4.345,3.945,86.82,7.24,49.551,96.501,59.401,61.701,1311.759807,52790192.09,93.574,BBB,1312.01,95.712,1510.754
2022-09,MX,Mexico,0.861,0.861,4.916,4.916,4.44,71.522,7.548,47.004,95.217,57.347,59.39,17.310822,3504362.5,37.535,AA,1291.469,95.712,1510.754
2022-09,TH,Thailand,0.913,0.913,1.333,1.333,2.865,68.715,7.503,47.115,95.403,57.645,59.726,35.362917,-19722848.46,67.586,BB,1294.454,95.712,1510.754
2022-09,PL,Poland,0.864,0.864,6.384,6.384,5.025,73.462,7.545,47.122,95.23,57.368,59.414,3.985319,6495952.33,47.606,AAA,1291.678,95.712,1510.754
2022-09,TR,Turkey,0.808,0.808,54.322,54.322,26.58,67.563,7.593,46.538,95.027,57.044,59.049,26.849426,32656045.92,83.421,BBB,1288.436,95.712,1510.754
2022-09,ZA,South Africa,2.107,2.107,6.324,6.324,4.98,61.856,6.48,52.636,99.668,64.469,67.403,18.569282,-3245460.74,41.001,BB,1362.694,95.712,1510.754
2022-09,AU,Australia,0.968,0.968,4.765,4.765,4.035,77.537,7.456,47.842,95.602,57.962,60.083,1.515312,8409587.01,40.236,BB,1297.624,95.712,1510.754
2022-09,CA,Canada,0.908,0.908,4.281,4.281,4.08,79.352,7.507,47.641,95.386,57.618,59.695,1.336099,76740588.94,72.78,BBB,1294.178,95.712,1510.754
2022-10,IN,India,1.687,1.687,5.602,5.602,4.822,77.0,6.84,51.335,98.168,62.068,64.702,82.95508,35759820.6,119.979,AAA,1342.682,94.85,1508.911
2022-10,CN,China,2.095,2.095,3.402,3.402,3.337,94.75,6.49,54.224,99.624,64.399,67.324,7.004075,50775798.59,32.806,AAA,1365.988,94.85,1508.911
2022-10,US,United States,2.235,2.235,4.503,4.503,4.057,88.076,6.37,54.573,100.124,65.198,68.223,0.971131,73884287.25,35.824,BB,1373.982,94.85,1508.911
2022-10,DE,Germany,1.82,1.82,3.997,3.997,3.652,91.125,6.726,52.698,98.641,62.826,65.554,0.909194,60912437.67,62.177,AA,1350.259,94.85,1508.911
2022-10,JP,Japan,1.956,1.956,3.237,3.237,3.562,89.451,6.609,53.28,99.128,63.605,66.431,145.789375,65713840.48,25.724,BBB,1358.054,94.85,1508.911
2022-10,VN,Vietnam,3.521,3.521,3.752,3.752,3.877,74.378,5.268,60.206,104.718,72.55,76.493,24196.783678,22456310.71,92.681,BBB,1447.496,94.85,1508.911
2022-10,BR,Brazil,1.22,1.22,5.335,5.335,4.462,66.334,7.24,48.501,96.501,59.401,61.701,4.908124,37303116.42,68.083,AAA,1316.01,94.85,1508.911
2022-10,KR,South Korea,1.125,1.125,4.091,4.091,4.012,86.609,7.321,49.076,96.162,58.859,61.091,1305.609095,38784235.75,85.641,A,1310.585,94.85,1508.911
2022-10,MX,Mexico,0.827,0.827,5.546,5.546,4.507,71.459,7.577,46.833,95.095,57.153,59.172,17.108806,27783933.12,45.92,BBB,1293.525,94.85,1508.911
2022-10,TH,Thailand,0.974,0.974,2.422,2.422,2.932,68.825,7.451,47.422,95.623,57.996,60.121,35.187344,71478483.0,36.027,BB,1301.964,94.85,1508.911
2022-10,PL,Poland,0.913,0.913,6.728,6.728,5.092,73.555,7.503,47.365,95.403,57.645,59.726,3.969812,54994010.22,33.599,BBB,1298.454,94.85,1508.911
2022-10,TR,Turkey,0.829,0.829,55.195,55.195,26.647,67.601,7.575,46.646,95.104,57.167,59.187,26.743422,36254465.76,25.774,AAA,1293.666,94.85,1508.911
2022-10,ZA,South Africa,2.247,2.247,6.559,6.559,5.047,62.073,6.36,53.335,100.168,65.269,68.303,18.533968,20695491.0,114.508,BB,1374.69,94.85,1508.911
2022-10,AU,Australia,0.908,0.908,4.683,4.683,4.102,77.416,7.507,47.541,95.386,57.618,59.695,1.521299,64513911.98,58.068,AAA,1298.178,94.85,1508.911
2022-10,CA,Canada,0.861,0.861,4.371,4.371,4.147,79.254,7.548,47.404,95.217,57.347,59.39,1.326254,70584442.42,90.941,BBB,1295.469,94.85,1508.911
2022-11,IN,India,1.559,1.559,6.307,6.307,4.901,76.751,6.949,50.697,97.712,61.34,63.882,81.588929,39656880.89,77.558,BB,1339.397,93.866,1507.845
2022-11,CN,China,1.956,1.956,3.413,3.413,3.416,94.42,6.609,53.53,99.128,63.605,66.431,7.076452,-19796761.31,78.909,AAA,1362.054,93.866,1507.845
2022-11,US,United States,2.095,2.095,4.389,4.389,4.136,87.769,6.49,53.874,99.624,64.399,67.324,0.996436,69005412.68,124.927,AAA,1369.988,93.866,1507.845
2022-11,DE,Germany,1.687,1.687,3.24,3.24,3.731,90.82,6.84,52.035,98.168,62.068,64.702,0.915822,13353467.1,58.397,BBB,1346.682,93.866,1507.845
2022-11,JP,Japan,1.82,1.82,3.555,3.555,3.641,89.144,6.726,52.598,98.641,62.826,65.554,147.593581,59151798.89,80.777,A,1354.259,93.866,1507.845
2022-11,VN,Vietnam,3.561,3.561,3.747,3.747,3.956,74.449,5.234,60.404,104.86,72.776,76.748,23945.522024,60717259.2,129.625,A,1453.761,93.866,1507.845
2022-11,BR,Brazil,1.125,1.125,5.543,5.543,4.541,66.173,7.321,48.026,96.162,58.859,61.091,4.957427,48011879.64,75.073,BB,1314.585,93.866,1507.845
2022-11,KR,South Korea,1.041,1.041,4.486,4.486,4.091,86.421,7.393,48.655,95.861,58.377,60.55,1311.270894,5244126.84,44.804,AAA,1309.774,93.866,1507.845
2022-11,MX,Mexico,0.806,0.806,5.358,5.358,4.586,71.422,7.595,46.732,95.023,57.037,59.041,16.996551,-8086157.53,59.065,BB,1296.365,93.866,1507.845
2022-11,TH,Thailand,1.048,1.048,2.047,2.047,3.011,68.955,7.387,47.79,95.886,58.417,60.595,35.55936,72973578.5,124.698,AA,1310.174,93.866,1507.845
2022-11,PL,Poland,0.974,0.974,7.166,7.166,5.171,73.671,7.451,47.672,95.623,57.996,60.121,3.948064,10269507.15,101.778,AAA,1305.964,93.866,1507.845
2022-11,TR,Turkey,0.864,0.864,54.542,54.542,26.726,67.663,7.545,46.822,95.23,57.368,59.414,26.757368,58316893.59,93.515,A,1299.678,93.866,1507.845
2022-11,ZA,South Africa,2.387,2.387,6.616,6.616,5.126,62.289,6.24,54.033,100.666,66.066,69.199,18.424573,-538630.74,63.513,BBB,1386.659,93.866,1507.845
2022-11,AU,Australia,0.861,0.861,5.018,5.018,4.181,77.321,7.548,47.304,95.217,57.347,59.39,1.508618,79683113.72,36.432,AAA,1299.469,93.866,1507.845
2022-11,CA,Canada,0.827,0.827,4.125,4.125,4.226,79.185,7.577,47.233,95.095,57.153,59.172,1.3219,74869760.51,110.715,BB,1297.525,93.866,1507.845
2022-12,IN,India,1.438,1.438,6.518,6.518,4.992,76.515,7.053,50.092,97.28,60.648,63.104,81.141563,26637006.23,43.088,BB,1336.478,92.766,1507.621
2022-12,CN,China,1.82,1.82,2.76,2.76,3.507,94.096,6.726,52.848,98.641,62.826,65.554,6.941069,29663435.43,123.831,BB,1358.259,92.766,1507.621
2022-12,US,United States,1.956,1.956,4.296,4.296,4.227,87.463,6.609,53.18,99.128,63.605,66.431,0.989493,27650103.73,34.99,BB,1366.054,92.766,1507.621
2022-12,DE,Germany,1.559,1.559,4.171,4.171,3.822,90.527,6.949,51.397,97.712,61.34,63.882,0.902207,-13491937.21,86.054,BB,1343.397,92.766,1507.621
2022-12,JP,Japan,1.687,1.687,3.186,3.186,3.732,88.846,6.84,51.935,98.168,62.068,64.702,145.638171,51091100.04,70.684,AA,1350.682,92.766,1507.621
2022-12,VN,Vietnam,3.587,3.587,4.351,4.351,4.047,74.496,5.211,60.534,104.953,72.925,76.915,24110.231684,74005304.21,28.032,AAA,1459.249,92.766,1507.621
2022-12,BR,Brazil,1.041,1.041,5.348,5.348,4.632,66.03,7.393,47.605,95.861,58.377,60.55,4.896945,-15299795.04,108.05,BBB,1313.774,92.766,1507.621
2022-12,KR,South Korea,0.968,0.968,4.318,4.318,4.182,86.26,7.456,48.292,95.602,57.962,60.083,1315.224456,-11419745.53,54.655,BB,1309.624,92.766,1507.621
2022-12,MX,Mexico,0.8,0.8,5.15,5.15,4.677,71.41,7.6,46.7,95.0,57.0,59.0,17.056971,52288060.64,72.232,BB,1300.001,92.766,1507.621
2022-12,TH,Thailand,1.133,1.133,2.234,2.234,3.102,69.106,7.314,48.216,96.19,58.904,61.142,34.84344,30418194.09,74.836,BB,1319.041,92.766,1507.621
2022-12,PL,Poland,1.048,1.048,7.151,7.151,5.262,73.811,7.387,48.04,95.886,58.417,60.595,3.916583,-8609545.66,116.021,BBB,1314.174,92.766,1507.621
2022-12,TR,Turkey,0.913,0.913,54.603,54.603,26.817,67.748,7.503,47.065,95.403,57.645,59.726,26.634275,-11191221.98,100.193,BBB,1306.454,92.766,1507.621
2022-12,ZA,South Africa,2.524,2.524,6.905,6.905,5.217,62.502,6.122,54.721,101.158,66.852,70.084,18.408788,-731201.76,87.838,AA,1398.521,92.766,1507.621
2022-12,AU,Australia,0.827,0.827,4.609,4.609,4.272,77.253,7.577,47.133,95.095,57.153,59.172,1.529519,67083029.49,128.758,AA,1301.525,92.766,1507.621
2022-12,CA,Canada,0.806,0.806,4.923,4.923,4.317,79.143,7.595,47.132,95.023,57.037,59.041,1.332277,18451844.09,65.194,A,1300.365,92.766,1507.621
2023-01,IN,India,1.325,1.325,6.273,6.273,5.093,76.294,7.15,49.525,96.875,59.999,62.374,81.788089,14462147.51,115.613,AA,1333.994,66.562,1508.288
2023-01,CN,China,1.687,1.687,3.321,3.321,3.608,93.781,6.84,52.185,98.168,62.068,64.702,6.997719,58838590.05,86.589,AAA,1354.682,66.562,1508.288
2023-01,US,United States,1.82,1.82,5.021,5.021,4.328,87.163,6.726,52.498,98.641,62.826,65.554,0.985341,4128052.13,72.079,A,1362.259,66.562,1508.288
2023-01,DE,Germany,1.438,1.438,3.958,3.958,3.923,90.248,7.053,50.792,97.28,60.648,63.104,0.913058,-11935627.55,65.217,BB,1340.478,66.562,1508.288
2023-01,JP,Japan,1.559,1.559,3.451,3.451,3.833,88.559,6.949,51.297,97.712,61.34,63.882,146.43968,14060574.15,25.545,BB,1347.397,66.562,1508.288
2023-01,VN,Vietnam,3.599,3.599,4.112,4.112,4.148,74.518,5.201,60.595,104.997,72.994,76.994,24247.117843,-14411581.32,55.282,AA,1463.945,66.562,1508.288
2023-01,BR,Brazil,0.968,0.968,5.59,5.59,4.733,65.906,7.456,47.242,95.602,57.962,60.083,4.925232,12135422.15,82.466,AA,1313.624,66.562,1508.288
2023-01,KR,South Korea,0.908,0.908,4.365,4.365,4.283,86.126,7.507,47.991,95.386,57.618,59.695,1320.096322,-15281254.06,55.018,BBB,1310.178,66.562,1508.288
2023-01,MX,Mexico,0.808,0.808,5.506,5.506,4.778,71.424,7.593,46.738,95.027,57.044,59.049,16.800032,54502830.84,92.093,BBB,1304.436,66.562,1508.288
2023-01,TH,Thailand,1.229,1.229,1.854,1.854,3.203,69.277,7.232,48.695,96.532,59.452,61.758,35.130584,66249167.94,111.224,AAA,1328.518,66.562,1508.288
2023-01,PL,Poland,1.133,1.133,6.649,6.649,5.363,73.973,7.314,48.466,96.19,58.904,61.142,4.003932,-19494209.84,119.507,AA,1323.041,66.562,1508.288
2023-01,TR,Turkey,0.974,0.974,54.663,54.663,26.918,67.855,7.451,47.372,95.623,57.996,60.121,26.244498,-17268879.94,119.331,A,1313.964,66.562,1508.288
2023-01,ZA,South Africa,2.658,2.658,6.918,6.918,5.318,62.711,6.007,55.392,101.637,67.62,70.947,18.196456,76194584.01,71.354,BBB,1410.198,66.562,1508.288
2023-01,AU,Australia,0.806,0.806,4.767,4.767,4.373,77.213,7.595,47.032,95.023,57.037,59.041,1.470883,-7251881.9,48.295,AAA,1304.365,66.562,1508.288
2023-01,CA,Canada,0.8,0.8,5.245,5.245,4.418,79.13,7.6,47.1,95.0,57.0,59.0,1.332911,35590933.74,80.21,BBB,1304.001,66.562,1508.288
2023-02,IN,India,1.22,1.22,6.583,6.583,5.203,76.089,7.24,49.001,96.501,59.401,61.701,81.438811,24487521.95,76.685,AA,1332.01,65.261,1509.89
2023-02,CN,China,1.559,1.559,2.879,2.879,3.718,93.479,6.949,51.547,97.712,61.34,63.882,7.002576,41068038.27,85.865,AA,1351.397,65.261,1509.89
2023-02,US,United States,1.687,1.687,5.222,5.222,4.438,86.871,6.84,51.835,98.168,62.068,64.702,0.99442,47148985.0,127.854,BBB,1358.682,65.261,1509.89
2023-02,DE,Germany,1.325,1.325,3.733,3.733,4.033,89.987,7.15,50.225,96.875,59.999,62.374,0.903524,-10680332.45,45.792,AA,1337.994,65.261,1509.89
2023-02,JP,Japan,1.438,1.438,3.565,3.565,3.943,88.286,7.053,50.692,97.28,60.648,63.104,146.769365,70033012.91,51.304,BB,1344.478,65.261,1509.89
2023-02,VN,Vietnam,3.597,3.597,4.612,4.612,4.258,74.515,5.202,60.586,104.99,72.984,76.982,24048.421747,9037720.05,49.256,BBB,1467.842,65.261,1509.89
2023-02,BR,Brazil,0.908,0.908,5.878,5.878,4.843,65.804,7.507,46.941,95.386,57.618,59.695,4.871826,16267263.76,31.094,AAA,1314.178,65.261,1509.89
2023-02,KR,South Korea,0.861,0.861,5.275,5.275,4.393,86.02,7.548,47.754,95.217,57.347,59.39,1303.988241,46520964.07,123.938,AAA,1311.469,65.261,1509.89
2023-02,MX,Mexico,0.829,0.829,5.815,5.815,4.888,71.464,7.575,46.846,95.104,57.167,59.187,16.821044,69889789.95,32.689,A,1309.666,65.261,1509.89
2023-02,TH,Thailand,1.335,1.335,1.964,1.964,3.313,69.464,7.142,49.223,96.909,60.055,62.437,34.39505,8352876.48,36.309,BBB,1338.549,65.261,1509.89
2023-02,PL,Poland,1.229,1.229,6.896,6.896,5.473,74.155,7.232,48.945,96.532,59.452,61.758,3.986701,15429987.62,69.991,AA,1332.518,65.261,1509.89
2023-02,TR,Turkey,1.048,1.048,54.639,54.639,27.028,67.984,7.387,47.74,95.886,58.417,60.595,26.738607,40000956.46,107.56,AA,1322.174,65.261,1509.89
2023-02,ZA,South Africa,2.788,2.788,7.184,7.184,5.428,62.912,5.896,56.041,102.101,68.361,71.782,17.91702,15563127.76,123.432,A,1421.613,65.261,1509.89
2023-02,AU,Australia,0.8,0.8,5.021,5.021,4.483,77.2,7.6,47.0,95.0,57.0,59.0,1.490333,1137689.82,77.558,BB,1308.001,65.261,1509.89
2023-02,CA,Canada,0.808,0.808,4.474,4.474,4.528,79.146,7.593,47.138,95.027,57.044,59.049,1.318644,-18212393.08,40.209,A,1308.436,65.261,1509.89
2023-03,IN,India,1.125,1.125,6.647,6.647,5.319,75.904,7.321,48.526,96.162,58.859,61.091,81.787964,-16088479.19,126.297,AAA,1330.585,63.876,1512.455
2023-03,CN,China,1.438,1.438,2.76,2.76,3.834,93.191,7.053,50.942,97.28,60.648,63.104,6.920901,8645600.69,33.976,BBB,1348.478,63.876,1512.455
2023-03,US,United States,1.559,1.559,5.178,5.178,4.554,86.591,6.949,51.197,97.712,61.34,63.882,0.978705,52069713.91,98.68,BB,1355.397,63.876,1512.455
2023-03,DE,Germany,1.22,1.22,3.869,3.869,4.149,89.746,7.24,49.701,96.501,59.401,61.701,0.895509,17590878.4,119.682,AAA,1336.01,63.876,1512.455
2023-03,JP,Japan,1.325,1.325,3.719,3.719,4.059,88.031,7.15,50.125,96.875,59.999,62.374,145.530451,-13469395.06,39.181,BBB,1341.994,63.876,1512.455
2023-03,VN,Vietnam,3.581,3.581,4.51,4.51,4.374,74.487,5.216,60.507,104.934,72.894,76.881,24248.07148,64670052.26,28.131,A,1470.942,63.876,1512.455
2023-03,BR,Brazil,0.861,0.861,5.882,5.882,4.959,65.723,7.548,46.704,95.217,57.347,59.39,4.849859,54627970.13,64.971,AA,1315.469,63.876,1512.455
2023-03,KR,South Korea,0.827,0.827,4.692,4.692,4.509,85.944,7.577,47.583,95.095,57.153,59.172,1297.312016,-9238505.25,89.821,AA,1313.525,63.876,1512.455
2023-03,MX,Mexico,0.864,0.864,5.897,5.897,5.004,71.529,7.545,47.022,95.23,57.368,59.414,16.811392,21978809.7,40.71,AA,1315.678,63.876,1512.455
2023-03,TH,Thailand,1.449,1.449,2.356,2.356,3.429,69.667,7.044,49.794,97.317,60.707,63.171,34.682398,74165595.81,62.725,AA,1349.074,63.876,1512.455
2023-03,PL,Poland,1.335,1.335,7.928,7.928,5.589,74.356,7.142,49.473,96.909,60.055,62.437,3.936286,32026890.7,104.721,AAA,1342.549,63.876,1512.455
2023-03,TR,Turkey,1.133,1.133,54.941,54.941,27.144,68.133,7.314,48.166,96.19,58.904,61.142,26.644631,74865159.65,122.232,BBB,1331.041,63.876,1512.455
2023-03,ZA,South Africa,2.912,2.912,7.38,7.38,5.544,63.104,5.79,56.661,102.543,69.069,72.578,18.27449,44746606.97,37.213,A,1432.693,63.876,1512.455
2023-03,AU,Australia,0.808,0.808,4.662,4.662,4.599,77.215,7.593,47.038,95.027,57.044,59.049,1.505499,-8768158.29,118.84,AAA,1312.436,63.876,1512.455
2023-03,CA,Canada,0.829,0.829,4.643,4.643,4.644,79.19,7.575,47.246,95.104,57.167,59.187,1.297819,72398134.05,74.041,BBB,1313.666,63.876,1512.455
2023-04,IN,India,1.041,1.041,6.446,6.446,5.44,75.74,7.393,48.105,95.861,58.377,60.55,81.951248,14394884.93,74.603,BB,1329.774,62.418,1516.001
2023-04,CN,China,1.325,1.325,3.154,3.154,3.955,92.922,7.15,50.375,96.875,59.999,62.374,6.916591,55906706.92,97.724,BB,1345.994,62.418,1516.001
2023-04,US,United States,1.438,1.438,4.895,4.895,4.675,86.324,7.053,50.592,97.28,60.648,63.104,0.981792,66263488.8,106.719,BBB,1352.478,62.418,1516.001
2023-04,DE,Germany,1.125,1.125,3.797,3.797,4.27,89.528,7.321,49.226,96.162,58.859,61.091,0.902588,-9686587.85,78.385,A,1334.585,62.418,1516.001
2023-04,JP,Japan,1.22,1.22,3.491,3.491,4.18,87.795,7.24,49.601,96.501,59.401,61.701,145.183097,19253436.41,85.413,AA,1340.01,62.418,1516.001
2023-04,VN,Vietnam,3.552,3.552,4.023,4.023,4.495,74.433,5.241,60.36,104.828,72.725,76.691,24059.148941,-3163261.67,34.922,AA,1473.253,62.418,1516.001
2023-04,BR,Brazil,0.827,0.827,5.271,5.271,5.08,65.665,7.577,46.533,95.095,57.153,59.172,4.847935,52404826.89,76.298,AAA,1317.525,62.418,1516.001
2023-04,KR,South Korea,0.806,0.806,4.287,4.287,4.63,85.899,7.595,47.482,95.023,57.037,59.041,1313.940331,71142068.43,48.743,AAA,1316.365,62.418,1516.001
2023-04,MX,Mexico,0.913,0.913,5.818,5.818,5.125,71.619,7.503,47.265,95.403,57.645,59.726,16.850796,-3296973.66,61.38,BB,1322.454,62.418,1516.001
2023-04,TH,Thailand,1.57,1.57,2.235,2.235,3.55,69.883,6.94,50.402,97.752,61.403,63.953,34.025873,31655993.52,107.581,BB,1360.028,62.418,1516.001
2023-04,PL,Poland,1.449,1.449,7.239,7.239,5.71,74.573,7.044,50.044,97.317,60.707,63.171,3.942086,-313862.11,34.82,BBB,1353.074,62.418,1516.001
2023-04,TR,Turkey,1.229,1.229,54.911,54.911,27.265,68.301,7.232,48.645,96.532,59.452,61.758,26.302389,58916848.47,101.895,AA,1340.518,62.418,1516.001
2023-04,ZA,South Africa,3.029,3.029,7.019,7.019,5.665,63.285,5.69,57.245,102.96,69.737,73.329,18.174263,-2788340.5,93.149,A,1443.366,62.418,1516.001
2023-04,AU,Australia,0.829,0.829,4.82,4.82,4.72,77.258,7.575,47.146,95.104,57.167,59.187,1.47919,36727407.4,87.445,AA,1317.666,62.418,1516.001
2023-04,CA,Canada,0.864,0.864,5.11,5.11,4.765,79.262,7.545,47.422,95.23,57.368,59.414,1.325581,430042.91,42.021,AAA,1319.678,62.418,1516.001
2023-05,IN,India,0.968,0.968,6.691,6.691,5.564,75.598,7.456,47.742,95.602,57.962,60.083,81.80201,-2702801.64,54.752,BB,1329.624,60.899,1520.533
2023-05,CN,China,1.22,1.22,3.319,3.319,4.079,92.673,7.24,49.851,96.501,59.401,61.701,6.867607,71630127.42,77.681,A,1344.01,60.899,1520.533
2023-05,US,United States,1.325,1.325,5.376,5.376,4.799,86.075,7.15,50.025,96.875,59.999,62.374,0.969411,76789555.21,70.05,BBB,1349.994,60.899,1520.533
2023-05,DE,Germany,1.041,1.041,3.628,3.628,4.394,89.334,7.393,48.805,95.861,58.377,60.55,0.90245,-16697832.59,64.145,BB,1333.774,60.899,1520.533
2023-05,JP,Japan,1.125,1.125,3.739,3.739,4.304,87.582,7.321,49.126,96.162,58.859,61.091,146.368752,28364538.74,119.412,AA,1338.585,60.899,1520.533
2023-05,VN,Vietnam,3.509,3.509,4.446,4.446,4.619,74.356,5.278,60.144,104.674,72.479,76.414,24086.966132,48043674.78,85.309,AAA,1474.792,60.899,1520.533
2023-05,BR,Brazil,0.806,0.806,5.244,5.244,5.204,65.631,7.595,46.432,95.023,57.037,59.041,4.799719,-6572083.06,27.313,A,1320.365,60.899,1520.533
2023-05,KR,South Korea,0.8,0.8,4.428,4.428,4.754,85.885,7.6,47.45,95.0,57.0,59.0,1304.512672,18638716.57,38.092,BB,1320.001,60.899,1520.533
2023-05,MX,Mexico,0.974,0.974,5.752,5.752,5.249,71.733,7.451,47.572,95.623,57.996,60.121,16.815835,66553356.93,46.132,BB,1329.964,60.899,1520.533
2023-05,TH,Thailand,1.698,1.698,2.578,2.578,3.674,70.11,6.83,51.042,98.209,62.134,64.776,34.363819,24344269.64,81.317,AAA,1371.342,60.899,1520.533
2023-05,PL,Poland,1.57,1.57,6.546,6.546,5.834,74.804,6.94,50.652,97.752,61.403,63.953,3.934959,11905495.68,125.506,BBB,1364.028,60.899,1520.533
2023-05,TR,Turkey,1.335,1.335,54.795,54.795,27.389,68.486,7.142,49.173,96.909,60.055,62.437,26.606587,12434921.13,125.048,BB,1350.549,60.899,1520.533
2023-05,ZA,South Africa,3.137,3.137,7.192,7.192,5.789,63.453,5.597,57.787,103.348,70.357,74.026,18.14163,64828621.1,81.711,A,1453.566,60.899,1520.533
2023-05,AU,Australia,0.864,0.864,5.103,5.103,4.844,77.329,7.545,47.322,95.23,57.368,59.414,1.502527,33991982.4,59.69,BBB,1323.678,60.899,1520.533
2023-05,CA,Canada,0.913,0.913,4.875,4.875,4.889,79.362,7.503,47.665,95.403,57.645,59.726,1.313547,53969943.35,74.299,A,1326.454,60.899,1520.533
2023-06,IN,India,0.908,0.908,6.619,6.619,5.689,75.481,7.507,47.441,95.386,57.618,59.695,81.678192,48820945.48,59.628,A,1330.178,59.33,1526.046
2023-06,CN,China,1.125,1.125,3.397,3.397,4.204,92.447,7.321,49.376,96.162,58.859,61.091,7.011575,71650242.62,88.344,BB,1342.585,59.33,1526.046
2023-06,US,United States,1.22,1.22,4.674,4.674,4.924,85.844,7.24,49.501,96.501,59.401,61.701,0.975061,8601741.34,108.194,BBB,1348.01,59.33,1526.046
2023-06,DE,Germany,0.968,0.968,3.642,3.642,4.519,89.167,7.456,48.442,95.602,57.962,60.083,0.901886,42114179.94,73.912,BB,1333.624,59.33,1526.046
2023-06,JP,Japan,1.041,1.041,4.014,4.014,4.429,87.392,7.393,48.705,95.861,58.377,60.55,145.601968,79153301.31,64.613,AA,1337.774,59.33,1526.046
2023-06,VN,Vietnam,3.453,3.453,4.165,4.165,4.744,74.255,5.326,59.864,104.474,72.158,76.053,23949.74872,59855745.76,34.05,AA,1475.583,59.33,1526.046
2023-06,BR,Brazil,0.8,0.8,5.535,5.535,5.329,65.62,7.6,46.4,95.0,57.0,59.0,4.850948,-13422770.56,84.574,BB,1324.001,59.33,1526.046
2023-06,KR,South Korea,0.808,0.808,4.508,4.508,4.879,85.902,7.593,47.488,95.027,57.044,59.049,1310.017794,54479706.85,39.43,BBB,1324.436,59.33,1526.046
2023-06,MX,Mexico,1.048,1.048,5.247,5.247,5.374,71.869,7.387,47.94,95.886,58.417,60.595,16.620144,34346496.25,67.657,BBB,1338.174,59.33,1526.046
2023-06,TH,Thailand,1.831,1.831,2.087,2.087,3.799,70.346,6.716,51.707,98.684,62.894,65.631,34.77185,53511719.71,86.569,BB,1382.941,59.33,1526.046
2023-06,PL,Poland,1.698,1.698,6.97,6.97,5.959,75.047,6.83,51.292,98.209,62.134,64.776,3.927108,52137314.37,116.056,AAA,1375.342,59.33,1526.046
2023-06,TR,Turkey,1.449,1.449,54.937,54.937,27.514,68.685,7.044,49.744,97.317,60.707,63.171,26.177162,62266934.13,127.576,BB,1361.074,59.33,1526.046
2023-06,ZA,South Africa,3.237,3.237,6.693,6.693,5.914,63.607,5.512,58.283,103.702,70.923,74.663,18.012782,76260011.6,128.59,BBB,1463.23,59.33,1526.046
2023-06,AU,Australia,0.913,0.913,5.2,5.2,4.969,77.426,7.503,47.565,95.403,57.645,59.726,1.48561,-13812222.71,64.856,A,1330.454,59.33,1526.046
2023-06,CA,Canada,0.974,0.974,5.148,5.148,5.014,79.487,7.451,47.972,95.623,57.996,60.121,1.307737,6509354.39,114.758,BBB,1333.964,59.33,1526.046
2023-07,IN,India,0.861,0.861,6.125,6.125,5.813,75.388,7.548,47.204,95.217,57.347,59.39,80.545621,55154718.52,116.392,BBB,1331.469,57.726,1532.52
2023-07,CN,China,1.041,1.041,2.952,2.952,4.328,92.247,7.393,48.955,95.861,58.377,60.55,6.999901,54520503.69,25.773,AA,1341.774,57.726,1532.52
2023-07,US,United States,1.125,1.125,4.761,4.761,5.048,85.636,7.321,49.026,96.162,58.859,61.091,0.983629,22893921.26,29.367,A,1346.585,57.726,1532.52
2023-07,DE,Germany,0.908,0.908,4.027,4.027,4.643,89.029,7.507,48.141,95.386,57.618,59.695,0.902688,15985969.4,27.276,A,1334.178,57.726,1532.52
2023-07,JP,Japan,0.968,0.968,3.819,3.819,4.553,87.229,7.456,48.342,95.602,57.962,60.083,143.372159,64867392.75,78.246,BB,1337.624,57.726,1532.52
2023-07,VN,Vietnam,3.384,3.384,4.349,4.349,4.868,74.131,5.385,59.52,104.229,71.766,75.612,23689.790339,67538934.65,90.853,BBB,1475.66,57.726,1532.52
2023-07,BR,Brazil,0.808,0.808,6.114,6.114,5.453,65.633,7.593,46.438,95.027,57.044,59.049,4.872834,27210285.11,44.779,AA,1328.436,57.726,1532.52
2023-07,KR,South Korea,0.829,0.829,4.403,4.403,5.003,85.95,7.575,47.596,95.104,57.167,59.187,1308.049136,-4328709.14,78.644,BB,1329.666,57.726,1532.52
2023-07,MX,Mexico,1.133,1.133,5.452,5.452,5.498,72.026,7.314,48.366,96.19,58.904,61.142,16.941695,5816945.4,110.492,AA,1347.041,57.726,1532.52
2023-07,TH,Thailand,1.968,1.968,1.969,1.969,3.923,70.588,6.599,52.391,99.172,63.675,66.51,34.408051,59263763.52,38.361,AA,1394.752,57.726,1532.52
2023-07,PL,Poland,1.831,1.831,6.981,6.981,6.083,75.3,6.716,51.957,98.684,62.894,65.631,3.943687,39213790.32,46.196,A,1386.941,57.726,1532.52
2023-07,TR,Turkey,1.57,1.57,54.642,54.642,27.638,68.898,6.94,50.352,97.752,61.403,63.953,26.089462,24754087.59,99.151,A,1372.028,57.726,1532.52
2023-07,ZA,South Africa,3.325,3.325,6.898,6.898,6.038,63.744,5.435,58.726,104.019,71.43,75.234,17.867506,47450840.76,29.993,AAA,1472.303,57.726,1532.52
2023-07,AU,Australia,0.974,0.974,5.316,5.316,5.093,77.549,7.451,47.872,95.623,57.996,60.121,1.497269,24145475.59,44.378,AA,1337.964,57.726,1532.52
2023-07,CA,Canada,1.048,1.048,4.923,4.923,5.138,79.638,7.387,48.34,95.886,58.417,60.595,1.321037,-7896580.75,44.18,BB,1342.174,57.726,1532.52
2023-08,IN,India,0.827,0.827,6.57,6.57,5.934,75.322,7.577,47.033,95.095,57.153,59.172,80.896341,41398761.36,116.57,BBB,1333.525,56.1,1539.925
2023-08,CN,China,0.968,0.968,3.235,3.235,4.449,92.075,7.456,48.592,95.602,57.962,60.083,6.880703,36923165.94,83.458,BB,1341.624,56.1,1539.925
2023-08,US,United States,1.041,1.041,4.748,4.748,5.169,85.45,7.393,48.605,95.861,58.377,60.55,0.974279,21216718.7,109.63,AA,1345.774,56.1,1539.925
2023-08,DE,Germany,0.861,0.861,3.628,3.628,4.764,88.92,7.548,47.904,95.217,57.347,59.39,0.908626,-15694227.34,122.801,A,1335.469,56.1,1539.925
2023-08,JP,Japan,0.908,0.908,3.44,3.44,4.674,87.093,7.507,48.041,95.386,57.618,59.695,144.539401,14604694.82,75.352,AAA,1338.178,56.1,1539.925
2023-08,VN,Vietnam,3.304,3.304,4.448,4.448,4.989,73.986,5.454,59.118,103.941,71.306,75.094,23847.930332,62529490.23,35.684,BBB,1475.06,56.1,1539.925
2023-08,BR,Brazil,0.829,0.829,5.684,5.684,5.574,65.67,7.575,46.546,95.104,57.167,59.187,4.798628,64835783.16,103.298,AA,1333.666,56.1,1539.925
2023-08,KR,South Korea,0.864,0.864,4.74,4.74,5.124,86.028,7.545,47.772,95.23,57.368,59.414,1302.807753,51337130.32,110.001,A,1335.678,56.1,1539.925
2023-08,MX,Mexico,1.229,1.229,5.662,5.662,5.619,72.204,7.232,48.845,96.532,59.452,61.758,16.782043,-16482826.55,109.751,AA,1356.518,56.1,1539.925
2023-08,TH,Thailand,2.107,2.107,1.856,1.856,4.044,70.835,6.48,53.086,99.668,64.469,67.403,34.521995,49088492.65,29.07,BB,1406.694,56.1,1539.925
2023-08,PL,Poland,1.968,1.968,6.75,6.75,6.204,75.559,6.599,52.641,99.172,63.675,66.51,3.922508,56795078.9,63.498,AA,1398.752,56.1,1539.925
2023-08,TR,Turkey,1.698,1.698,55.386,55.386,27.759,69.122,6.83,50.992,98.209,62.134,64.776,26.409572,29355780.76,119.179,AAA,1383.342,56.1,1539.925
2023-08,ZA,South Africa,3.403,3.403,6.899,6.899,6.159,63.864,5.369,59.114,104.296,71.873,75.732,18.243984,39672797.27,112.598,BB,1480.733,56.1,1539.925
2023-08,AU,Australia,1.048,1.048,4.904,4.904,5.214,77.696,7.387,48.24,95.886,58.417,60.595,1.481006,-8289186.95,67.145,A,1346.174,56.1,1539.925
2023-08,CA,Canada,1.133,1.133,4.784,4.784,5.259,79.813,7.314,48.766,96.19,58.904,61.142,1.291608,47161484.12,54.916,AAA,1351.041,56.1,1539.925
2023-09,IN,India,0.806,0.806,5.889,5.889,6.05,75.282,7.595,46.932,95.023,57.037,59.041,80.035048,76692418.07,99.332,BBB,1336.365,54.464,1548.219
2023-09,CN,China,0.908,0.908,2.602,2.602,4.565,91.932,7.507,48.291,95.386,57.618,59.695,6.950564,39861129.68,60.573,AAA,1342.178,54.464,1548.219
2023-09,US,United States,0.968,0.968,4.676,4.676,5.285,85.291,7.456,48.242,95.602,57.962,60.083,0.966993,26099396.26,82.238,AA,1345.624,54.464,1548.219
2023-09,DE,Germany,0.827,0.827,3.349,3.349,4.88,88.841,7.577,47.733,95.095,57.153,59.172,0.882343,28940972.25,100.403,A,1337.525,54.464,1548.219
2023-09,JP,Japan,0.861,0.861,3.321,3.321,4.79,86.987,7.548,47.804,95.217,57.347,59.39,145.275129,21789506.98,97.243,BBB,1339.469,54.464,1548.219
2023-09,VN,Vietnam,3.212,3.212,3.937,3.937,5.105,73.822,5.533,58.66,103.614,70.783,74.506,23955.63174,13046184.06,98.443,A,1473.831,54.464,1548.219
2023-09,BR,Brazil,0.864,0.864,5.728,5.728,5.69,65.729,7.545,46.722,95.23,57.368,59.414,4.787363,43413035.19,105.893,A,1339.678,54.464,1548.219
2023-09,KR,South Korea,0.913,0.913,4.516,4.516,5.24,86.136,7.503,48.015,95.403,57.645,59.726,1288.038835,38093198.93,60.158,AA,1342.454,54.464,1548.219
2023-09,MX,Mexico,1.335,1.335,5.184,5.184,5.735,72.399,7.142,49.373,96.909,60.055,62.437,16.716444,52796986.89,49.18,AAA,1366.549,54.464,1548.219
2023-09,TH,Thailand,2.247,2.247,1.669,1.669,4.16,71.084,6.36,53.785,100.168,65.269,68.303,34.558638,30660901.45,71.739,BB,1418.69,54.464,1548.219
2023-09,PL,Poland,2.107,2.107,6.9,6.9,6.32,75.824,6.48,53.336,99.668,64.469,67.403,3.881911,-2530597.42,35.062,AA,1410.694,54.464,1548.219
2023-09,TR,Turkey,1.831,1.831,54.525,54.525,27.875,69.355,6.716,51.657,98.684,62.894,65.631,26.053053,9681537.17,32.875,AAA,1394.941,54.464,1548.219
2023-09,ZA,South Africa,3.468,3.468,7.14,7.14,6.275,63.966,5.313,59.442,104.53,72.248,76.154,17.799852,70764064.7,57.347,AA,1488.476,54.464,1548.219
2023-09,AU,Australia,1.133,1.133,4.321,4.321,5.33,77.866,7.314,48.666,96.19,58.904,61.142,1.474556,-1252550.25,84.889,BBB,1355.041,54.464,1548.219
2023-09,CA,Canada,1.229,1.229,4.77,4.77,5.375,80.01,7.232,49.245,96.532,59.452,61.758,1.29115,7247736.38,54.334,AAA,1360.518,54.464,1548.219
2023-10,IN,India,0.8,0.8,6.396,6.396,6.16,75.27,7.6,46.9,95.0,57.0,59.0,80.741004,35001080.61,45.031,AAA,1340.001,52.833,1557.349
2023-10,CN,China,0.861,0.861,2.856,2.856,4.675,91.819,7.548,48.054,95.217,57.347,59.39,6.821878,44837752.57,46.128,A,1343.469,52.833,1557.349
2023-10,US,United States,0.908,0.908,4.462,4.462,5.395,85.158,7.507,47.941,95.386,57.618,59.695,0.97381,29103516.21,92.932,BBB,1346.178,52.833,1557.349
2023-10,DE,Germany,0.806,0.806,3.187,3.187,4.99,88.795,7.595,47.632,95.023,57.037,59.041,0.872068,47872651.5,82.429,AA,1340.365,52.833,1557.349
2023-10,JP,Japan,0.827,0.827,3.299,3.299,4.9,86.91,7.577,47.633,95.095,57.153,59.172,145.293636,42454877.67,104.047,A,1341.525,52.833,1557.349
2023-10,VN,Vietnam,3.11,3.11,4.236,4.236,5.215,73.639,5.62,58.152,103.251,70.202,73.853,23828.87766,56009263.97,72.099,BBB,1472.023,52.833,1557.349
2023-10,BR,Brazil,0.913,0.913,5.392,5.392,5.8,65.812,7.503,46.965,95.403,57.645,59.726,4.812881,79918017.82,61.052,AA,1346.454,52.833,1557.349
2023-10,KR,South Korea,0.974,0.974,4.201,4.201,5.35,86.273,7.451,48.322,95.623,57.996,60.121,1303.336895,63789798.93,79.948,AAA,1349.964,52.833,1557.349
2023-10,MX,Mexico,1.449,1.449,5.472,5.472,5.845,72.61,7.044,49.944,97.317,60.707,63.171,16.670674,-8724723.29,38.541,BBB,1377.074,52.833,1557.349
2023-10,TH,Thailand,2.387,2.387,1.829,1.829,4.27,71.331,6.24,54.483,100.666,66.066,69.199,34.033048,-14876068.67,78.548,A,1430.659,52.833,1557.349
2023-10,PL,Poland,2.247,2.247,6.85,6.85,6.43,76.089,6.36,54.035,100.168,65.269,68.303,3.88398,32725109.76,111.624,BBB,1422.69,52.833,1557.349
2023-10,TR,Turkey,1.968,1.968,54.775,54.775,27.985,69.594,6.599,52.341,99.172,63.675,66.51,26.303855,53455061.5,105.254,AA,1406.752,52.833,1557.349
2023-10,ZA,South Africa,3.521,3.521,6.673,6.673,6.385,64.048,5.268,59.706,104.718,72.55,76.493,17.710145,-19485239.29,26.825,A,1495.496,52.833,1557.349
2023-10,AU,Australia,1.229,1.229,4.142,4.142,5.44,78.058,7.232,49.145,96.532,59.452,61.758,1.455066,28421917.84,124.544,AAA,1364.518,52.833,1557.349
2023-10,CA,Canada,1.335,1.335,4.286,4.286,5.485,80.226,7.142,49.773,96.909,60.055,62.437,1.292107,65216481.63,30.501,AA,1370.549,52.833,1557.349
2023-11,IN,India,0.808,0.808,6.38,6.38,6.262,75.285,7.593,46.938,95.027,57.044,59.049,80.989681,36893519.31,107.147,BB,1344.436,51.22,1567.251
2023-11,CN,China,0.827,0.827,2.102,2.102,4.777,91.738,7.577,47.883,95.095,57.153,59.172,6.897978,39631556.92,89.711,A,1345.525,51.22,1567.251
2023-11,US,United States,0.861,0.861,4.103,4.103,5.497,85.054,7.548,47.704,95.217,57.347,59.39,0.965066,4685581.85,116.214,A,1347.469,51.22,1567.251
2023-11,DE,Germany,0.8,0.8,4.055,4.055,5.092,88.78,7.6,47.6,95.0,57.0,59.0,0.888893,63650816.69,120.708,A,1344.001,51.22,1567.251
2023-11,JP,Japan,0.806,0.806,3.264,3.264,5.002,86.864,7.595,47.532,95.023,57.037,59.041,142.625712,61928208.73,127.934,AA,1344.365,51.22,1567.251
2023-11,VN,Vietnam,3.0,3.0,3.759,3.759,5.317,73.439,5.715,57.598,102.856,69.57,73.141,23772.402323,67876721.54,73.051,AA,1469.696,51.22,1567.251
2023-11,BR,Brazil,0.974,0.974,5.044,5.044,5.902,65.916,7.451,47.272,95.623,57.996,60.121,4.829528,60123022.28,116.845,BB,1353.964,51.22,1567.251
2023-11,KR,South Korea,1.048,1.048,4.052,4.052,5.452,86.437,7.387,48.69,95.886,58.417,60.595,1282.700021,53586098.14,34.044,A,1358.174,51.22,1567.251
2023-11,MX,Mexico,1.57,1.57,5.185,5.185,5.947,72.835,6.94,50.552,97.752,61.403,63.953,16.633779,57352480.39,128.613,BB,1388.028,51.22,1567.251
2023-11,TH,Thailand,2.524,2.524,2.568,2.568,4.372,71.575,6.122,55.171,101.158,66.852,70.084,34.348127,15123020.31,126.303,BB,1442.521,51.22,1567.251
2023-11,PL,Poland,2.387,2.387,7.21,7.21,6.532,76.354,6.24,54.733,100.666,66.066,69.199,3.86068,41835543.44,68.424,AAA,1434.659,51.22,1567.251
2023-11,TR,Turkey,2.107,2.107,54.421,54.421,28.087,69.838,6.48,53.036,99.668,64.469,67.403,26.110611,48514841.63,116.53,AA,1418.694,51.22,1567.251
2023-11,ZA,South Africa,3.561,3.561,6.526,6.526,6.487,64.109,5.234,59.904,104.86,72.776,76.748,17.937895,40458310.33,108.336,A,1501.761,51.22,1567.251
2023-11,AU,Australia,1.335,1.335,4.41,4.41,5.542,78.269,7.142,49.673,96.909,60.055,62.437,1.462622,23237988.68,37.609,A,1374.549,51.22,1567.251
2023-11,CA,Canada,1.449,1.449,4.817,4.817,5.587,80.46,7.044,50.344,97.317,60.707,63.171,1.320496,53710074.27,110.3,BB,1381.074,51.22,1567.251
2023-12,IN,India,0.829,0.829,5.544,5.544,6.353,75.327,7.575,47.046,95.104,57.167,59.187,80.511132,68694885.38,75.64,BBB,1349.666,49.638,1577.853
2023-12,CN,China,0.806,0.806,2.531,2.531,4.868,91.69,7.595,47.782,95.023,57.037,59.041,6.806125,-18669670.27,89.633,BBB,1348.365,49.638,1577.853
2023-12,US,United States,0.827,0.827,4.111,4.111,5.588,84.979,7.577,47.533,95.095,57.153,59.172,0.974121,42175039.94,57.204,BB,1349.525,49.638,1577.853
2023-12,DE,Germany,0.808,0.808,3.311,3.311,5.183,88.798,7.593,47.638,95.027,57.044,59.049,0.88693,72644027.64,71.498,A,1348.436,49.638,1577.853
2023-12,JP,Japan,0.8,0.8,2.897,2.897,5.093,86.85,7.6,47.5,95.0,57.0,59.0,144.42732,77280367.54,73.883,AAA,1348.001,49.638,1577.853
2023-12,VN,Vietnam,2.881,2.881,3.313,3.313,5.408,73.226,5.816,57.005,102.432,68.891,72.378,23760.420331,-6915318.97,85.947,AAA,1466.912,49.638,1577.853
2023-12,BR,Brazil,1.048,1.048,5.264,5.264,5.993,66.042,7.387,47.64,95.886,58.417,60.595,4.790289,-13373950.19,40.923,AA,1362.174,49.638,1577.853
2023-12,KR,South Korea,1.133,1.133,4.07,4.07,5.543,86.626,7.314,49.116,96.19,58.904,61.142,1277.890471,36187227.81,29.056,AAA,1367.041,49.638,1577.853
2023-12,MX,Mexico,1.698,1.698,4.962,4.962,6.038,73.072,6.83,51.192,98.209,62.134,64.776,16.650305,19166159.44,43.698,BB,1399.342,49.638,1577.853
2023-12,TH,Thailand,2.658,2.658,1.733,1.733,4.463,71.814,6.007,55.842,101.637,67.62,70.947,34.507074,74276805.5,127.196,AAA,1454.198,49.638,1577.853
2023-12,PL,Poland,2.524,2.524,6.467,6.467,6.623,76.616,6.122,55.421,101.158,66.852,70.084,3.862992,37816082.65,110.419,AA,1446.521,49.638,1577.853
2023-12,TR,Turkey,2.247,2.247,54.383,54.383,28.178,70.082,6.36,53.735,100.168,65.269,68.303,25.794679,25493014.81,65.221,BBB,1430.69,49.638,1577.853
2023-12,ZA,South Africa,3.587,3.587,6.382,6.382,6.578,64.15,5.211,60.034,104.953,72.925,76.915,18.215967,4156906.75,69.953,AA,1507.249,49.638,1577.853
2023-12,AU,Australia,1.449,1.449,4.805,4.805,5.633,78.498,7.044,50.244,97.317,60.707,63.171,1.476834,-6060510.04,127.414,AAA,1385.074,49.638,1577.853
2023-12,CA,Canada,1.57,1.57,4.157,4.157,5.678,80.71,6.94,50.952,97.752,61.403,63.953,1.33772,53065954.82,68.315,BBB,1392.028,49.638,1577.853
2024-01,IN,India,0.864,0.864,5.348,5.348,6.434,75.396,7.545,47.222,95.23,57.368,59.414,80.874747,79698971.7,56.234,BB,1355.678,48.1,1589.074
2024-01,CN,China,0.8,0.8,2.161,2.161,4.949,91.675,7.6,47.75,95.0,57.0,59.0,6.862775,-6297264.7,93.915,AAA,1352.001,48.1,1589.074
2024-01,US,United States,0.806,0.806,4.181,4.181,5.669,84.934,7.595,47.432,95.023,57.037,59.041,0.962593,-8045617.7,40.355,A,1352.365,48.1,1589.074
2024-01,DE,Germany,0.829,0.829,2.89,2.89,5.264,88.847,7.575,47.746,95.104,57.167,59.187,0.892213,-14394675.16,101.311,BB,1353.666,48.1,1589.074
2024-01,JP,Japan,0.808,0.808,2.795,2.795,5.174,86.867,7.593,47.538,95.027,57.044,59.049,143.534264,-4175432.42,52.389,A,1352.436,48.1,1589.074
2024-01,VN,Vietnam,2.755,2.755,3.375,3.375,5.489,73.0,5.924,56.377,101.984,68.174,71.571,23902.038436,27857633.51,73.819,AAA,1463.739,48.1,1589.074
2024-01,BR,Brazil,1.133,1.133,5.121,5.121,6.074,66.186,7.314,48.066,96.19,58.904,61.142,4.731317,55959365.53,58.137,BB,1371.041,48.1,1589.074
2024-01,KR,South Korea,1.229,1.229,4.592,4.592,5.624,86.84,7.232,49.595,96.532,59.452,61.758,1292.065776,-3874786.39,110.538,BBB,1376.518,48.1,1589.074
2024-01,MX,Mexico,1.831,1.831,4.67,4.67,6.119,73.318,6.716,51.857,98.684,62.894,65.631,16.525185,-18098902.41,35.307,AA,1410.941,48.1,1589.074
2024-01,TH,Thailand,2.788,2.788,1.945,1.945,4.544,72.044,5.896,56.491,102.101,68.361,71.782,34.182688,11444206.88,36.108,A,1465.613,48.1,1589.074
2024-01,PL,Poland,2.658,2.658,6.874,6.874,6.704,76.871,6.007,56.092,101.637,67.62,70.947,3.87834,53486644.88,113.595,BBB,1458.198,48.1,1589.074
2024-01,TR,Turkey,2.387,2.387,54.212,54.212,28.259,70.326,6.24,54.433,100.666,66.066,69.199,26.047018,26065576.07,57.508,AA,1442.659,48.1,1589.074
2024-01,ZA,South Africa,3.599,3.599,5.836,5.836,6.659,64.169,5.201,60.095,104.997,72.994,76.994,17.80593,-3529953.17,68.381,BB,1511.945,48.1,1589.074
2024-01,AU,Australia,1.57,1.57,3.882,3.882,5.714,78.741,6.94,50.852,97.752,61.403,63.953,1.467491,-6264472.43,90.231,BBB,1396.028,48.1,1589.074
2024-01,CA,Canada,1.698,1.698,3.883,3.883,5.759,80.972,6.83,51.592,98.209,62.134,64.776,1.291628,16805027.46,98.424,BB,1403.342,48.1,1589.074
2024-02,IN,India,0.913,0.913,5.181,5.181,6.502,75.49,7.503,47.465,95.403,57.645,59.726,79.707097,72019394.79,68.455,BBB,1362.454,46.619,1600.824
2024-02,CN,China,0.808,0.808,2.074,2.074,5.017,91.693,7.593,47.788,95.027,57.044,59.049,6.862938,56055885.94,27.44,BBB,1356.436,46.619,1600.824
2024-02,US,United States,0.8,0.8,3.697,3.697,5.737,84.92,7.6,47.4,95.0,57.0,59.0,0.962132,45794484.26,99.068,AA,1356.001,46.619,1600.824
2024-02,DE,Germany,0.864,0.864,2.913,2.913,5.332,88.928,7.545,47.922,95.23,57.368,59.414,0.884081,45079752.2,48.226,A,1359.678,46.619,1600.824
2024-02,JP,Japan,0.829,0.829,2.307,2.307,5.242,86.916,7.575,47.646,95.104,57.167,59.187,143.311654,17226113.83,50.963,AAA,1357.666,46.619,1600.824
2024-02,VN,Vietnam,2.624,2.624,3.52,3.52,5.557,72.764,6.036,55.722,101.516,67.425,70.728,23659.477571,30775209.94,51.271,BBB,1460.249,46.619,1600.824
2024-02,BR,Brazil,1.229,1.229,4.913,4.913,6.142,66.349,7.232,48.545,96.532,59.452,61.758,4.757989,41644796.1,89.644,BB,1380.518,46.619,1600.824
2024-02,KR,South Korea,1.335,1.335,3.502,3.502,5.692,87.075,7.142,50.123,96.909,60.055,62.437,1269.056667,3788126.39,79.542,BB,1386.549,46.619,1600.824
2024-02,MX,Mexico,1.968,1.968,4.844,4.844,6.187,73.571,6.599,52.541,99.172,63.675,66.51,16.49572,-6382812.14,78.831,AA,1422.752,46.619,1600.824
2024-02,TH,Thailand,2.912,2.912,1.225,1.225,4.612,72.264,5.79,57.111,102.543,69.069,72.578,34.223164,19927212.47,88.056,BB,1476.693,46.619,1600.824
2024-02,PL,Poland,2.788,2.788,6.424,6.424,6.772,77.118,5.896,56.741,102.101,68.361,71.782,3.88234,30471355.55,80.983,BB,1469.613,46.619,1600.824
2024-02,TR,Turkey,2.524,2.524,53.602,53.602,28.327,70.567,6.122,55.121,101.158,66.852,70.084,26.028339,60807111.53,75.49,AA,1454.521,46.619,1600.824
2024-02,ZA,South Africa,3.597,3.597,6.109,6.109,6.727,64.166,5.202,60.086,104.99,72.984,76.982,17.671134,22034519.25,68.335,A,1515.842,46.619,1600.824
2024-02,AU,Australia,1.698,1.698,4.048,4.048,5.782,78.997,6.83,51.492,98.209,62.134,64.776,1.443811,38099645.25,117.242,A,1407.342,46.619,1600.824
2024-02,CA,Canada,1.831,1.831,4.483,4.483,5.827,81.245,6.716,52.257,98.684,62.894,65.631,1.28257,2433339.45,66.614,AAA,1414.941,46.619,1600.824
2024-03,IN,India,0.974,0.974,5.119,5.119,6.556,75.61,7.451,47.772,95.623,57.996,60.121,79.615716,65220035.7,57.366,AAA,1369.964,45.208,1613.008
2024-03,CN,China,0.829,0.829,2.559,2.559,5.071,91.744,7.575,47.896,95.104,57.167,59.187,6.873694,-4765178.71,83.832,A,1361.666,45.208,1613.008
2024-03,US,United States,0.808,0.808,3.72,3.72,5.791,84.937,7.593,47.438,95.027,57.044,59.049,0.967993,19029587.42,46.522,A,1360.436,45.208,1613.008
2024-03,DE,Germany,0.913,0.913,2.614,2.614,5.386,89.04,7.503,48.165,95.403,57.645,59.726,0.903679,69231958.68,65.026,BBB,1366.454,45.208,1613.008
2024-03,JP,Japan,0.864,0.864,2.464,2.464,5.296,86.995,7.545,47.822,95.23,57.368,59.414,144.018614,-11940160.3,81.747,BB,1363.678,45.208,1613.008
2024-03,VN,Vietnam,2.489,2.489,3.061,3.061,5.611,72.52,6.152,55.045,101.032,66.652,69.858,23850.942532,58488353.01,100.162,BBB,1456.517,45.208,1613.008
2024-03,BR,Brazil,1.335,1.335,4.825,4.825,6.196,66.529,7.142,49.073,96.909,60.055,62.437,4.785554,29850933.34,84.964,AA,1390.549,45.208,1613.008
2024-03,KR,South Korea,1.449,1.449,3.415,3.415,5.746,87.329,7.044,50.694,97.317,60.707,63.171,1297.564053,54262690.18,62.624,AA,1397.074,45.208,1613.008
2024-03,MX,Mexico,2.107,2.107,4.628,4.628,6.241,73.828,6.48,53.236,99.668,64.469,67.403,16.467095,14345757.9,106.298,AAA,1434.694,45.208,1613.008
2024-03,TH,Thailand,3.029,3.029,1.014,1.014,4.666,72.471,5.69,57.695,102.96,69.737,73.329,34.300032,18996673.53,109.633,A,1487.366,45.208,1613.008
2024-03,PL,Poland,2.912,2.912,5.474,5.474,6.826,77.353,5.79,57.361,102.543,69.069,72.578,3.829534,70012192.32,90.8,A,1480.693,45.208,1613.008
2024-03,TR,Turkey,2.658,2.658,54.009,54.009,28.381,70.802,6.007,55.792,101.637,67.62,70.947,25.921937,68177846.92,26.649,AA,1466.198,45.208,1613.008
2024-03,ZA,South Africa,3.581,3.581,5.88,5.88,6.781,64.141,5.216,60.007,104.934,72.894,76.881,17.709812,-7681126.42,97.532,A,1518.942,45.208,1613.008
2024-03,AU,Australia,1.831,1.831,3.836,3.836,5.836,79.263,6.716,52.157,98.684,62.894,65.631,1.476444,31550163.47,67.809,A,1418.941,45.208,1613.008
2024-03,CA,Canada,1.968,1.968,4.138,4.138,5.881,81.525,6.599,52.941,99.172,63.675,66.51,1.307022,-7894139.43,34.693,AA,1426.752,45.208,1613.008
2024-04,IN,India,1.048,1.048,4.658,4.658,6.596,75.754,7.387,48.14,95.886,58.417,60.595,80.451452,70323404.83,45.076,AAA,1378.174,43.877,1625.525
2024-04,CN,China,0.864,0.864,1.86,1.86,5.111,91.828,7.545,48.072,95.23,57.368,59.414,6.824767,54418792.7,77.265,A,1367.678,43.877,1625.525
2024-04,US,United States,0.829,0.829,3.493,3.493,5.831,84.984,7.575,47.546,95.104,57.167,59.187,0.942816,31270627.81,107.0,AA,1365.666,43.877,1625.525
2024-04,DE,Germany,0.974,0.974,2.747,2.747,5.426,89.181,7.451,48.472,95.623,57.996,60.121,0.900233,3917491.12,95.714,AAA,1373.964,43.877,1625.525
2024-04,JP,Japan,0.913,0.913,2.689,2.689,5.336,87.104,7.503,48.065,95.403,57.645,59.726,143.370458,-3649560.68,114.408,BB,1370.454,43.877,1625.525
2024-04,VN,Vietnam,2.351,2.351,2.911,2.911,5.651,72.272,6.271,54.354,100.539,65.862,68.97,23862.321421,64087581.59,99.595,BBB,1452.62,43.877,1625.525
2024-04,BR,Brazil,1.449,1.449,4.814,4.814,6.236,66.723,7.044,49.644,97.317,60.707,63.171,4.787305,11928320.83,102.332,BB,1401.074,43.877,1625.525
2024-04,KR,South Korea,1.57,1.57,3.364,3.364,5.786,87.599,6.94,51.302,97.752,61.403,63.953,1273.344787,41660330.94,89.829,BBB,1408.028,43.877,1625.525
2024-04,MX,Mexico,2.247,2.247,4.213,4.213,6.281,74.087,6.36,53.935,100.168,65.269,68.303,16.514032,19263348.8,36.546,AA,1446.69,43.877,1625.525
2024-04,TH,Thailand,3.137,3.137,0.899,0.899,4.706,72.664,5.597,58.237,103.348,70.357,74.026,34.340003,17607778.52,112.883,BB,1497.566,43.877,1625.525
2024-04,PL,Poland,3.029,3.029,5.911,5.911,6.866,77.575,5.69,57.945,102.96,69.737,73.329,3.865019,48020442.51,27.018,BBB,1491.366,43.877,1625.525
2024-04,TR,Turkey,2.788,2.788,53.766,53.766,28.421,71.029,5.896,56.441,102.101,68.361,71.782,25.941452,-13812844.92,75.128,AA,1477.613,43.877,1625.525
2024-04,ZA,South Africa,3.552,3.552,5.666,5.666,6.821,64.095,5.241,59.86,104.828,72.725,76.691,17.962919,2318042.18,79.909,BBB,1521.253,43.877,1625.525
2024-04,AU,Australia,1.968,1.968,3.683,3.683,5.876,79.536,6.599,52.841,99.172,63.675,66.51,1.446032,20464906.09,64.447,AA,1430.752,43.877,1625.525
2024-04,CA,Canada,2.107,2.107,4.138,4.138,5.921,81.81,6.48,53.636,99.668,64.469,67.403,1.31223,26763100.04,67.073,BB,1438.694,43.877,1625.525
2024-05,IN,India,1.133,1.133,5.27,5.27,6.621,75.92,7.314,48.566,96.19,58.904,61.142,80.66701,-4166737.71,109.638,A,1387.041,42.638,1638.27
2024-05,CN,China,0.913,0.913,1.61,1.61,5.136,91.943,7.503,48.315,95.403,57.645,59.726,6.838462,6482896.32,109.097,BBB,1374.454,42.638,1638.27
2024-05,US,United States,0.864,0.864,3.535,3.535,5.856,85.062,7.545,47.722,95.23,57.368,59.414,0.968212,77503597.88,58.735,BB,1371.678,42.638,1638.27
2024-05,DE,Germany,1.048,1.048,2.596,2.596,5.451,89.35,7.387,48.84,95.886,58.417,60.595,0.869728,51994232.12,41.405,BB,1382.174,42.638,1638.27
2024-05,JP,Japan,0.974,0.974,2.141,2.141,5.361,87.242,7.451,48.372,95.623,57.996,60.121,142.110729,64953747.22,73.855,AA,1377.964,42.638,1638.27
2024-05,VN,Vietnam,2.211,2.211,3.123,3.123,5.676,72.02,6.39,53.656,100.04,65.064,68.072,23556.583267,47063684.75,70.569,AAA,1448.637,42.638,1638.27
2024-05,BR,Brazil,1.57,1.57,4.82,4.82,6.261,66.93,6.94,50.252,97.752,61.403,63.953,4.785096,23917204.73,118.362,AAA,1412.028,42.638,1638.27
2024-05,KR,South Korea,1.698,1.698,3.781,3.781,5.811,87.884,6.83,51.942,98.209,62.134,64.776,1300.077586,-19612326.64,42.216,AA,1419.342,42.638,1638.27
2024-05,MX,Mexico,2.387,2.387,4.382,4.382,6.306,74.345,6.24,54.633,100.666,66.066,69.199,16.696172,-7869341.24,93.435,AAA,1458.659,42.638,1638.27
2024-05,TH,Thailand,3.237,3.237,0.576,0.576,4.731,72.84,5.512,58.733,103.702,70.923,74.663,34.522315,-18686122.71,43.84,BB,1507.23,42.638,1638.27
2024-05,PL,Poland,3.137,3.137,5.57,5.57,6.891,77.781,5.597,58.487,103.348,70.357,74.026,3.82126,63896275.21,79.195,AAA,1501.566,42.638,1638.27
2024-05,TR,Turkey,2.912,2.912,53.709,53.709,28.446,71.246,5.79,57.061,102.543,69.069,72.578,26.410667,43801102.07,89.505,AAA,1488.693,42.638,1638.27
2024-05,ZA,South Africa,3.509,3.509,5.42,5.42,6.846,64.029,5.278,59.644,104.674,72.479,76.414,17.882452,-883583.74,74.32,A,1522.792,42.638,1638.27
2024-05,AU,Australia,2.107,2.107,3.16,3.16,5.901,79.814,6.48,53.536,99.668,64.469,67.403,1.457533,27718613.46,36.658,AA,1442.694,42.638,1638.27
2024-05,CA,Canada,2.247,2.247,3.818,3.818,5.946,82.096,6.36,54.335,100.168,65.269,68.303,1.303946,72494576.53,26.018,A,1450.69,42.638,1638.27
2024-06,IN,India,1.229,1.229,4.388,4.388,6.63,76.107,7.232,49.045,96.532,59.452,61.758,79.408148,5958676.89,37.192,AA,1396.518,41.501,1651.135
2024-06,CN,China,0.974,0.974,1.678,1.678,5.145,92.089,7.451,48.622,95.623,57.996,60.121,6.968384,68019045.93,72.182,A,1381.964,41.501,1651.135
2024-06,US,United States,0.913,0.913,3.393,3.393,5.865,85.168,7.503,47.965,95.403,57.645,59.726,0.964176,13453644.15,67.983,AA,1378.454,41.501,1651.135
2024-06,DE,Germany,1.133,1.133,2.355,2.355,5.46,89.546,7.314,49.266,96.19,58.904,61.142,0.884537,37673591.55,80.155,BB,1391.041,41.501,1651.135
2024-06,JP,Japan,1.048,1.048,2.304,2.304,5.37,87.408,7.387,48.74,95.886,58.417,60.595,142.676841,-17225081.88,77.669,A,1386.174,41.501,1651.135
2024-06,VN,Vietnam,2.071,2.071,2.834,2.834,5.685,71.768,6.51,52.957,99.54,64.265,67.173,23860.599794,32772373.02,126.201,BBB,1444.647,41.501,1651.135
2024-06,BR,Brazil,1.698,1.698,3.938,3.938,6.27,67.147,6.83,50.892,98.209,62.134,64.776,4.865977,39532469.64,109.317,AAA,1423.342,41.501,1651.135
2024-06,KR,South Korea,1.831,1.831,2.918,2.918,5.82,88.18,6.716,52.607,98.684,62.894,65.631,1290.58275,35330135.24,99.117,A,1430.941,41.501,1651.135
2024-06,MX,Mexico,2.524,2.524,4.329,4.329,6.315,74.6,6.122,55.321,101.158,66.852,70.084,16.597499,77011027.15,126.425,AAA,1470.521,41.501,1651.135
2024-06,TH,Thailand,3.325,3.325,0.831,0.831,4.74,72.997,5.435,59.176,104.019,71.43,75.234,34.521057,75712845.25,84.428,BBB,1516.303,41.501,1651.135
2024-06,PL,Poland,3.237,3.237,5.435,5.435,6.9,77.969,5.512,58.983,103.702,70.923,74.663,3.817209,-5782227.45,111.008,BBB,1511.23,41.501,1651.135
2024-06,TR,Turkey,3.029,3.029,53.076,53.076,28.455,71.451,5.69,57.645,102.96,69.737,73.329,26.064609,9980529.58,47.547,BBB,1499.366,41.501,1651.135
2024-06,ZA,South Africa,3.453,3.453,5.274,5.274,6.855,63.942,5.326,59.364,104.474,72.158,76.053,17.801168,45918724.19,41.76,A,1523.583,41.501,1651.135
2024-06,AU,Australia,2.247,2.247,3.337,3.337,5.91,80.094,6.36,54.235,100.168,65.269,68.303,1.471369,42425493.29,25.56,AAA,1454.69,41.501,1651.135
2024-06,CA,Canada,2.387,2.387,3.049,3.049,5.955,82.382,6.24,55.033,100.666,66.066,69.199,1.29815,70109918.96,129.547,AAA,1462.659,41.501,1651.135
2024-07,IN,India,1.335,1.335,4.56,4.56,6.624,76.312,7.142,49.573,96.909,60.055,62.437,80.584735,-3982335.77,55.248,BB,1406.549,40.476,1664.01
2024-07,CN,China,1.048,1.048,1.446,1.446,5.139,92.264,7.387,48.99,95.886,58.417,60.595,6.860366,54731735.81,118.873,A,1390.174,40.476,1664.01
2024-07,US,United States,0.974,0.974,2.969,2.969,5.859,85.304,7.451,48.272,95.623,57.996,60.121,0.961362,-16132477.84,107.499,BBB,1385.964,40.476,1664.01
2024-07,DE,Germany,1.229,1.229,1.892,1.892,5.454,89.767,7.232,49.745,96.532,59.452,61.758,0.885367,21267257.88,128.309,A,1400.518,40.476,1664.01
2024-07,JP,Japan,1.133,1.133,2.128,2.128,5.364,87.6,7.314,49.166,96.19,58.904,61.142,145.463583,-19665468.54,121.921,BB,1395.041,40.476,1664.01
2024-07,VN,Vietnam,1.933,1.933,3.016,3.016,5.679,71.519,6.629,52.264,99.046,63.473,66.282,23641.97236,-9016910.04,126.877,AAA,1440.731,40.476,1664.01
2024-07,BR,Brazil,1.831,1.831,3.965,3.965,6.264,67.374,6.716,51.557,98.684,62.894,65.631,4.800624,38627233.63,51.778,BBB,1434.941,40.476,1664.01
2024-07,KR,South Korea,1.968,1.968,2.889,2.889,5.814,88.484,6.599,53.291,99.172,63.675,66.51,1284.033834,34532702.11,45.697,AAA,1442.752,40.476,1664.01
2024-07,MX,Mexico,2.658,2.658,4.352,4.352,6.309,74.848,6.007,55.992,101.637,67.62,70.947,16.722786,6995129.12,39.412,AA,1482.198,40.476,1664.01
2024-07,TH,Thailand,3.403,3.403,0.724,0.724,4.734,73.135,5.369,59.564,104.296,71.873,75.732,34.25192,40065733.44,58.869,A,1524.733,40.476,1664.01
2024-07,PL,Poland,3.325,3.325,5.691,5.691,6.894,78.138,5.435,59.426,104.019,71.43,75.234,3.841006,65063508.06,107.445,BB,1520.303,40.476,1664.01
2024-07,TR,Turkey,3.137,3.137,53.219,53.219,28.449,71.64,5.597,58.187,103.348,70.357,74.026,26.016303,55480219.09,74.403,BB,1509.566,40.476,1664.01
2024-07,ZA,South Africa,3.384,3.384,5.3,5.3,6.849,63.835,5.385,59.02,104.229,71.766,75.612,17.839602,-14529095.2,94.018,AA,1523.66,40.476,1664.01
2024-07,AU,Australia,2.387,2.387,3.064,3.064,5.904,80.373,6.24,54.933,100.666,66.066,69.199,1.484492,33494354.95,105.837,BB,1466.659,40.476,1664.01
2024-07,CA,Canada,2.524,2.524,3.599,3.599,5.949,82.664,6.122,55.721,101.158,66.852,70.084,1.302225,69153267.48,94.807,BB,1474.521,40.476,1664.01
2024-08,IN,India,1.449,1.449,4.764,4.764,6.602,76.535,7.044,50.144,97.317,60.707,63.171,80.763299,-16634790.65,79.518,A,1417.074,39.571,1676.787
2024-08,CN,China,1.133,1.133,1.623,1.623,5.117,92.466,7.314,49.416,96.19,58.904,61.142,6.783743,43948539.53,93.85,AAA,1399.041,39.571,1676.787
2024-08,US,United States,1.048,1.048,2.852,2.852,5.837,85.466,7.387,48.64,95.886,58.417,60.595,0.979917,73439709.97,47.559,BBB,1394.174,39.571,1676.787
2024-08,DE,Germany,1.335,1.335,2.003,2.003,5.432,90.01,7.142,50.273,96.909,60.055,62.437,0.895606,5200422.87,83.139,AA,1410.549,39.571,1676.787
2024-08,JP,Japan,1.229,1.229,1.685,1.685,5.342,87.815,7.232,49.645,96.532,59.452,61.758,144.548274,22529802.96,119.318,BBB,1404.518,39.571,1676.787
2024-08,VN,Vietnam,1.797,1.797,2.517,2.517,5.657,71.274,6.745,51.585,98.56,62.697,65.409,23620.025707,-9296694.23,78.105,AAA,1436.968,39.571,1676.787
2024-08,BR,Brazil,1.968,1.968,3.829,3.829,6.242,67.606,6.599,52.241,99.172,63.675,66.51,4.813168,9809800.95,70.634,BBB,1446.752,39.571,1676.787
2024-08,KR,South Korea,2.107,2.107,3.096,3.096,5.792,88.793,6.48,53.986,99.668,64.469,67.403,1266.77211,14615020.11,95.084,AAA,1454.694,39.571,1676.787
2024-08,MX,Mexico,2.788,2.788,3.511,3.511,6.287,75.088,5.896,56.641,102.101,68.361,71.782,16.58382,31646055.56,77.4,A,1493.613,39.571,1676.787
2024-08,TH,Thailand,3.468,3.468,0.272,0.272,4.712,73.251,5.313,59.892,104.53,72.248,76.154,34.293035,-249310.39,40.947,BB,1532.476,39.571,1676.787
2024-08,PL,Poland,3.403,3.403,5.172,5.172,6.872,78.285,5.369,59.814,104.296,71.873,75.732,3.879005,303621.63,49.703,AA,1528.733,39.571,1676.787
2024-08,TR,Turkey,3.237,3.237,53.339,53.339,28.427,71.814,5.512,58.683,103.702,70.923,74.663,26.085402,29797362.87,98.946,BBB,1519.23,39.571,1676.787
2024-08,ZA,South Africa,3.304,3.304,5.396,5.396,6.827,63.711,5.454,58.618,103.941,71.306,75.094,17.805914,29190203.72,92.122,AA,1523.06,39.571,1676.787
2024-08,AU,Australia,2.524,2.524,3.172,3.172,5.882,80.648,6.122,55.621,101.158,66.852,70.084,1.462648,22401917.79,111.046,AA,1478.521,39.571,1676.787
2024-08,CA,Canada,2.658,2.658,3.327,3.327,5.927,82.94,6.007,56.392,101.637,67.62,70.947,1.309823,55910786.23,81.612,AAA,1486.198,39.571,1676.787
2024-09,IN,India,1.57,1.57,4.334,4.334,6.565,76.772,6.94,50.752,97.752,61.403,63.953,80.522224,34820175.84,41.296,AA,1428.028,38.793,1689.356
2024-09,CN,China,1.229,1.229,1.5,1.5,5.08,92.694,7.232,49.895,96.532,59.452,61.758,6.772132,5143115.77,77.515,BB,1408.518,38.793,1689.356
2024-09,US,United States,1.133,1.133,2.838,2.838,5.8,85.653,7.314,49.066,96.19,58.904,61.142,0.947191,53152674.56,106.836,AAA,1403.041,38.793,1689.356
2024-09,DE,Germany,1.449,1.449,1.899,1.899,5.395,90.272,7.044,50.844,97.317,60.707,63.171,0.897925,73728666.03,90.712,BBB,1421.074,38.793,1689.356
2024-09,JP,Japan,1.335,1.335,1.697,1.697,5.305,88.053,7.142,50.173,96.909,60.055,62.437,141.035242,-13478340.25,113.446,A,1414.549,38.793,1689.356
2024-09,VN,Vietnam,1.665,1.665,2.289,2.289,5.62,71.037,6.858,50.926,98.09,61.943,64.561,23922.370059,-3883931.51,67.774,AAA,1433.434,38.793,1689.356
2024-09,BR,Brazil,2.107,2.107,3.682,3.682,6.205,67.842,6.48,52.936,99.668,64.469,67.403,4.779517,56454447.69,75.573,BBB,1458.694,38.793,1689.356
2024-09,KR,South Korea,2.247,2.247,2.881,2.881,5.755,89.105,6.36,54.685,100.168,65.269,68.303,1303.670254,-19652246.62,112.604,BB,1466.69,38.793,1689.356
2024-09,MX,Mexico,2.912,2.912,4.162,4.162,6.25,75.317,5.79,57.261,102.543,69.069,72.578,16.648673,39096796.45,25.915,BB,1504.693,38.793,1689.356
2024-09,TH,Thailand,3.521,3.521,0.444,0.444,4.675,73.345,5.268,60.156,104.718,72.55,76.493,34.103946,-9254436.61,29.795,AA,1539.496,38.793,1689.356
2024-09,PL,Poland,3.468,3.468,4.84,4.84,6.835,78.41,5.313,60.142,104.53,72.248,76.154,3.862791,43870346.02,59.99,A,1536.476,38.793,1689.356
2024-09,TR,Turkey,3.325,3.325,53.247,53.247,28.39,71.969,5.435,59.126,104.019,71.43,75.234,26.264612,63463733.62,72.934,AA,1528.303,38.793,1689.356
2024-09,ZA,South Africa,3.212,3.212,5.321,5.321,6.79,63.569,5.533,58.16,103.614,70.783,74.506,17.650622,18819182.16,79.971,BBB,1521.831,38.793,1689.356
2024-09,AU,Australia,2.658,2.658,3.447,3.447,5.845,80.917,6.007,56.292,101.637,67.62,70.947,1.471655,9744215.21,38.824,BB,1490.198,38.793,1689.356
2024-09,CA,Canada,2.788,2.788,3.069,3.069,5.89,83.206,5.896,57.041,102.101,68.361,71.782,1.295828,71400225.55,102.508,BBB,1497.613,38.793,1689.356
2024-10,IN,India,1.698,1.698,4.003,4.003,6.513,77.022,6.83,51.392,98.209,62.134,64.776,80.083499,68272947.85,108.987,BB,1439.342,38.149,1701.613
2024-10,CN,China,1.335,1.335,0.703,0.703,5.028,92.945,7.142,50.423,96.909,60.055,62.437,6.898686,43206925.9,123.603,A,1418.549,38.149,1701.613
2024-10,US,United States,1.229,1.229,2.727,2.727,5.748,85.864,7.232,49.545,96.532,59.452,61.758,0.957766,62334107.86,32.975,A,1412.518,38.149,1701.613
2024-10,DE,Germany,1.57,1.57,1.87,1.87,5.343,90.552,6.94,51.452,97.752,61.403,63.953,0.880561,26519920.98,87.332,A,1432.028,38.149,1701.613
2024-10,JP,Japan,1.449,1.449,2.182,2.182,5.253,88.31,7.044,50.744,97.317,60.707,63.171,147.237926,6726616.26,51.675,AA,1425.074,38.149,1701.613
2024-10,VN,Vietnam,1.539,1.539,2.39,2.39,5.568,70.809,6.967,50.293,97.638,61.221,63.748,23817.222451,54629216.01,59.94,A,1430.206,38.149,1701.613
2024-10,BR,Brazil,2.247,2.247,3.756,3.756,6.153,68.08,6.36,53.635,100.168,65.269,68.303,4.714097,-17636241.68,85.202,BBB,1470.69,38.149,1701.613
2024-10,KR,South Korea,2.387,2.387,2.788,2.788,5.703,89.415,6.24,55.383,100.666,66.066,69.199,1287.985829,50441507.95,62.001,A,1478.659,38.149,1701.613
2024-10,MX,Mexico,3.029,3.029,3.7,3.7,6.198,75.533,5.69,57.845,102.96,69.737,73.329,16.801387,24881411.6,67.646,AAA,1515.366,38.149,1701.613
2024-10,TH,Thailand,3.561,3.561,0.289,0.289,4.623,73.415,5.234,60.354,104.86,72.776,76.748,34.23154,-13020641.55,62.984,BB,1545.761,38.149,1701.613
2024-10,PL,Poland,3.521,3.521,4.833,4.833,6.783,78.51,5.268,60.406,104.718,72.55,76.493,3.848315,34620860.78,60.308,BB,1543.496,38.149,1701.613
2024-10,TR,Turkey,3.403,3.403,53.206,53.206,28.338,72.105,5.369,59.514,104.296,71.873,75.732,26.270417,49603067.68,80.27,AAA,1536.733,38.149,1701.613
2024-10,ZA,South Africa,3.11,3.11,4.962,4.962,6.738,63.411,5.62,57.652,103.251,70.202,73.853,18.170712,77494301.74,52.717,AA,1520.023,38.149,1701.613
2024-10,AU,Australia,2.788,2.788,2.849,2.849,5.793,81.176,5.896,56.941,102.101,68.361,71.782,1.46564,41390933.57,90.249,BBB,1501.613,38.149,1701.613
2024-10,CA,Canada,2.912,2.912,3.026,3.026,5.838,83.46,5.79,57.661,102.543,69.069,72.578,1.296245,59189428.06,82.201,AA,1508.693,38.149,1701.613
2024-11,IN,India,1.831,1.831,4.574,4.574,6.448,77.281,6.716,52.057,98.684,62.894,65.631,80.490661,54596396.52,112.694,BB,1450.941,37.644,1713.456
2024-11,CN,China,1.449,1.449,0.937,0.937,4.963,93.216,7.044,50.994,97.317,60.707,63.171,6.907889,58534664.08,94.854,BBB,1429.074,37.644,1713.456
2024-11,US,United States,1.335,1.335,2.475,2.475,5.683,86.096,7.142,50.073,96.909,60.055,62.437,0.959731,-5780644.91,105.924,A,1422.549,37.644,1713.456
2024-11,DE,Germany,1.698,1.698,2.192,2.192,5.278,90.847,6.83,52.092,98.209,62.134,64.776,0.891511,69097051.82,115.572,BB,1443.342,37.644,1713.456
2024-11,JP,Japan,1.57,1.57,1.609,1.609,5.188,88.584,6.94,51.352,97.752,61.403,63.953,144.229972,16276845.73,39.156,A,1436.028,37.644,1713.456
2024-11,VN,Vietnam,1.419,1.419,2.227,2.227,5.503,70.594,7.07,49.694,97.21,60.536,62.978,23700.37786,43842407.77,67.008,A,1427.356,37.644,1713.456
2024-11,BR,Brazil,2.387,2.387,3.832,3.832,6.088,68.317,6.24,54.333,100.666,66.066,69.199,4.777685,-15592179.44,69.95,A,1482.659,37.644,1713.456
2024-11,KR,South Korea,2.524,2.524,2.765,2.765,5.638,89.721,6.122,56.071,101.158,66.852,70.084,1273.248087,47756761.51,57.752,BB,1490.521,37.644,1713.456
2024-11,MX,Mexico,3.137,3.137,3.759,3.759,6.133,75.734,5.597,58.387,103.348,70.357,74.026,16.750953,54637628.69,97.205,AAA,1525.566,37.644,1713.456
2024-11,TH,Thailand,3.587,3.587,0.494,0.494,4.558,73.462,5.211,60.484,104.953,72.925,76.915,34.329323,-2628830.65,60.806,BBB,1551.249,37.644,1713.456
2024-11,PL,Poland,3.561,3.561,4.788,4.788,6.718,78.586,5.234,60.604,104.86,72.776,76.748,3.823229,13941684.4,92.583,BBB,1549.761,37.644,1713.456
2024-11,TR,Turkey,3.468,3.468,53.131,53.131,28.273,72.22,5.313,59.842,104.53,72.248,76.154,26.202818,28551465.34,81.056,AAA,1544.476,37.644,1713.456
2024-11,ZA,South Africa,3.0,3.0,4.474,4.474,6.673,63.239,5.715,57.098,102.856,69.57,73.141,18.056173,60216169.65,70.503,AAA,1517.696,37.644,1713.456
2024-11,AU,Australia,2.912,2.912,2.819,2.819,5.728,81.424,5.79,57.561,102.543,69.069,72.578,1.478429,-1473317.83,92.724,AAA,1512.693,37.644,1713.456
2024-11,CA,Canada,3.029,3.029,2.807,2.807,5.773,83.699,5.69,58.245,102.96,69.737,73.329,1.298458,11517234.38,60.113,A,1519.366,37.644,1713.456
2024-12,IN,India,1.968,1.968,4.397,4.397,6.37,77.548,6.599,52.741,99.172,63.675,66.51,80.759349,14471185.97,63.721,BB,1462.752,37.282,1724.787
2024-12,CN,China,1.57,1.57,1.278,1.278,4.885,93.505,6.94,51.602,97.752,61.403,63.953,6.887113,25971961.7,67.043,AA,1440.028,37.282,1724.787
2024-12,US,United States,1.449,1.449,2.63,2.63,5.605,86.347,7.044,50.644,97.317,60.707,63.171,0.976022,57056439.1,54.426,A,1433.074,37.282,1724.787
2024-12,DE,Germany,1.831,1.831,1.81,1.81,5.2,91.152,6.716,52.757,98.684,62.894,65.631,0.889607,12408858.95,91.557,BBB,1454.941,37.282,1724.787
2024-12,JP,Japan,1.698,1.698,1.632,1.632,5.11,88.872,6.83,51.992,98.209,62.134,64.776,143.390556,56712349.32,50.261,BB,1447.342,37.282,1724.787
2024-12,VN,Vietnam,1.307,1.307,2.174,2.174,5.425,70.392,7.166,49.133,96.809,59.895,62.257,23646.661025,-18367406.48,49.019,AA,1424.951,37.282,1724.787
2024-12,BR,Brazil,2.524,2.524,3.638,3.638,6.01,68.551,6.122,55.021,101.158,66.852,70.084,4.844825,19230087.31,93.434,BB,1494.521,37.282,1724.787
2024-12,KR,South Korea,2.658,2.658,2.672,2.672,5.56,90.02,6.007,56.742,101.637,67.62,70.947,1281.695313,43440968.82,55.086,A,1502.198,37.282,1724.787
2024-12,MX,Mexico,3.237,3.237,3.509,3.509,6.055,75.918,5.512,58.883,103.702,70.923,74.663,16.672278,44545491.11,97.581,AA,1535.23,37.282,1724.787
2024-12,TH,Thailand,3.599,3.599,0.36,0.36,4.48,73.483,5.201,60.545,104.997,72.994,76.994,34.646086,42052587.83,125.354,BB,1555.945,37.282,1724.787
2024-12,PL,Poland,3.587,3.587,4.956,4.956,6.64,78.635,5.211,60.734,104.953,72.925,76.915,3.847823,51975890.92,71.799,BB,1555.249,37.282,1724.787
2024-12,TR,Turkey,3.521,3.521,52.628,52.628,28.195,72.312,5.268,60.106,104.718,72.55,76.493,26.406113,-7873411.98,32.433,AA,1551.496,37.282,1724.787
2024-12,ZA,South Africa,2.881,2.881,4.901,4.901,6.595,63.055,5.816,56.505,102.432,68.891,72.378,17.742239,63503966.75,80.81,BB,1514.912,37.282,1724.787
2024-12,AU,Australia,3.029,3.029,3.036,3.036,5.65,81.658,5.69,58.145,102.96,69.737,73.329,1.480019,43752043.74,28.625,BBB,1523.366,37.282,1724.787
2024-12,CA,Canada,3.137,3.137,2.946,2.946,5.695,83.922,5.597,58.787,103.348,70.357,74.026,1.311975,-11921683.23,123.379,BBB,1529.566,37.282,1724.787
